/*
SQLyog Ultimate v11.24 (32 bit)
MySQL - 5.6.39 : Database - venice_shop
*********************************************************************
*/


/*!40101 SET NAMES utf8 */;

/*!40101 SET SQL_MODE=''*/;

/*!40014 SET @OLD_UNIQUE_CHECKS=@@UNIQUE_CHECKS, UNIQUE_CHECKS=0 */;
/*!40101 SET @OLD_SQL_MODE=@@SQL_MODE, SQL_MODE='NO_AUTO_VALUE_ON_ZERO' */;
/*!40111 SET @OLD_SQL_NOTES=@@SQL_NOTES, SQL_NOTES=0 */;
/*Table structure for table `QRTZ_BLOB_TRIGGERS` */

DROP TABLE IF EXISTS `QRTZ_BLOB_TRIGGERS`;

CREATE TABLE `QRTZ_BLOB_TRIGGERS` (
  `SCHED_NAME` varchar(120) NOT NULL,
  `TRIGGER_NAME` varchar(200) NOT NULL,
  `TRIGGER_GROUP` varchar(200) NOT NULL,
  `BLOB_DATA` blob,
  PRIMARY KEY (`SCHED_NAME`,`TRIGGER_NAME`,`TRIGGER_GROUP`),
  KEY `SCHED_NAME` (`SCHED_NAME`,`TRIGGER_NAME`,`TRIGGER_GROUP`),
  CONSTRAINT `QRTZ_BLOB_TRIGGERS_ibfk_1` FOREIGN KEY (`SCHED_NAME`, `TRIGGER_NAME`, `TRIGGER_GROUP`) REFERENCES `QRTZ_TRIGGERS` (`SCHED_NAME`, `TRIGGER_NAME`, `TRIGGER_GROUP`)
) ENGINE=InnoDB DEFAULT CHARSET=utf8;

/*Data for the table `QRTZ_BLOB_TRIGGERS` */

/*Table structure for table `QRTZ_CALENDARS` */

DROP TABLE IF EXISTS `QRTZ_CALENDARS`;

CREATE TABLE `QRTZ_CALENDARS` (
  `SCHED_NAME` varchar(120) NOT NULL,
  `CALENDAR_NAME` varchar(200) NOT NULL,
  `CALENDAR` blob NOT NULL,
  PRIMARY KEY (`SCHED_NAME`,`CALENDAR_NAME`)
) ENGINE=InnoDB DEFAULT CHARSET=utf8;

/*Data for the table `QRTZ_CALENDARS` */

/*Table structure for table `QRTZ_CRON_TRIGGERS` */

DROP TABLE IF EXISTS `QRTZ_CRON_TRIGGERS`;

CREATE TABLE `QRTZ_CRON_TRIGGERS` (
  `SCHED_NAME` varchar(120) NOT NULL,
  `TRIGGER_NAME` varchar(200) NOT NULL,
  `TRIGGER_GROUP` varchar(200) NOT NULL,
  `CRON_EXPRESSION` varchar(120) NOT NULL,
  `TIME_ZONE_ID` varchar(80) DEFAULT NULL,
  PRIMARY KEY (`SCHED_NAME`,`TRIGGER_NAME`,`TRIGGER_GROUP`),
  CONSTRAINT `QRTZ_CRON_TRIGGERS_ibfk_1` FOREIGN KEY (`SCHED_NAME`, `TRIGGER_NAME`, `TRIGGER_GROUP`) REFERENCES `QRTZ_TRIGGERS` (`SCHED_NAME`, `TRIGGER_NAME`, `TRIGGER_GROUP`)
) ENGINE=InnoDB DEFAULT CHARSET=utf8;

/*Data for the table `QRTZ_CRON_TRIGGERS` */

/*Table structure for table `QRTZ_FIRED_TRIGGERS` */

DROP TABLE IF EXISTS `QRTZ_FIRED_TRIGGERS`;

CREATE TABLE `QRTZ_FIRED_TRIGGERS` (
  `SCHED_NAME` varchar(120) NOT NULL,
  `ENTRY_ID` varchar(95) NOT NULL,
  `TRIGGER_NAME` varchar(200) NOT NULL,
  `TRIGGER_GROUP` varchar(200) NOT NULL,
  `INSTANCE_NAME` varchar(200) NOT NULL,
  `FIRED_TIME` bigint(13) NOT NULL,
  `SCHED_TIME` bigint(13) NOT NULL,
  `PRIORITY` int(11) NOT NULL,
  `STATE` varchar(16) NOT NULL,
  `JOB_NAME` varchar(200) DEFAULT NULL,
  `JOB_GROUP` varchar(200) DEFAULT NULL,
  `IS_NONCONCURRENT` varchar(1) DEFAULT NULL,
  `REQUESTS_RECOVERY` varchar(1) DEFAULT NULL,
  PRIMARY KEY (`SCHED_NAME`,`ENTRY_ID`),
  KEY `IDX_QRTZ_FT_TRIG_INST_NAME` (`SCHED_NAME`,`INSTANCE_NAME`),
  KEY `IDX_QRTZ_FT_INST_JOB_REQ_RCVRY` (`SCHED_NAME`,`INSTANCE_NAME`,`REQUESTS_RECOVERY`),
  KEY `IDX_QRTZ_FT_J_G` (`SCHED_NAME`,`JOB_NAME`,`JOB_GROUP`),
  KEY `IDX_QRTZ_FT_JG` (`SCHED_NAME`,`JOB_GROUP`),
  KEY `IDX_QRTZ_FT_T_G` (`SCHED_NAME`,`TRIGGER_NAME`,`TRIGGER_GROUP`),
  KEY `IDX_QRTZ_FT_TG` (`SCHED_NAME`,`TRIGGER_GROUP`)
) ENGINE=InnoDB DEFAULT CHARSET=utf8;

/*Data for the table `QRTZ_FIRED_TRIGGERS` */

/*Table structure for table `QRTZ_JOB_DETAILS` */

DROP TABLE IF EXISTS `QRTZ_JOB_DETAILS`;

CREATE TABLE `QRTZ_JOB_DETAILS` (
  `SCHED_NAME` varchar(120) NOT NULL,
  `JOB_NAME` varchar(200) NOT NULL,
  `JOB_GROUP` varchar(200) NOT NULL,
  `DESCRIPTION` varchar(250) DEFAULT NULL,
  `JOB_CLASS_NAME` varchar(250) NOT NULL,
  `IS_DURABLE` varchar(1) NOT NULL,
  `IS_NONCONCURRENT` varchar(1) NOT NULL,
  `IS_UPDATE_DATA` varchar(1) NOT NULL,
  `REQUESTS_RECOVERY` varchar(1) NOT NULL,
  `JOB_DATA` blob,
  PRIMARY KEY (`SCHED_NAME`,`JOB_NAME`,`JOB_GROUP`),
  KEY `IDX_QRTZ_J_REQ_RECOVERY` (`SCHED_NAME`,`REQUESTS_RECOVERY`),
  KEY `IDX_QRTZ_J_GRP` (`SCHED_NAME`,`JOB_GROUP`)
) ENGINE=InnoDB DEFAULT CHARSET=utf8;

/*Data for the table `QRTZ_JOB_DETAILS` */

/*Table structure for table `QRTZ_LOCKS` */

DROP TABLE IF EXISTS `QRTZ_LOCKS`;

CREATE TABLE `QRTZ_LOCKS` (
  `SCHED_NAME` varchar(120) NOT NULL,
  `LOCK_NAME` varchar(40) NOT NULL,
  PRIMARY KEY (`SCHED_NAME`,`LOCK_NAME`)
) ENGINE=InnoDB DEFAULT CHARSET=utf8;

/*Data for the table `QRTZ_LOCKS` */

/*Table structure for table `QRTZ_PAUSED_TRIGGER_GRPS` */

DROP TABLE IF EXISTS `QRTZ_PAUSED_TRIGGER_GRPS`;

CREATE TABLE `QRTZ_PAUSED_TRIGGER_GRPS` (
  `SCHED_NAME` varchar(120) NOT NULL,
  `TRIGGER_GROUP` varchar(200) NOT NULL,
  PRIMARY KEY (`SCHED_NAME`,`TRIGGER_GROUP`)
) ENGINE=InnoDB DEFAULT CHARSET=utf8;

/*Data for the table `QRTZ_PAUSED_TRIGGER_GRPS` */

/*Table structure for table `QRTZ_SCHEDULER_STATE` */

DROP TABLE IF EXISTS `QRTZ_SCHEDULER_STATE`;

CREATE TABLE `QRTZ_SCHEDULER_STATE` (
  `SCHED_NAME` varchar(120) NOT NULL,
  `INSTANCE_NAME` varchar(200) NOT NULL,
  `LAST_CHECKIN_TIME` bigint(13) NOT NULL,
  `CHECKIN_INTERVAL` bigint(13) NOT NULL,
  PRIMARY KEY (`SCHED_NAME`,`INSTANCE_NAME`)
) ENGINE=InnoDB DEFAULT CHARSET=utf8;

/*Data for the table `QRTZ_SCHEDULER_STATE` */

/*Table structure for table `QRTZ_SIMPLE_TRIGGERS` */

DROP TABLE IF EXISTS `QRTZ_SIMPLE_TRIGGERS`;

CREATE TABLE `QRTZ_SIMPLE_TRIGGERS` (
  `SCHED_NAME` varchar(120) NOT NULL,
  `TRIGGER_NAME` varchar(200) NOT NULL,
  `TRIGGER_GROUP` varchar(200) NOT NULL,
  `REPEAT_COUNT` bigint(7) NOT NULL,
  `REPEAT_INTERVAL` bigint(12) NOT NULL,
  `TIMES_TRIGGERED` bigint(10) NOT NULL,
  PRIMARY KEY (`SCHED_NAME`,`TRIGGER_NAME`,`TRIGGER_GROUP`),
  CONSTRAINT `QRTZ_SIMPLE_TRIGGERS_ibfk_1` FOREIGN KEY (`SCHED_NAME`, `TRIGGER_NAME`, `TRIGGER_GROUP`) REFERENCES `QRTZ_TRIGGERS` (`SCHED_NAME`, `TRIGGER_NAME`, `TRIGGER_GROUP`)
) ENGINE=InnoDB DEFAULT CHARSET=utf8;

/*Data for the table `QRTZ_SIMPLE_TRIGGERS` */

/*Table structure for table `QRTZ_SIMPROP_TRIGGERS` */

DROP TABLE IF EXISTS `QRTZ_SIMPROP_TRIGGERS`;

CREATE TABLE `QRTZ_SIMPROP_TRIGGERS` (
  `SCHED_NAME` varchar(120) NOT NULL,
  `TRIGGER_NAME` varchar(200) NOT NULL,
  `TRIGGER_GROUP` varchar(200) NOT NULL,
  `STR_PROP_1` varchar(512) DEFAULT NULL,
  `STR_PROP_2` varchar(512) DEFAULT NULL,
  `STR_PROP_3` varchar(512) DEFAULT NULL,
  `INT_PROP_1` int(11) DEFAULT NULL,
  `INT_PROP_2` int(11) DEFAULT NULL,
  `LONG_PROP_1` bigint(20) DEFAULT NULL,
  `LONG_PROP_2` bigint(20) DEFAULT NULL,
  `DEC_PROP_1` decimal(13,4) DEFAULT NULL,
  `DEC_PROP_2` decimal(13,4) DEFAULT NULL,
  `BOOL_PROP_1` varchar(1) DEFAULT NULL,
  `BOOL_PROP_2` varchar(1) DEFAULT NULL,
  PRIMARY KEY (`SCHED_NAME`,`TRIGGER_NAME`,`TRIGGER_GROUP`),
  CONSTRAINT `QRTZ_SIMPROP_TRIGGERS_ibfk_1` FOREIGN KEY (`SCHED_NAME`, `TRIGGER_NAME`, `TRIGGER_GROUP`) REFERENCES `QRTZ_TRIGGERS` (`SCHED_NAME`, `TRIGGER_NAME`, `TRIGGER_GROUP`)
) ENGINE=InnoDB DEFAULT CHARSET=utf8;

/*Data for the table `QRTZ_SIMPROP_TRIGGERS` */

/*Table structure for table `QRTZ_TRIGGERS` */

DROP TABLE IF EXISTS `QRTZ_TRIGGERS`;

CREATE TABLE `QRTZ_TRIGGERS` (
  `SCHED_NAME` varchar(120) NOT NULL,
  `TRIGGER_NAME` varchar(200) NOT NULL,
  `TRIGGER_GROUP` varchar(200) NOT NULL,
  `JOB_NAME` varchar(200) NOT NULL,
  `JOB_GROUP` varchar(200) NOT NULL,
  `DESCRIPTION` varchar(250) DEFAULT NULL,
  `NEXT_FIRE_TIME` bigint(13) DEFAULT NULL,
  `PREV_FIRE_TIME` bigint(13) DEFAULT NULL,
  `PRIORITY` int(11) DEFAULT NULL,
  `TRIGGER_STATE` varchar(16) NOT NULL,
  `TRIGGER_TYPE` varchar(8) NOT NULL,
  `START_TIME` bigint(13) NOT NULL,
  `END_TIME` bigint(13) DEFAULT NULL,
  `CALENDAR_NAME` varchar(200) DEFAULT NULL,
  `MISFIRE_INSTR` smallint(2) DEFAULT NULL,
  `JOB_DATA` blob,
  PRIMARY KEY (`SCHED_NAME`,`TRIGGER_NAME`,`TRIGGER_GROUP`),
  KEY `IDX_QRTZ_T_J` (`SCHED_NAME`,`JOB_NAME`,`JOB_GROUP`),
  KEY `IDX_QRTZ_T_JG` (`SCHED_NAME`,`JOB_GROUP`),
  KEY `IDX_QRTZ_T_C` (`SCHED_NAME`,`CALENDAR_NAME`),
  KEY `IDX_QRTZ_T_G` (`SCHED_NAME`,`TRIGGER_GROUP`),
  KEY `IDX_QRTZ_T_STATE` (`SCHED_NAME`,`TRIGGER_STATE`),
  KEY `IDX_QRTZ_T_N_STATE` (`SCHED_NAME`,`TRIGGER_NAME`,`TRIGGER_GROUP`,`TRIGGER_STATE`),
  KEY `IDX_QRTZ_T_N_G_STATE` (`SCHED_NAME`,`TRIGGER_GROUP`,`TRIGGER_STATE`),
  KEY `IDX_QRTZ_T_NEXT_FIRE_TIME` (`SCHED_NAME`,`NEXT_FIRE_TIME`),
  KEY `IDX_QRTZ_T_NFT_ST` (`SCHED_NAME`,`TRIGGER_STATE`,`NEXT_FIRE_TIME`),
  KEY `IDX_QRTZ_T_NFT_MISFIRE` (`SCHED_NAME`,`MISFIRE_INSTR`,`NEXT_FIRE_TIME`),
  KEY `IDX_QRTZ_T_NFT_ST_MISFIRE` (`SCHED_NAME`,`MISFIRE_INSTR`,`NEXT_FIRE_TIME`,`TRIGGER_STATE`),
  KEY `IDX_QRTZ_T_NFT_ST_MISFIRE_GRP` (`SCHED_NAME`,`MISFIRE_INSTR`,`NEXT_FIRE_TIME`,`TRIGGER_GROUP`,`TRIGGER_STATE`),
  CONSTRAINT `QRTZ_TRIGGERS_ibfk_1` FOREIGN KEY (`SCHED_NAME`, `JOB_NAME`, `JOB_GROUP`) REFERENCES `QRTZ_JOB_DETAILS` (`SCHED_NAME`, `JOB_NAME`, `JOB_GROUP`)
) ENGINE=InnoDB DEFAULT CHARSET=utf8;

/*Data for the table `QRTZ_TRIGGERS` */

/*Table structure for table `sh_address` */

DROP TABLE IF EXISTS `sh_address`;

CREATE TABLE `sh_address` (
  `id` bigint(20) NOT NULL AUTO_INCREMENT COMMENT '主键ID',
  `create_time` datetime NOT NULL COMMENT '创建时间',
  `optlock` bigint(20) NOT NULL DEFAULT '1' COMMENT '乐观锁',
  `update_time` datetime NOT NULL COMMENT '修改时间',
  `user_name` varchar(50) DEFAULT NULL COMMENT '收货人姓名',
  `tel_number` varchar(60) DEFAULT NULL COMMENT '手机',
  `postal_code` varchar(50) DEFAULT NULL COMMENT '邮编',
  `national_code` varchar(50) DEFAULT NULL COMMENT '收货地址国家码',
  `province_name` varchar(50) DEFAULT NULL COMMENT '省',
  `city_name` varchar(50) DEFAULT NULL COMMENT '市',
  `county_name` varchar(50) DEFAULT NULL COMMENT '区',
  `detail_info` varchar(120) DEFAULT NULL COMMENT '详细收货地址信息',
  `user_id` bigint(20) DEFAULT NULL COMMENT '会员ID',
  `is_default` int(11) DEFAULT NULL COMMENT '是否默认地址',
  `appid` varchar(255) DEFAULT NULL,
  PRIMARY KEY (`id`)
) ENGINE=InnoDB AUTO_INCREMENT=19 DEFAULT CHARSET=utf8mb4 COMMENT='用户地址信息';

/*Data for the table `sh_address` */

insert  into `sh_address`(`id`,`create_time`,`optlock`,`update_time`,`user_name`,`tel_number`,`postal_code`,`national_code`,`province_name`,`city_name`,`county_name`,`detail_info`,`user_id`,`is_default`,`appid`) values (4,'2018-10-14 15:50:45',1,'2018-10-14 21:18:30','林育池','1865924375','36100','36100','福建省','厦门市','思明区','建发国际大厦234234',4,0,'d0cdaaaffb874843b66262ef56b0d759'),(6,'2018-10-14 21:01:07',1,'2018-10-16 22:11:21','林亚希','777778888899999',NULL,NULL,'福建省','厦门市','集美区','666666',4,1,NULL),(7,'2018-10-21 21:24:24',1,'2018-10-21 21:24:24','linyuchi','18659243705',NULL,NULL,'福建省','厦门市','思明区','建发国际大厦',5,1,NULL),(8,'2018-10-22 09:49:29',1,'2018-10-22 09:49:29','林育池','18659243705',NULL,NULL,'福建省','厦门市','思明区','建发国际大厦',6,1,NULL),(9,'2018-10-31 09:22:33',1,'2018-10-31 09:22:33','test','12222222222',NULL,NULL,'福建省','厦门市','思明区','222222',10,1,NULL),(10,'2018-11-02 15:33:08',1,'2018-11-02 15:33:08','gegw','11111111111',NULL,NULL,'福建省','厦门市','思明区','11',11,1,NULL),(11,'2018-12-01 09:55:09',1,'2018-12-01 09:55:09','林育池','18659243705','363100',NULL,'福建省','厦门市','思明区','建发',12,1,NULL),(12,'2018-12-01 10:04:36',1,'2018-12-01 10:04:36','冯小欢','13159470382','363100',NULL,'福建省','厦门市','思明区','海艺大厦',17,1,NULL),(13,'2018-12-07 14:21:25',1,'2018-12-07 14:21:25','洪志艺','13559458889',NULL,NULL,'福建省','厦门市','思明区',NULL,20,0,NULL),(14,'2018-12-09 14:38:31',1,'2018-12-09 14:38:31','罗先生','17759226001',NULL,NULL,'福建省','漳州市','芗城区','611',18,1,NULL),(15,'2018-12-17 20:34:22',1,'2018-12-17 20:34:22','郑兴文','18159560567','363000',NULL,'福建省','漳州市','龙文区','龙文区香榭花都3栋1506室',47,1,NULL),(16,'2018-12-19 20:59:46',1,'2018-12-19 20:59:46','庄文财','15959683306','363000',NULL,'福建省','漳州市','芗城区','天宝镇后塘村上塘15号',61,1,NULL),(17,'2018-12-25 15:35:06',1,'2018-12-25 15:35:06','郑建胜','13159164680','363107',NULL,'福建省','漳州市','龙海市','角美镇吴宅村',21,1,NULL),(18,'2018-12-25 15:37:15',1,'2018-12-25 15:37:15','阿胜','13159164680','000000',NULL,'福建省','厦门市','思明区','888号楼',103,1,NULL);

/*Table structure for table `sh_advert` */

DROP TABLE IF EXISTS `sh_advert`;

CREATE TABLE `sh_advert` (
  `id` bigint(20) NOT NULL AUTO_INCREMENT COMMENT '主键ID',
  `create_time` datetime NOT NULL COMMENT '创建时间',
  `optlock` bigint(20) NOT NULL DEFAULT '1' COMMENT '乐观锁',
  `update_time` datetime NOT NULL COMMENT '修改时间',
  `name` varchar(60) DEFAULT NULL COMMENT '名字',
  `link` varchar(255) DEFAULT NULL COMMENT '链接',
  `content` varchar(255) DEFAULT NULL COMMENT '内容',
  `sort` int(11) DEFAULT NULL COMMENT '排序',
  `media_type` int(11) DEFAULT NULL COMMENT '媒体类型',
  `image_url` varchar(255) DEFAULT NULL COMMENT '图片',
  `end_time` datetime DEFAULT NULL COMMENT '失效时间',
  `display` int(11) DEFAULT '1' COMMENT '启用',
  `appid` varchar(255) DEFAULT NULL COMMENT 'appid',
  PRIMARY KEY (`id`)
) ENGINE=InnoDB AUTO_INCREMENT=25 DEFAULT CHARSET=utf8mb4 COMMENT='广告';

/*Data for the table `sh_advert` */

insert  into `sh_advert`(`id`,`create_time`,`optlock`,`update_time`,`name`,`link`,`content`,`sort`,`media_type`,`image_url`,`end_time`,`display`,`appid`) values (9,'2018-10-16 10:53:03',1,'2018-10-16 10:53:03','123','123',NULL,12,NULL,'http://image.enfunly.com/upload/shadvert/201810161539658377642_8512.jpg','2018-10-16 10:52:58',1,'d0cdaaaffb874843b66262ef56b0d759'),(10,'2018-10-22 09:39:23',1,'2018-11-09 14:11:55','美食人生','pages/goods/goods?id=67',NULL,1,NULL,'http://image.enfunly.com/upload/shadvert/201810221540172335576_8113.jpg','2018-11-30 09:40:22',1,'be2c510b1b5440dc8550c404031e6035'),(11,'2018-11-02 14:11:00',1,'2018-11-07 17:15:51','新增广告','pages/goods/goods?id=54',NULL,5,NULL,'http://image.enfunly.com/upload/shadvert/201811021541139056088_0767.jpg','2018-11-23 14:10:57',1,'7a8aff06e0a441b58dab8ea17d9509f7'),(13,'2018-11-07 00:00:53',1,'2018-12-21 09:26:58','金秋特惠季','pages/category/category?id=37',NULL,1,NULL,'http://image.enfunly.com/upload/shadvert/201812071544186612588_5400.jpg','2019-12-06 23:59:16',0,'d8f0329e3e2844aebf6ef06f6dc42e57'),(14,'2018-11-07 00:19:03',1,'2018-12-21 09:33:14','我和家人有个约会','pages/category/category?id=33',NULL,2,NULL,'http://image.enfunly.com/upload/shadvert/201812211545355974809_0938.jpg','2019-12-31 00:19:09',1,'d8f0329e3e2844aebf6ef06f6dc42e57'),(15,'2018-11-28 23:40:33',1,'2018-11-29 12:55:03','slider1','pages/category/category?id=55',NULL,1,NULL,'http://image.enfunly.com/upload/shadvert/201811291543467275577_8864.jpg','2019-12-31 23:37:16',1,'798fcb91187549a5b3b9338b0e8d9485'),(17,'2018-11-29 00:24:21',1,'2018-11-29 12:54:56','slider2','pages/category/category?id=53',NULL,2,NULL,'http://image.enfunly.com/upload/shadvert/201811291543422455571_2961.jpg','2020-11-30 00:24:49',1,'798fcb91187549a5b3b9338b0e8d9485'),(18,'2018-12-05 23:28:01',1,'2018-12-05 23:28:01','鲜花','pages/category/category?id=62',NULL,1,NULL,'http://image.enfunly.com/upload/shadvert/201812051544023644891_9830.png','2018-12-20 23:27:33',1,'5bea456761b64da081c8e7aae0a47e8d'),(20,'2018-12-17 16:37:54',1,'2018-12-20 18:47:25','冬令营','pages/category/category?id=64',NULL,2,NULL,'http://image.enfunly.com/upload/shadvert/201812201545302752930_3626.jpg','2019-01-15 16:37:21',1,'d8f0329e3e2844aebf6ef06f6dc42e57'),(21,'2018-12-19 14:58:21',1,'2018-12-19 14:58:21','真人CS正规赛','pages/category/category?id=37',NULL,4,NULL,'http://image.enfunly.com/upload/shadvert/201812191545202669608_3080.jpg','2019-12-31 14:57:49',1,'d8f0329e3e2844aebf6ef06f6dc42e57'),(23,'2019-01-10 11:02:32',1,'2019-01-14 15:53:55','test-ad222','baidu.com',NULL,1,NULL,'http://venice-test-bucket.oss-cn-beijing.aliyuncs.com/20190110/1d049905422d4b73a27c4ef8926bf7f5.jpg','2019-01-11 00:00:00',1,'4afd59eac1084c999371d28d06534a75');

/*Table structure for table `sh_brand` */

DROP TABLE IF EXISTS `sh_brand`;

CREATE TABLE `sh_brand` (
  `id` bigint(20) NOT NULL AUTO_INCREMENT COMMENT '主键ID',
  `create_time` datetime NOT NULL COMMENT '创建时间',
  `optlock` bigint(20) NOT NULL DEFAULT '1' COMMENT '乐观锁',
  `update_time` datetime NOT NULL COMMENT '修改时间',
  `name` varchar(60) DEFAULT NULL COMMENT '名字',
  `thumbnail_url` varchar(255) DEFAULT NULL COMMENT '图片',
  `simple_desc` varchar(255) DEFAULT NULL COMMENT '内容',
  `pic_url` varchar(255) NOT NULL COMMENT '图片',
  `sort_order` int(11) DEFAULT NULL COMMENT '排序',
  `is_show` int(11) DEFAULT '1' COMMENT '启用',
  `floor_price` decimal(19,2) DEFAULT NULL COMMENT '最低价格',
  `is_new` int(11) DEFAULT '1' COMMENT '启用',
  `appid` varchar(255) DEFAULT NULL COMMENT 'appid',
  PRIMARY KEY (`id`)
) ENGINE=InnoDB AUTO_INCREMENT=13 DEFAULT CHARSET=utf8mb4 COMMENT='商品品牌';

/*Data for the table `sh_brand` */

insert  into `sh_brand`(`id`,`create_time`,`optlock`,`update_time`,`name`,`thumbnail_url`,`simple_desc`,`pic_url`,`sort_order`,`is_show`,`floor_price`,`is_new`,`appid`) values (4,'2018-09-28 23:54:05',1,'2018-09-28 23:54:05','金蛋','http://venice-test-bucket.oss-cn-beijing.aliyuncs.com/upload/shbrand/201809281538149929870_1400.png','金蛋内容','http://venice-test-bucket.oss-cn-beijing.aliyuncs.com/upload/shbrand/201809281538149926642_2855.png',1,1,'12.00',1,'d0cdaaaffb874843b66262ef56b0d759'),(6,'2018-09-29 20:54:06',1,'2018-09-29 20:54:06','品牌二','http://venice-test-bucket.oss-cn-beijing.aliyuncs.com/upload/shbrand/201809291538225605402_7917.png','品牌描述','http://venice-test-bucket.oss-cn-beijing.aliyuncs.com/upload/shbrand/201809291538225635186_4631.png',1,1,'10.00',1,'d0cdaaaffb874843b66262ef56b0d759'),(7,'2018-10-21 16:49:12',1,'2018-11-09 09:47:42','卡特','http://venice-test-bucket.oss-cn-beijing.aliyuncs.com/upload/shbrand/201810211540111702422_5226.jpg','新款卡特','http://venice-test-bucket.oss-cn-beijing.aliyuncs.com/upload/shbrand/201810211540111741091_4177.jpg',1,1,'100000.00',1,'7a8aff06e0a441b58dab8ea17d9509f7'),(9,'2018-10-29 09:07:04',1,'2018-10-29 09:07:04','天猫','http://venice-test-bucket.oss-cn-beijing.aliyuncs.com/upload/shbrand/201810291540775191541_1782.jpg','双十一','http://venice-test-bucket.oss-cn-beijing.aliyuncs.com/upload/shbrand/201810291540775211966_5915.jpg',1,1,'100.00',1,'d3cd796be2e341039cf3b9e4c79a57aa'),(11,'2019-01-15 11:04:02',1,'2019-01-15 11:04:02','品牌1号','http://venice-test-bucket.oss-cn-beijing.aliyuncs.com/20190115/9ec27c7fafff400d8e1fb61b3be55571.jpg','test','http://venice-test-bucket.oss-cn-beijing.aliyuncs.com/20190115/57fbd0a2ec024bd7b1592487250f6cee.jpg',1,1,'1.00',1,'4afd59eac1084c999371d28d06534a75'),(12,'2019-01-15 11:30:06',1,'2019-01-15 11:30:06','at2222222','http://venice-test-bucket.oss-cn-beijing.aliyuncs.com/20190115/d17210b90fdc4356a23ca7062b1c7b78.jpg','222','http://venice-test-bucket.oss-cn-beijing.aliyuncs.com/20190115/319d52639bd14725a174bb28d6a2c7ad.jpg',2,1,'1.00',1,'4afd59eac1084c999371d28d06534a75');

/*Table structure for table `sh_cart` */

DROP TABLE IF EXISTS `sh_cart`;

CREATE TABLE `sh_cart` (
  `id` bigint(20) NOT NULL AUTO_INCREMENT COMMENT '主键ID',
  `create_time` datetime NOT NULL COMMENT '创建时间',
  `optlock` bigint(20) NOT NULL DEFAULT '1' COMMENT '乐观锁',
  `update_time` datetime NOT NULL COMMENT '修改时间',
  `user_id` bigint(20) DEFAULT NULL COMMENT '会员Id',
  `goods_id` bigint(20) DEFAULT NULL COMMENT '商品Id',
  `product_id` bigint(20) DEFAULT NULL COMMENT '产品id',
  `market_price` decimal(19,2) DEFAULT NULL COMMENT '市场价',
  `retail_price` decimal(19,2) DEFAULT NULL COMMENT '零售价格',
  `number` int(11) DEFAULT NULL COMMENT '数量',
  `appid` varchar(255) DEFAULT NULL,
  `checked` int(11) DEFAULT '1' COMMENT '是否选取',
  PRIMARY KEY (`id`)
) ENGINE=InnoDB AUTO_INCREMENT=50 DEFAULT CHARSET=utf8mb4 COMMENT='购物车';

/*Data for the table `sh_cart` */

insert  into `sh_cart`(`id`,`create_time`,`optlock`,`update_time`,`user_id`,`goods_id`,`product_id`,`market_price`,`retail_price`,`number`,`appid`,`checked`) values (26,'2018-10-16 21:21:34',1,'2018-10-18 09:47:15',4,52,15,NULL,NULL,10,'d0cdaaaffb874843b66262ef56b0d759',0),(28,'2018-10-16 22:13:09',1,'2018-10-16 22:13:09',4,51,12,NULL,NULL,1,'d0cdaaaffb874843b66262ef56b0d759',0),(29,'2018-10-16 22:13:23',1,'2018-10-16 22:13:23',4,51,13,NULL,NULL,1,'d0cdaaaffb874843b66262ef56b0d759',0),(37,'2018-10-23 22:28:41',1,'2019-01-21 15:48:16',6,55,26,NULL,NULL,3,'be2c510b1b5440dc8550c404031e6035',1),(41,'2018-11-01 16:22:55',1,'2018-11-01 16:22:55',10,54,25,NULL,NULL,1,'7a8aff06e0a441b58dab8ea17d9509f7',1),(42,'2018-11-02 14:24:55',1,'2018-11-02 14:25:11',10,60,32,NULL,NULL,2,'7a8aff06e0a441b58dab8ea17d9509f7',1),(44,'2018-11-05 11:39:06',1,'2018-11-05 11:41:17',5,62,34,NULL,NULL,2,'be2c510b1b5440dc8550c404031e6035',0),(46,'2018-12-25 16:28:49',1,'2018-12-25 16:28:49',12,168,320,NULL,NULL,12,'d8f0329e3e2844aebf6ef06f6dc42e57',1),(47,'2019-01-21 15:45:24',1,'2019-01-21 15:45:24',6,176,331,NULL,NULL,1,'4afd59eac1084c999371d28d06534a75',1),(48,'2019-01-21 18:37:08',1,'2019-01-21 18:37:08',6,175,330,NULL,NULL,1,'4afd59eac1084c999371d28d06534a75',1),(49,'2019-01-23 17:20:37',1,'2019-01-23 17:20:37',11,55,26,NULL,NULL,1,'be2c510b1b5440dc8550c404031e6035',1);

/*Table structure for table `sh_collect` */

DROP TABLE IF EXISTS `sh_collect`;

CREATE TABLE `sh_collect` (
  `id` bigint(20) NOT NULL AUTO_INCREMENT COMMENT '主键ID',
  `create_time` datetime NOT NULL COMMENT '创建时间',
  `optlock` bigint(20) NOT NULL DEFAULT '1' COMMENT '乐观锁',
  `update_time` datetime NOT NULL COMMENT '修改时间',
  `user_id` varchar(60) DEFAULT NULL COMMENT '用户ID',
  `goods_id` varchar(255) DEFAULT NULL COMMENT '商品ID',
  `add_time` datetime DEFAULT NULL COMMENT '添加时间',
  `appid` varchar(36) DEFAULT NULL,
  PRIMARY KEY (`id`)
) ENGINE=InnoDB AUTO_INCREMENT=64 DEFAULT CHARSET=utf8mb4 COMMENT='用户收藏';

/*Data for the table `sh_collect` */

insert  into `sh_collect`(`id`,`create_time`,`optlock`,`update_time`,`user_id`,`goods_id`,`add_time`,`appid`) values (18,'2018-10-14 19:36:51',1,'2018-10-14 19:36:51','4','32','2018-10-14 19:36:51','d0cdaaaffb874843b66262ef56b0d759'),(19,'2018-10-21 21:33:10',1,'2018-10-21 21:33:10','5','54','2018-10-21 21:33:10','7a8aff06e0a441b58dab8ea17d9509f7'),(39,'2018-11-02 14:24:34',1,'2018-11-02 14:24:34','10','60','2018-11-02 14:24:34','7a8aff06e0a441b58dab8ea17d9509f7'),(42,'2018-11-02 14:33:38',1,'2018-11-02 14:33:38','10','55','2018-11-02 14:33:38','be2c510b1b5440dc8550c404031e6035'),(45,'2018-11-06 08:52:38',1,'2018-11-06 08:52:38','11','55','2018-11-06 08:52:38','be2c510b1b5440dc8550c404031e6035'),(47,'2018-11-06 10:16:17',1,'2018-11-06 10:16:17','11','62','2018-11-06 10:16:17','be2c510b1b5440dc8550c404031e6035'),(49,'2018-11-07 14:01:31',1,'2018-11-07 14:01:31','12','70','2018-11-07 14:01:31','d8f0329e3e2844aebf6ef06f6dc42e57'),(51,'2018-12-02 19:13:35',1,'2018-12-02 19:13:35','18','73','2018-12-02 19:13:35','d8f0329e3e2844aebf6ef06f6dc42e57'),(52,'2018-12-07 22:34:08',1,'2018-12-07 22:34:08','18','156','2018-12-07 22:34:08','d8f0329e3e2844aebf6ef06f6dc42e57'),(53,'2018-12-09 15:35:48',1,'2018-12-09 15:35:48','21','157','2018-12-09 15:35:48','d8f0329e3e2844aebf6ef06f6dc42e57'),(54,'2018-12-10 13:16:00',1,'2018-12-10 13:16:00','26','154','2018-12-10 13:16:00','d8f0329e3e2844aebf6ef06f6dc42e57'),(58,'2018-12-24 08:44:53',1,'2018-12-24 08:44:53','101','70','2018-12-24 08:44:53','d8f0329e3e2844aebf6ef06f6dc42e57'),(60,'2018-12-26 00:37:57',1,'2018-12-26 00:37:57','107','172','2018-12-26 00:37:57','d8f0329e3e2844aebf6ef06f6dc42e57'),(62,'2019-01-05 20:48:25',1,'2019-01-05 20:48:25','20','167','2019-01-05 20:48:25','d8f0329e3e2844aebf6ef06f6dc42e57');

/*Table structure for table `sh_comment` */

DROP TABLE IF EXISTS `sh_comment`;

CREATE TABLE `sh_comment` (
  `id` bigint(20) NOT NULL AUTO_INCREMENT COMMENT '主键ID',
  `create_time` datetime NOT NULL COMMENT '创建时间',
  `optlock` bigint(20) NOT NULL COMMENT '乐观锁',
  `update_time` datetime NOT NULL COMMENT '修改时间',
  `content` text NOT NULL COMMENT '评论内容',
  `user_id` bigint(20) NOT NULL COMMENT '用户',
  `goods_id` bigint(20) NOT NULL COMMENT '商品',
  `pic_url` varchar(2000) DEFAULT NULL COMMENT '评论图片',
  `appid` varchar(36) DEFAULT NULL,
  PRIMARY KEY (`id`)
) ENGINE=InnoDB DEFAULT CHARSET=utf8mb4 COMMENT='商品评价';

/*Data for the table `sh_comment` */

/*Table structure for table `sh_coupon` */

DROP TABLE IF EXISTS `sh_coupon`;

CREATE TABLE `sh_coupon` (
  `id` bigint(20) NOT NULL AUTO_INCREMENT COMMENT '主键ID',
  `create_time` datetime NOT NULL COMMENT '创建时间',
  `optlock` bigint(20) NOT NULL DEFAULT '1' COMMENT '乐观锁',
  `update_time` datetime NOT NULL COMMENT '修改时间',
  `coupon_name` varchar(64) DEFAULT NULL COMMENT '优惠券名',
  `coupon_balance` decimal(19,2) DEFAULT NULL COMMENT '优惠金额/抵扣金额',
  `days` int(11) DEFAULT NULL COMMENT '天数',
  `coupon_leave_count` int(11) DEFAULT NULL COMMENT '剩余数量',
  `coupon_count` int(11) DEFAULT NULL COMMENT '数量',
  `status` int(1) DEFAULT NULL COMMENT '是否上架',
  `start_day` date DEFAULT NULL COMMENT '开始领取时间',
  `end_day` date DEFAULT NULL COMMENT '领取结束时间',
  `limit_balance` decimal(19,2) DEFAULT NULL COMMENT '满多少使用',
  `appid` varchar(255) DEFAULT NULL,
  PRIMARY KEY (`id`)
) ENGINE=InnoDB AUTO_INCREMENT=34 DEFAULT CHARSET=utf8mb4 COMMENT='优惠券信息';

/*Data for the table `sh_coupon` */

insert  into `sh_coupon`(`id`,`create_time`,`optlock`,`update_time`,`coupon_name`,`coupon_balance`,`days`,`coupon_leave_count`,`coupon_count`,`status`,`start_day`,`end_day`,`limit_balance`,`appid`) values (4,'2018-09-17 21:24:04',1,'2018-09-19 17:14:31','1','2.00',12,2,1,1,'2018-09-17','2018-09-17','1.00',NULL),(5,'2018-10-25 19:15:01',1,'2018-11-05 20:16:22','hsq1','1.00',5,100,10,1,'2018-10-25','2018-11-08','0.00','be2c510b1b5440dc8550c404031e6035'),(6,'2018-10-25 19:31:54',1,'2018-11-05 21:25:07','hsq2','2.00',2,12,1,1,'2018-10-25','2018-11-30','500.00','be2c510b1b5440dc8550c404031e6035'),(10,'2018-10-26 09:36:55',1,'2018-10-26 09:36:55','优惠劵1','1.00',NULL,11,0,1,'2018-10-26','2018-12-08',NULL,'8e9a5d9850ab4fce9e061cee261e8bbe'),(11,'2018-10-26 09:54:33',1,'2018-10-26 09:57:55','优惠劵2','1.00',2,111,1,0,'2018-10-25','2018-12-08','2.00','8e9a5d9850ab4fce9e061cee261e8bbe'),(12,'2018-10-31 05:42:35',1,'2018-10-31 22:13:50','测试优惠券','10.00',5,100,100,1,'2018-10-24','2018-11-08','50.00','7a8aff06e0a441b58dab8ea17d9509f7'),(13,'2018-10-31 22:14:37',1,'2018-10-31 22:14:37','测试优惠券2','20.00',10,100,100,1,'2018-10-30','2018-11-10','100.00','7a8aff06e0a441b58dab8ea17d9509f7'),(14,'2018-11-01 14:17:47',1,'2018-11-01 14:17:47','test3','12.00',8,111,25,1,'2018-11-01','2018-11-30','13.00','7a8aff06e0a441b58dab8ea17d9509f7'),(15,'2018-11-01 14:18:19',1,'2018-11-01 14:18:19','test4','12.00',12,2222,111,1,'2018-11-01','2018-11-30','1222.00','7a8aff06e0a441b58dab8ea17d9509f7'),(16,'2018-11-01 14:19:03',1,'2018-11-01 14:19:03','test5','111.00',123,123,12,1,'2018-11-01','2018-11-30','123.00','7a8aff06e0a441b58dab8ea17d9509f7'),(17,'2018-11-01 14:19:26',1,'2018-11-01 14:19:26','test6','1.00',123,123,12,1,'2018-11-01','2018-11-30','12.00','7a8aff06e0a441b58dab8ea17d9509f7'),(18,'2018-11-01 14:19:48',1,'2018-11-01 14:19:48','123','1.00',12,123,1,1,'2018-11-01','2018-11-30','12.00','7a8aff06e0a441b58dab8ea17d9509f7'),(19,'2018-11-01 14:24:14',1,'2018-11-01 14:24:14','test7','1.00',123,123,123,1,'2018-11-01','2018-11-30','123.00','7a8aff06e0a441b58dab8ea17d9509f7'),(20,'2018-11-01 14:24:36',1,'2018-11-01 14:24:36','test8','1.00',123,123,12,1,'2018-11-01','2018-11-30','123.00','7a8aff06e0a441b58dab8ea17d9509f7'),(21,'2018-11-01 14:25:05',1,'2018-11-01 14:25:05','test9','12.00',123,123,1,1,'2018-11-01','2018-11-30','123.00','7a8aff06e0a441b58dab8ea17d9509f7'),(22,'2018-11-01 17:13:11',1,'2018-11-01 17:13:11','testw11','12.00',123,123,123,NULL,'2018-11-01','2018-11-30','12.00','7a8aff06e0a441b58dab8ea17d9509f7'),(23,'2018-11-01 18:48:20',1,'2018-11-01 18:48:20','test-nop','12.00',123,123,12,NULL,'2018-10-29','2018-10-31','123.00','7a8aff06e0a441b58dab8ea17d9509f7'),(24,'2018-11-06 09:26:35',1,'2018-11-06 09:26:35','test','10.00',4,1,1,1,'2018-11-05','2018-11-13','10.00','be2c510b1b5440dc8550c404031e6035'),(25,'2018-11-06 14:55:08',1,'2018-11-06 14:55:08','test2','1.00',5,1,11,1,'2018-11-05','2018-11-08','0.00','be2c510b1b5440dc8550c404031e6035'),(26,'2018-11-06 15:10:56',1,'2018-11-09 14:01:30','testwss','12.00',10,12,12,1,'2018-11-06','2018-11-29','12.00','be2c510b1b5440dc8550c404031e6035'),(27,'2018-11-06 15:13:10',1,'2018-11-09 14:01:44','test','1.00',12,1,1,1,'2018-11-06','2018-11-29','0.00','be2c510b1b5440dc8550c404031e6035'),(28,'2018-11-06 15:15:11',1,'2018-11-06 15:15:11','test','1.00',NULL,1,1,NULL,'2018-11-06','2018-11-29','0.00','7a8aff06e0a441b58dab8ea17d9509f7'),(30,'2019-01-11 10:53:37',1,'2019-01-11 10:53:37','tet','1.00',1,1,1,2,'2019-01-11','2019-01-12','1.00','4afd59eac1084c999371d28d06534a75'),(31,'2019-01-14 15:38:33',1,'2019-01-14 15:38:33','test','1.00',1,1,1,2,'2019-01-14','2019-01-15','1.00','4afd59eac1084c999371d28d06534a75'),(32,'2019-01-14 15:41:03',1,'2019-01-14 15:41:03','faga','1.00',1,1,1,1,'2019-01-14','2019-01-16','1.00','4afd59eac1084c999371d28d06534a75'),(33,'2019-01-14 15:41:30',1,'2019-01-14 15:41:30','s','22.00',2,11,2,2,'2019-01-14','2019-01-16','2.00','4afd59eac1084c999371d28d06534a75');

/*Table structure for table `sh_coupon_user` */

DROP TABLE IF EXISTS `sh_coupon_user`;

CREATE TABLE `sh_coupon_user` (
  `id` bigint(20) NOT NULL AUTO_INCREMENT COMMENT '主键ID',
  `create_time` datetime NOT NULL COMMENT '创建时间',
  `optlock` bigint(20) NOT NULL DEFAULT '1' COMMENT '乐观锁',
  `update_time` datetime DEFAULT NULL COMMENT '修改时间',
  `coupon_number` varchar(20) DEFAULT NULL COMMENT '优惠券号',
  `user_id` bigint(20) DEFAULT NULL COMMENT '用户id',
  `used_time` datetime DEFAULT NULL COMMENT '使用时间',
  `order_id` bigint(20) DEFAULT NULL COMMENT '使用的订单id',
  `coupon_status` int(11) DEFAULT NULL COMMENT '状态 1. 可用 2. 已用 3. 过期',
  `coupon_id` bigint(20) DEFAULT NULL COMMENT '优惠券id',
  `appid` varchar(255) DEFAULT NULL,
  `expir_time` date DEFAULT NULL COMMENT '到期时间',
  `effect_time` date DEFAULT NULL COMMENT '生效时间',
  PRIMARY KEY (`id`)
) ENGINE=InnoDB AUTO_INCREMENT=31 DEFAULT CHARSET=utf8mb4 COMMENT='优惠券客户关系';

/*Data for the table `sh_coupon_user` */

insert  into `sh_coupon_user`(`id`,`create_time`,`optlock`,`update_time`,`coupon_number`,`user_id`,`used_time`,`order_id`,`coupon_status`,`coupon_id`,`appid`,`expir_time`,`effect_time`) values (9,'2018-11-01 11:43:18',1,'2018-11-01 11:43:18','CO1811011143170010',10,NULL,NULL,1,12,'7a8aff06e0a441b58dab8ea17d9509f7',NULL,NULL),(10,'2018-11-01 15:34:34',1,'2018-11-01 15:34:34','CO1811011534340010',10,NULL,NULL,1,13,'7a8aff06e0a441b58dab8ea17d9509f7','2018-11-11','2018-11-01'),(11,'2018-11-01 15:46:49',1,'2018-11-01 15:46:49','CO1811011546480010',10,NULL,NULL,1,17,'7a8aff06e0a441b58dab8ea17d9509f7','2019-03-04','2018-11-01'),(12,'2018-11-01 15:47:16',1,'2018-11-01 15:47:16','CO1811011547160010',10,NULL,NULL,1,14,'7a8aff06e0a441b58dab8ea17d9509f7','2018-11-09','2018-11-01'),(13,'2018-11-01 15:49:47',1,'2018-11-01 15:49:47','CO1811011549470010',10,NULL,NULL,1,15,'7a8aff06e0a441b58dab8ea17d9509f7','2018-11-13','2018-11-01'),(14,'2018-11-01 15:49:49',1,'2018-11-01 15:49:49','CO1811011549480010',10,NULL,NULL,1,16,'7a8aff06e0a441b58dab8ea17d9509f7','2019-03-04','2018-11-01'),(15,'2018-11-01 15:49:53',1,'2018-11-01 15:49:53','CO1811011549530010',10,NULL,NULL,1,18,'7a8aff06e0a441b58dab8ea17d9509f7','2018-11-13','2018-11-01'),(16,'2018-11-01 15:51:37',1,'2018-11-01 15:51:37','CO1811011551370010',10,NULL,NULL,1,19,'7a8aff06e0a441b58dab8ea17d9509f7','2019-03-04','2018-11-01'),(17,'2018-11-01 15:51:38',1,'2018-11-01 15:51:38','CO1811011551380010',10,NULL,NULL,1,20,'7a8aff06e0a441b58dab8ea17d9509f7','2019-03-04','2018-11-01'),(22,'2018-11-05 20:19:20',1,'2018-11-05 20:30:08','CO1811052019200005',5,NULL,NULL,1,6,'be2c510b1b5440dc8550c404031e6035','2018-11-07','2018-11-05'),(25,'2018-11-06 09:51:27',1,'2018-11-06 11:28:19','CO1811060951270005',5,NULL,67,2,24,'be2c510b1b5440dc8550c404031e6035','2018-11-10','2018-11-06'),(26,'2018-11-06 09:55:40',1,'2018-11-06 14:52:38','CO1811060955400011',11,NULL,70,2,5,'be2c510b1b5440dc8550c404031e6035','2018-11-11','2018-11-06'),(27,'2018-11-06 10:39:52',1,'2018-11-06 14:50:14','CO1811061039510011',11,NULL,69,2,24,'be2c510b1b5440dc8550c404031e6035','2018-11-10','2018-11-06'),(28,'2018-11-06 14:55:28',1,'2018-11-06 14:58:06','CO1811061455270011',11,NULL,71,2,25,'be2c510b1b5440dc8550c404031e6035','2018-11-11','2018-11-06'),(29,'2018-11-06 15:00:24',1,'2018-11-06 15:00:38','CO1811061500240006',6,NULL,72,2,5,'be2c510b1b5440dc8550c404031e6035','2018-11-11','2018-11-06'),(30,'2018-11-06 15:08:16',1,'2018-11-06 15:08:16','CO1811061508150011',11,NULL,NULL,1,6,'be2c510b1b5440dc8550c404031e6035','2018-11-08','2018-11-06');

/*Table structure for table `sh_footprint` */

DROP TABLE IF EXISTS `sh_footprint`;

CREATE TABLE `sh_footprint` (
  `id` bigint(20) NOT NULL AUTO_INCREMENT COMMENT '主键ID',
  `create_time` datetime NOT NULL COMMENT '创建时间',
  `optlock` bigint(20) NOT NULL DEFAULT '1' COMMENT '乐观锁',
  `update_time` datetime NOT NULL COMMENT '修改时间',
  `appid` varchar(36) NOT NULL,
  `goods_id` bigint(20) DEFAULT NULL COMMENT '商品ID',
  `user_id` bigint(20) DEFAULT NULL COMMENT '用户名称',
  PRIMARY KEY (`id`)
) ENGINE=InnoDB AUTO_INCREMENT=1712 DEFAULT CHARSET=utf8mb4 COMMENT='用户足迹';

/*Data for the table `sh_footprint` */

insert  into `sh_footprint`(`id`,`create_time`,`optlock`,`update_time`,`appid`,`goods_id`,`user_id`) values (4,'2018-10-18 09:27:38',1,'2018-10-18 09:27:38','d0cdaaaffb874843b66262ef56b0d759',45,4),(5,'2018-10-18 09:29:57',1,'2018-10-18 09:29:57','d0cdaaaffb874843b66262ef56b0d759',45,4),(6,'2018-10-18 09:44:29',1,'2018-10-18 09:44:29','d0cdaaaffb874843b66262ef56b0d759',45,4),(7,'2018-10-18 09:45:33',1,'2018-10-18 09:45:33','d0cdaaaffb874843b66262ef56b0d759',45,4),(8,'2018-10-18 09:45:59',1,'2018-10-18 09:45:59','d0cdaaaffb874843b66262ef56b0d759',45,4),(9,'2018-10-18 09:47:06',1,'2018-10-18 09:47:06','d0cdaaaffb874843b66262ef56b0d759',45,4),(10,'2018-10-18 09:47:10',1,'2018-10-18 09:47:10','d0cdaaaffb874843b66262ef56b0d759',52,4),(11,'2018-10-18 09:47:33',1,'2018-10-18 09:47:33','d0cdaaaffb874843b66262ef56b0d759',45,4),(12,'2018-10-18 09:51:43',1,'2018-10-18 09:51:43','d0cdaaaffb874843b66262ef56b0d759',45,4),(13,'2018-10-18 09:54:48',1,'2018-10-18 09:54:48','d0cdaaaffb874843b66262ef56b0d759',45,4),(14,'2018-10-18 09:55:09',1,'2018-10-18 09:55:09','d0cdaaaffb874843b66262ef56b0d759',45,4),(15,'2018-10-18 21:12:29',1,'2018-10-18 21:12:29','d0cdaaaffb874843b66262ef56b0d759',32,4),(16,'2018-10-18 21:12:33',1,'2018-10-18 21:12:33','d0cdaaaffb874843b66262ef56b0d759',32,4),(17,'2018-10-18 21:12:37',1,'2018-10-18 21:12:37','d0cdaaaffb874843b66262ef56b0d759',32,4),(18,'2018-10-21 17:12:57',1,'2018-10-21 17:12:57','7a8aff06e0a441b58dab8ea17d9509f7',54,4),(19,'2018-10-21 17:13:26',1,'2018-10-21 17:13:26','7a8aff06e0a441b58dab8ea17d9509f7',54,4),(20,'2018-10-21 17:15:01',1,'2018-10-21 17:15:01','7a8aff06e0a441b58dab8ea17d9509f7',54,4),(21,'2018-10-21 17:34:43',1,'2018-10-21 17:34:43','7a8aff06e0a441b58dab8ea17d9509f7',54,4),(22,'2018-10-21 18:53:09',1,'2018-10-21 18:53:09','7a8aff06e0a441b58dab8ea17d9509f7',54,4),(23,'2018-10-21 18:59:34',1,'2018-10-21 18:59:34','7a8aff06e0a441b58dab8ea17d9509f7',54,4),(24,'2018-10-21 19:03:56',1,'2018-10-21 19:03:56','7a8aff06e0a441b58dab8ea17d9509f7',54,4),(25,'2018-10-21 21:23:48',1,'2018-10-21 21:23:48','7a8aff06e0a441b58dab8ea17d9509f7',54,5),(26,'2018-10-21 21:25:40',1,'2018-10-21 21:25:40','7a8aff06e0a441b58dab8ea17d9509f7',54,5),(27,'2018-10-21 21:26:20',1,'2018-10-21 21:26:20','7a8aff06e0a441b58dab8ea17d9509f7',54,5),(28,'2018-10-21 21:30:29',1,'2018-10-21 21:30:29','7a8aff06e0a441b58dab8ea17d9509f7',54,5),(29,'2018-10-21 21:33:01',1,'2018-10-21 21:33:01','7a8aff06e0a441b58dab8ea17d9509f7',54,5),(30,'2018-10-21 21:33:24',1,'2018-10-21 21:33:24','7a8aff06e0a441b58dab8ea17d9509f7',54,5),(31,'2018-10-21 21:33:44',1,'2018-10-21 21:33:44','7a8aff06e0a441b58dab8ea17d9509f7',54,5),(32,'2018-10-21 21:34:22',1,'2018-10-21 21:34:22','7a8aff06e0a441b58dab8ea17d9509f7',54,5),(33,'2018-10-22 09:37:03',1,'2018-10-22 09:37:03','be2c510b1b5440dc8550c404031e6035',55,6),(34,'2018-10-22 09:37:48',1,'2018-10-22 09:37:48','be2c510b1b5440dc8550c404031e6035',55,6),(35,'2018-10-22 09:37:54',1,'2018-10-22 09:37:54','be2c510b1b5440dc8550c404031e6035',55,6),(36,'2018-10-22 09:38:04',1,'2018-10-22 09:38:04','7a8aff06e0a441b58dab8ea17d9509f7',54,5),(37,'2018-10-22 09:39:56',1,'2018-10-22 09:39:56','be2c510b1b5440dc8550c404031e6035',55,6),(38,'2018-10-22 09:40:01',1,'2018-10-22 09:40:01','be2c510b1b5440dc8550c404031e6035',55,6),(39,'2018-10-22 09:40:15',1,'2018-10-22 09:40:15','be2c510b1b5440dc8550c404031e6035',55,6),(40,'2018-10-22 09:40:24',1,'2018-10-22 09:40:24','be2c510b1b5440dc8550c404031e6035',55,6),(41,'2018-10-22 09:40:28',1,'2018-10-22 09:40:28','be2c510b1b5440dc8550c404031e6035',54,6),(42,'2018-10-22 09:40:32',1,'2018-10-22 09:40:32','be2c510b1b5440dc8550c404031e6035',55,6),(43,'2018-10-22 09:49:00',1,'2018-10-22 09:49:00','be2c510b1b5440dc8550c404031e6035',55,6),(44,'2018-10-22 14:12:05',1,'2018-10-22 14:12:05','be2c510b1b5440dc8550c404031e6035',55,6),(45,'2018-10-22 17:37:51',1,'2018-10-22 17:37:51','be2c510b1b5440dc8550c404031e6035',55,6),(46,'2018-10-22 20:02:19',1,'2018-10-22 20:02:19','7a8aff06e0a441b58dab8ea17d9509f7',54,5),(47,'2018-10-22 20:12:02',1,'2018-10-22 20:12:02','be2c510b1b5440dc8550c404031e6035',55,6),(48,'2018-10-22 20:24:15',1,'2018-10-22 20:24:15','be2c510b1b5440dc8550c404031e6035',55,6),(49,'2018-10-22 20:25:22',1,'2018-10-22 20:25:22','be2c510b1b5440dc8550c404031e6035',55,6),(50,'2018-10-22 20:45:52',1,'2018-10-22 20:45:52','be2c510b1b5440dc8550c404031e6035',55,8),(51,'2018-10-23 11:03:11',1,'2018-10-23 11:03:11','be2c510b1b5440dc8550c404031e6035',55,6),(52,'2018-10-23 11:03:22',1,'2018-10-23 11:03:22','be2c510b1b5440dc8550c404031e6035',55,6),(53,'2018-10-23 11:59:38',1,'2018-10-23 11:59:38','be2c510b1b5440dc8550c404031e6035',55,6),(54,'2018-10-23 22:28:14',1,'2018-10-23 22:28:14','be2c510b1b5440dc8550c404031e6035',55,6),(55,'2018-10-23 22:35:53',1,'2018-10-23 22:35:53','be2c510b1b5440dc8550c404031e6035',55,6),(56,'2018-10-23 22:36:04',1,'2018-10-23 22:36:04','be2c510b1b5440dc8550c404031e6035',55,6),(57,'2018-10-23 22:37:07',1,'2018-10-23 22:37:07','be2c510b1b5440dc8550c404031e6035',55,6),(58,'2018-10-30 10:13:30',1,'2018-10-30 10:13:30','7a8aff06e0a441b58dab8ea17d9509f7',54,10),(59,'2018-10-30 17:02:45',1,'2018-10-30 17:02:45','7a8aff06e0a441b58dab8ea17d9509f7',54,10),(60,'2018-10-30 17:02:59',1,'2018-10-30 17:02:59','7a8aff06e0a441b58dab8ea17d9509f7',54,10),(61,'2018-10-31 09:22:59',1,'2018-10-31 09:22:59','7a8aff06e0a441b58dab8ea17d9509f7',54,10),(62,'2018-10-31 14:10:06',1,'2018-10-31 14:10:06','7a8aff06e0a441b58dab8ea17d9509f7',54,10),(63,'2018-11-01 15:30:33',1,'2018-11-01 15:30:33','7a8aff06e0a441b58dab8ea17d9509f7',54,5),(64,'2018-11-01 16:05:25',1,'2018-11-01 16:05:25','7a8aff06e0a441b58dab8ea17d9509f7',54,10),(65,'2018-11-01 16:07:05',1,'2018-11-01 16:07:05','7a8aff06e0a441b58dab8ea17d9509f7',54,10),(66,'2018-11-01 16:13:49',1,'2018-11-01 16:13:49','7a8aff06e0a441b58dab8ea17d9509f7',54,10),(67,'2018-11-01 16:13:56',1,'2018-11-01 16:13:56','7a8aff06e0a441b58dab8ea17d9509f7',54,10),(68,'2018-11-01 16:22:14',1,'2018-11-01 16:22:14','7a8aff06e0a441b58dab8ea17d9509f7',54,10),(69,'2018-11-01 16:22:43',1,'2018-11-01 16:22:43','7a8aff06e0a441b58dab8ea17d9509f7',54,10),(70,'2018-11-01 16:22:48',1,'2018-11-01 16:22:48','7a8aff06e0a441b58dab8ea17d9509f7',54,10),(71,'2018-11-01 17:32:17',1,'2018-11-01 17:32:17','7a8aff06e0a441b58dab8ea17d9509f7',54,10),(72,'2018-11-01 18:56:51',1,'2018-11-01 18:56:51','7a8aff06e0a441b58dab8ea17d9509f7',54,10),(73,'2018-11-01 18:57:42',1,'2018-11-01 18:57:42','7a8aff06e0a441b58dab8ea17d9509f7',54,10),(74,'2018-11-01 18:59:01',1,'2018-11-01 18:59:01','7a8aff06e0a441b58dab8ea17d9509f7',54,10),(75,'2018-11-01 19:00:44',1,'2018-11-01 19:00:44','7a8aff06e0a441b58dab8ea17d9509f7',54,10),(76,'2018-11-01 19:01:30',1,'2018-11-01 19:01:30','7a8aff06e0a441b58dab8ea17d9509f7',54,10),(77,'2018-11-01 19:03:44',1,'2018-11-01 19:03:44','7a8aff06e0a441b58dab8ea17d9509f7',54,10),(78,'2018-11-01 19:07:27',1,'2018-11-01 19:07:27','7a8aff06e0a441b58dab8ea17d9509f7',54,10),(79,'2018-11-01 19:10:16',1,'2018-11-01 19:10:16','7a8aff06e0a441b58dab8ea17d9509f7',54,10),(80,'2018-11-01 19:13:42',1,'2018-11-01 19:13:42','7a8aff06e0a441b58dab8ea17d9509f7',54,10),(81,'2018-11-01 19:17:07',1,'2018-11-01 19:17:07','7a8aff06e0a441b58dab8ea17d9509f7',54,10),(82,'2018-11-01 19:19:23',1,'2018-11-01 19:19:23','7a8aff06e0a441b58dab8ea17d9509f7',54,10),(83,'2018-11-01 19:20:52',1,'2018-11-01 19:20:52','7a8aff06e0a441b58dab8ea17d9509f7',54,10),(84,'2018-11-01 19:22:35',1,'2018-11-01 19:22:35','7a8aff06e0a441b58dab8ea17d9509f7',54,10),(85,'2018-11-01 19:30:38',1,'2018-11-01 19:30:38','7a8aff06e0a441b58dab8ea17d9509f7',54,10),(86,'2018-11-02 09:22:50',1,'2018-11-02 09:22:50','7a8aff06e0a441b58dab8ea17d9509f7',54,10),(87,'2018-11-02 09:38:49',1,'2018-11-02 09:38:49','7a8aff06e0a441b58dab8ea17d9509f7',54,10),(88,'2018-11-02 09:42:55',1,'2018-11-02 09:42:55','7a8aff06e0a441b58dab8ea17d9509f7',54,10),(89,'2018-11-02 09:45:50',1,'2018-11-02 09:45:50','7a8aff06e0a441b58dab8ea17d9509f7',54,10),(90,'2018-11-02 09:46:48',1,'2018-11-02 09:46:48','7a8aff06e0a441b58dab8ea17d9509f7',54,10),(91,'2018-11-02 09:49:13',1,'2018-11-02 09:49:13','7a8aff06e0a441b58dab8ea17d9509f7',54,10),(92,'2018-11-02 09:49:51',1,'2018-11-02 09:49:51','7a8aff06e0a441b58dab8ea17d9509f7',54,10),(93,'2018-11-02 09:51:32',1,'2018-11-02 09:51:32','7a8aff06e0a441b58dab8ea17d9509f7',54,10),(94,'2018-11-02 09:54:55',1,'2018-11-02 09:54:55','7a8aff06e0a441b58dab8ea17d9509f7',54,10),(95,'2018-11-02 10:11:31',1,'2018-11-02 10:11:31','7a8aff06e0a441b58dab8ea17d9509f7',57,10),(96,'2018-11-02 10:38:40',1,'2018-11-02 10:38:40','7a8aff06e0a441b58dab8ea17d9509f7',54,10),(97,'2018-11-02 10:50:37',1,'2018-11-02 10:50:37','7a8aff06e0a441b58dab8ea17d9509f7',54,10),(98,'2018-11-02 10:50:56',1,'2018-11-02 10:50:56','7a8aff06e0a441b58dab8ea17d9509f7',60,10),(99,'2018-11-02 10:51:21',1,'2018-11-02 10:51:21','7a8aff06e0a441b58dab8ea17d9509f7',60,10),(100,'2018-11-02 10:52:54',1,'2018-11-02 10:52:54','7a8aff06e0a441b58dab8ea17d9509f7',60,10),(101,'2018-11-02 10:58:03',1,'2018-11-02 10:58:03','7a8aff06e0a441b58dab8ea17d9509f7',60,10),(102,'2018-11-02 10:59:09',1,'2018-11-02 10:59:09','7a8aff06e0a441b58dab8ea17d9509f7',60,10),(103,'2018-11-02 10:59:47',1,'2018-11-02 10:59:47','7a8aff06e0a441b58dab8ea17d9509f7',60,10),(104,'2018-11-02 11:01:41',1,'2018-11-02 11:01:41','7a8aff06e0a441b58dab8ea17d9509f7',60,10),(105,'2018-11-02 11:10:10',1,'2018-11-02 11:10:10','7a8aff06e0a441b58dab8ea17d9509f7',60,10),(106,'2018-11-02 11:35:02',1,'2018-11-02 11:35:02','7a8aff06e0a441b58dab8ea17d9509f7',54,10),(107,'2018-11-02 11:35:04',1,'2018-11-02 11:35:04','7a8aff06e0a441b58dab8ea17d9509f7',60,10),(108,'2018-11-02 14:03:38',1,'2018-11-02 14:03:38','7a8aff06e0a441b58dab8ea17d9509f7',60,10),(109,'2018-11-02 14:15:28',1,'2018-11-02 14:15:28','7a8aff06e0a441b58dab8ea17d9509f7',60,10),(110,'2018-11-02 14:23:05',1,'2018-11-02 14:23:05','7a8aff06e0a441b58dab8ea17d9509f7',60,10),(111,'2018-11-02 14:23:27',1,'2018-11-02 14:23:27','7a8aff06e0a441b58dab8ea17d9509f7',60,10),(112,'2018-11-02 14:24:20',1,'2018-11-02 14:24:20','7a8aff06e0a441b58dab8ea17d9509f7',60,10),(113,'2018-11-02 14:24:44',1,'2018-11-02 14:24:44','7a8aff06e0a441b58dab8ea17d9509f7',60,10),(114,'2018-11-02 14:25:09',1,'2018-11-02 14:25:09','7a8aff06e0a441b58dab8ea17d9509f7',60,10),(115,'2018-11-02 14:29:56',1,'2018-11-02 14:29:56','7a8aff06e0a441b58dab8ea17d9509f7',54,10),(116,'2018-11-02 14:31:02',1,'2018-11-02 14:31:02','be2c510b1b5440dc8550c404031e6035',55,10),(117,'2018-11-02 14:32:29',1,'2018-11-02 14:32:29','be2c510b1b5440dc8550c404031e6035',55,10),(118,'2018-11-02 14:33:28',1,'2018-11-02 14:33:28','be2c510b1b5440dc8550c404031e6035',55,10),(119,'2018-11-02 15:31:30',1,'2018-11-02 15:31:30','be2c510b1b5440dc8550c404031e6035',55,11),(120,'2018-11-02 15:32:42',1,'2018-11-02 15:32:42','be2c510b1b5440dc8550c404031e6035',55,11),(121,'2018-11-02 15:32:50',1,'2018-11-02 15:32:50','be2c510b1b5440dc8550c404031e6035',55,11),(122,'2018-11-02 15:34:11',1,'2018-11-02 15:34:11','be2c510b1b5440dc8550c404031e6035',55,6),(123,'2018-11-02 15:38:34',1,'2018-11-02 15:38:34','be2c510b1b5440dc8550c404031e6035',55,11),(124,'2018-11-02 15:39:03',1,'2018-11-02 15:39:03','be2c510b1b5440dc8550c404031e6035',55,11),(125,'2018-11-02 15:40:02',1,'2018-11-02 15:40:02','be2c510b1b5440dc8550c404031e6035',55,11),(126,'2018-11-02 15:44:29',1,'2018-11-02 15:44:29','be2c510b1b5440dc8550c404031e6035',55,11),(127,'2018-11-02 16:35:08',1,'2018-11-02 16:35:08','be2c510b1b5440dc8550c404031e6035',55,11),(128,'2018-11-02 16:35:15',1,'2018-11-02 16:35:15','be2c510b1b5440dc8550c404031e6035',55,11),(129,'2018-11-04 10:24:46',1,'2018-11-04 10:24:46','be2c510b1b5440dc8550c404031e6035',55,6),(130,'2018-11-05 10:49:54',1,'2018-11-05 10:49:54','be2c510b1b5440dc8550c404031e6035',55,11),(131,'2018-11-05 10:59:48',1,'2018-11-05 10:59:48','be2c510b1b5440dc8550c404031e6035',62,11),(132,'2018-11-05 11:12:24',1,'2018-11-05 11:12:24','be2c510b1b5440dc8550c404031e6035',62,11),(133,'2018-11-05 11:22:07',1,'2018-11-05 11:22:07','be2c510b1b5440dc8550c404031e6035',62,11),(134,'2018-11-05 11:24:14',1,'2018-11-05 11:24:14','be2c510b1b5440dc8550c404031e6035',62,11),(135,'2018-11-05 11:25:53',1,'2018-11-05 11:25:53','be2c510b1b5440dc8550c404031e6035',62,11),(136,'2018-11-05 11:29:11',1,'2018-11-05 11:29:11','be2c510b1b5440dc8550c404031e6035',55,11),(137,'2018-11-05 11:29:35',1,'2018-11-05 11:29:35','be2c510b1b5440dc8550c404031e6035',62,11),(138,'2018-11-05 11:30:40',1,'2018-11-05 11:30:40','be2c510b1b5440dc8550c404031e6035',55,11),(139,'2018-11-05 11:30:45',1,'2018-11-05 11:30:45','be2c510b1b5440dc8550c404031e6035',62,11),(140,'2018-11-05 11:31:00',1,'2018-11-05 11:31:00','be2c510b1b5440dc8550c404031e6035',55,11),(141,'2018-11-05 11:31:03',1,'2018-11-05 11:31:03','be2c510b1b5440dc8550c404031e6035',55,11),(142,'2018-11-05 11:34:57',1,'2018-11-05 11:34:57','be2c510b1b5440dc8550c404031e6035',62,11),(143,'2018-11-05 11:35:24',1,'2018-11-05 11:35:24','be2c510b1b5440dc8550c404031e6035',55,11),(144,'2018-11-05 11:35:33',1,'2018-11-05 11:35:33','be2c510b1b5440dc8550c404031e6035',62,11),(145,'2018-11-05 11:39:03',1,'2018-11-05 11:39:03','be2c510b1b5440dc8550c404031e6035',62,5),(146,'2018-11-05 11:41:14',1,'2018-11-05 11:41:14','be2c510b1b5440dc8550c404031e6035',62,5),(147,'2018-11-05 11:48:42',1,'2018-11-05 11:48:42','be2c510b1b5440dc8550c404031e6035',62,11),(148,'2018-11-05 11:52:32',1,'2018-11-05 11:52:32','be2c510b1b5440dc8550c404031e6035',62,11),(149,'2018-11-05 18:37:34',1,'2018-11-05 18:37:34','be2c510b1b5440dc8550c404031e6035',55,5),(150,'2018-11-05 18:48:43',1,'2018-11-05 18:48:43','be2c510b1b5440dc8550c404031e6035',55,5),(151,'2018-11-05 20:20:30',1,'2018-11-05 20:20:30','be2c510b1b5440dc8550c404031e6035',62,5),(152,'2018-11-05 20:20:38',1,'2018-11-05 20:20:38','be2c510b1b5440dc8550c404031e6035',55,5),(153,'2018-11-05 20:21:03',1,'2018-11-05 20:21:03','be2c510b1b5440dc8550c404031e6035',62,5),(154,'2018-11-05 20:22:34',1,'2018-11-05 20:22:34','be2c510b1b5440dc8550c404031e6035',55,5),(155,'2018-11-05 20:36:36',1,'2018-11-05 20:36:36','be2c510b1b5440dc8550c404031e6035',55,5),(156,'2018-11-05 20:47:37',1,'2018-11-05 20:47:37','be2c510b1b5440dc8550c404031e6035',62,5),(157,'2018-11-05 20:48:44',1,'2018-11-05 20:48:44','be2c510b1b5440dc8550c404031e6035',62,5),(158,'2018-11-05 20:48:50',1,'2018-11-05 20:48:50','be2c510b1b5440dc8550c404031e6035',55,5),(159,'2018-11-05 20:48:53',1,'2018-11-05 20:48:53','be2c510b1b5440dc8550c404031e6035',55,5),(160,'2018-11-06 08:50:43',1,'2018-11-06 08:50:43','be2c510b1b5440dc8550c404031e6035',62,11),(161,'2018-11-06 08:52:33',1,'2018-11-06 08:52:33','be2c510b1b5440dc8550c404031e6035',55,11),(162,'2018-11-06 09:11:45',1,'2018-11-06 09:11:45','be2c510b1b5440dc8550c404031e6035',55,11),(163,'2018-11-06 09:23:37',1,'2018-11-06 09:23:37','be2c510b1b5440dc8550c404031e6035',62,11),(164,'2018-11-06 09:24:45',1,'2018-11-06 09:24:45','be2c510b1b5440dc8550c404031e6035',55,5),(165,'2018-11-06 09:25:08',1,'2018-11-06 09:25:08','be2c510b1b5440dc8550c404031e6035',62,11),(166,'2018-11-06 09:25:58',1,'2018-11-06 09:25:58','be2c510b1b5440dc8550c404031e6035',62,11),(167,'2018-11-06 09:29:10',1,'2018-11-06 09:29:10','be2c510b1b5440dc8550c404031e6035',62,11),(168,'2018-11-06 09:30:27',1,'2018-11-06 09:30:27','be2c510b1b5440dc8550c404031e6035',62,11),(169,'2018-11-06 09:32:33',1,'2018-11-06 09:32:33','be2c510b1b5440dc8550c404031e6035',62,5),(170,'2018-11-06 09:38:06',1,'2018-11-06 09:38:06','be2c510b1b5440dc8550c404031e6035',62,11),(171,'2018-11-06 09:38:27',1,'2018-11-06 09:38:27','be2c510b1b5440dc8550c404031e6035',62,11),(172,'2018-11-06 09:39:43',1,'2018-11-06 09:39:43','be2c510b1b5440dc8550c404031e6035',62,11),(173,'2018-11-06 09:39:52',1,'2018-11-06 09:39:52','be2c510b1b5440dc8550c404031e6035',62,11),(174,'2018-11-06 09:41:12',1,'2018-11-06 09:41:12','be2c510b1b5440dc8550c404031e6035',55,5),(175,'2018-11-06 09:41:36',1,'2018-11-06 09:41:36','be2c510b1b5440dc8550c404031e6035',55,5),(176,'2018-11-06 09:51:42',1,'2018-11-06 09:51:42','be2c510b1b5440dc8550c404031e6035',55,5),(177,'2018-11-06 09:52:42',1,'2018-11-06 09:52:42','be2c510b1b5440dc8550c404031e6035',62,11),(178,'2018-11-06 09:59:22',1,'2018-11-06 09:59:22','be2c510b1b5440dc8550c404031e6035',62,11),(179,'2018-11-06 10:00:18',1,'2018-11-06 10:00:18','be2c510b1b5440dc8550c404031e6035',62,11),(180,'2018-11-06 10:01:57',1,'2018-11-06 10:01:57','be2c510b1b5440dc8550c404031e6035',62,11),(181,'2018-11-06 10:05:59',1,'2018-11-06 10:05:59','be2c510b1b5440dc8550c404031e6035',62,11),(182,'2018-11-06 10:12:12',1,'2018-11-06 10:12:12','be2c510b1b5440dc8550c404031e6035',62,11),(183,'2018-11-06 10:12:29',1,'2018-11-06 10:12:29','be2c510b1b5440dc8550c404031e6035',62,11),(184,'2018-11-06 10:15:45',1,'2018-11-06 10:15:45','be2c510b1b5440dc8550c404031e6035',62,11),(185,'2018-11-06 10:17:19',1,'2018-11-06 10:17:19','be2c510b1b5440dc8550c404031e6035',62,11),(186,'2018-11-06 10:18:06',1,'2018-11-06 10:18:06','be2c510b1b5440dc8550c404031e6035',62,11),(187,'2018-11-06 10:23:16',1,'2018-11-06 10:23:16','be2c510b1b5440dc8550c404031e6035',62,11),(188,'2018-11-06 10:25:22',1,'2018-11-06 10:25:22','be2c510b1b5440dc8550c404031e6035',55,11),(189,'2018-11-06 10:26:08',1,'2018-11-06 10:26:08','be2c510b1b5440dc8550c404031e6035',62,11),(190,'2018-11-06 10:27:41',1,'2018-11-06 10:27:41','be2c510b1b5440dc8550c404031e6035',62,11),(191,'2018-11-06 10:30:30',1,'2018-11-06 10:30:30','be2c510b1b5440dc8550c404031e6035',62,11),(192,'2018-11-06 10:31:21',1,'2018-11-06 10:31:21','be2c510b1b5440dc8550c404031e6035',62,11),(193,'2018-11-06 10:36:16',1,'2018-11-06 10:36:16','be2c510b1b5440dc8550c404031e6035',62,11),(194,'2018-11-06 10:39:58',1,'2018-11-06 10:39:58','be2c510b1b5440dc8550c404031e6035',62,11),(195,'2018-11-06 10:45:57',1,'2018-11-06 10:45:57','be2c510b1b5440dc8550c404031e6035',62,11),(196,'2018-11-06 10:47:00',1,'2018-11-06 10:47:00','be2c510b1b5440dc8550c404031e6035',62,11),(197,'2018-11-06 10:49:41',1,'2018-11-06 10:49:41','be2c510b1b5440dc8550c404031e6035',62,11),(198,'2018-11-06 10:50:43',1,'2018-11-06 10:50:43','be2c510b1b5440dc8550c404031e6035',62,11),(199,'2018-11-06 10:51:55',1,'2018-11-06 10:51:55','be2c510b1b5440dc8550c404031e6035',62,11),(200,'2018-11-06 10:52:05',1,'2018-11-06 10:52:05','be2c510b1b5440dc8550c404031e6035',55,11),(201,'2018-11-06 10:52:28',1,'2018-11-06 10:52:28','be2c510b1b5440dc8550c404031e6035',62,11),(202,'2018-11-06 10:54:49',1,'2018-11-06 10:54:49','be2c510b1b5440dc8550c404031e6035',55,11),(203,'2018-11-06 10:56:55',1,'2018-11-06 10:56:55','be2c510b1b5440dc8550c404031e6035',62,11),(204,'2018-11-06 10:56:59',1,'2018-11-06 10:56:59','be2c510b1b5440dc8550c404031e6035',62,11),(205,'2018-11-06 11:03:17',1,'2018-11-06 11:03:17','be2c510b1b5440dc8550c404031e6035',62,11),(206,'2018-11-06 11:06:18',1,'2018-11-06 11:06:18','be2c510b1b5440dc8550c404031e6035',55,11),(207,'2018-11-06 11:06:24',1,'2018-11-06 11:06:24','be2c510b1b5440dc8550c404031e6035',55,11),(208,'2018-11-06 11:06:37',1,'2018-11-06 11:06:37','be2c510b1b5440dc8550c404031e6035',55,11),(209,'2018-11-06 11:06:44',1,'2018-11-06 11:06:44','be2c510b1b5440dc8550c404031e6035',64,11),(210,'2018-11-06 11:07:00',1,'2018-11-06 11:07:00','be2c510b1b5440dc8550c404031e6035',64,11),(211,'2018-11-06 11:09:28',1,'2018-11-06 11:09:28','be2c510b1b5440dc8550c404031e6035',55,11),(212,'2018-11-06 11:10:38',1,'2018-11-06 11:10:38','be2c510b1b5440dc8550c404031e6035',55,11),(213,'2018-11-06 11:11:25',1,'2018-11-06 11:11:25','be2c510b1b5440dc8550c404031e6035',64,11),(214,'2018-11-06 11:12:41',1,'2018-11-06 11:12:41','be2c510b1b5440dc8550c404031e6035',64,11),(215,'2018-11-06 11:13:31',1,'2018-11-06 11:13:31','be2c510b1b5440dc8550c404031e6035',64,11),(216,'2018-11-06 11:14:31',1,'2018-11-06 11:14:31','be2c510b1b5440dc8550c404031e6035',64,11),(217,'2018-11-06 11:14:40',1,'2018-11-06 11:14:40','be2c510b1b5440dc8550c404031e6035',64,11),(218,'2018-11-06 11:27:54',1,'2018-11-06 11:27:54','be2c510b1b5440dc8550c404031e6035',64,5),(219,'2018-11-06 11:27:57',1,'2018-11-06 11:27:57','be2c510b1b5440dc8550c404031e6035',63,5),(220,'2018-11-06 11:28:00',1,'2018-11-06 11:28:00','be2c510b1b5440dc8550c404031e6035',62,5),(221,'2018-11-06 11:32:40',1,'2018-11-06 11:32:40','be2c510b1b5440dc8550c404031e6035',64,11),(222,'2018-11-06 11:35:19',1,'2018-11-06 11:35:19','be2c510b1b5440dc8550c404031e6035',64,11),(223,'2018-11-06 11:37:29',1,'2018-11-06 11:37:29','be2c510b1b5440dc8550c404031e6035',64,11),(224,'2018-11-06 11:37:50',1,'2018-11-06 11:37:50','be2c510b1b5440dc8550c404031e6035',64,11),(225,'2018-11-06 11:38:32',1,'2018-11-06 11:38:32','be2c510b1b5440dc8550c404031e6035',63,11),(226,'2018-11-06 11:39:06',1,'2018-11-06 11:39:06','be2c510b1b5440dc8550c404031e6035',64,11),(227,'2018-11-06 11:40:11',1,'2018-11-06 11:40:11','be2c510b1b5440dc8550c404031e6035',63,5),(228,'2018-11-06 11:48:58',1,'2018-11-06 11:48:58','be2c510b1b5440dc8550c404031e6035',64,11),(229,'2018-11-06 11:52:58',1,'2018-11-06 11:52:58','be2c510b1b5440dc8550c404031e6035',64,11),(230,'2018-11-06 14:13:41',1,'2018-11-06 14:13:41','be2c510b1b5440dc8550c404031e6035',64,11),(231,'2018-11-06 14:17:42',1,'2018-11-06 14:17:42','be2c510b1b5440dc8550c404031e6035',64,11),(232,'2018-11-06 14:17:53',1,'2018-11-06 14:17:53','be2c510b1b5440dc8550c404031e6035',64,11),(233,'2018-11-06 14:27:14',1,'2018-11-06 14:27:14','be2c510b1b5440dc8550c404031e6035',64,11),(234,'2018-11-06 14:34:07',1,'2018-11-06 14:34:07','be2c510b1b5440dc8550c404031e6035',64,11),(235,'2018-11-06 14:35:02',1,'2018-11-06 14:35:02','be2c510b1b5440dc8550c404031e6035',64,11),(236,'2018-11-06 14:38:16',1,'2018-11-06 14:38:16','be2c510b1b5440dc8550c404031e6035',64,11),(237,'2018-11-06 14:39:18',1,'2018-11-06 14:39:18','be2c510b1b5440dc8550c404031e6035',64,11),(238,'2018-11-06 14:39:21',1,'2018-11-06 14:39:21','be2c510b1b5440dc8550c404031e6035',64,11),(239,'2018-11-06 14:40:10',1,'2018-11-06 14:40:10','be2c510b1b5440dc8550c404031e6035',64,11),(240,'2018-11-06 14:40:42',1,'2018-11-06 14:40:42','be2c510b1b5440dc8550c404031e6035',64,11),(241,'2018-11-06 14:41:34',1,'2018-11-06 14:41:34','be2c510b1b5440dc8550c404031e6035',64,11),(242,'2018-11-06 14:42:42',1,'2018-11-06 14:42:42','be2c510b1b5440dc8550c404031e6035',64,11),(243,'2018-11-06 14:44:39',1,'2018-11-06 14:44:39','be2c510b1b5440dc8550c404031e6035',63,11),(244,'2018-11-06 14:44:47',1,'2018-11-06 14:44:47','be2c510b1b5440dc8550c404031e6035',62,11),(245,'2018-11-06 14:49:43',1,'2018-11-06 14:49:43','be2c510b1b5440dc8550c404031e6035',62,11),(246,'2018-11-06 14:51:48',1,'2018-11-06 14:51:48','be2c510b1b5440dc8550c404031e6035',62,11),(247,'2018-11-06 14:52:27',1,'2018-11-06 14:52:27','be2c510b1b5440dc8550c404031e6035',62,11),(248,'2018-11-06 14:52:50',1,'2018-11-06 14:52:50','be2c510b1b5440dc8550c404031e6035',62,11),(249,'2018-11-06 14:54:19',1,'2018-11-06 14:54:19','be2c510b1b5440dc8550c404031e6035',65,11),(250,'2018-11-06 14:54:28',1,'2018-11-06 14:54:28','be2c510b1b5440dc8550c404031e6035',66,11),(251,'2018-11-06 14:55:18',1,'2018-11-06 14:55:18','be2c510b1b5440dc8550c404031e6035',66,11),(252,'2018-11-06 14:55:57',1,'2018-11-06 14:55:57','be2c510b1b5440dc8550c404031e6035',66,11),(253,'2018-11-06 14:56:44',1,'2018-11-06 14:56:44','be2c510b1b5440dc8550c404031e6035',66,11),(254,'2018-11-06 14:57:58',1,'2018-11-06 14:57:58','be2c510b1b5440dc8550c404031e6035',67,11),(255,'2018-11-06 15:00:29',1,'2018-11-06 15:00:29','be2c510b1b5440dc8550c404031e6035',67,6),(256,'2018-11-06 18:22:45',1,'2018-11-06 18:22:45','be2c510b1b5440dc8550c404031e6035',67,5),(257,'2018-11-06 18:23:01',1,'2018-11-06 18:23:01','be2c510b1b5440dc8550c404031e6035',66,5),(258,'2018-11-06 23:43:40',1,'2018-11-06 23:43:40','d8f0329e3e2844aebf6ef06f6dc42e57',68,12),(259,'2018-11-06 22:25:46',1,'2018-11-06 22:25:46','be2c510b1b5440dc8550c404031e6035',67,5),(260,'2018-11-06 22:34:44',1,'2018-11-06 22:34:44','be2c510b1b5440dc8550c404031e6035',64,5),(261,'2018-11-07 00:47:15',1,'2018-11-07 00:47:15','d8f0329e3e2844aebf6ef06f6dc42e57',74,12),(262,'2018-11-07 00:53:40',1,'2018-11-07 00:53:40','d8f0329e3e2844aebf6ef06f6dc42e57',73,12),(263,'2018-11-07 01:00:44',1,'2018-11-07 01:00:44','d8f0329e3e2844aebf6ef06f6dc42e57',75,12),(264,'2018-11-07 09:07:06',1,'2018-11-07 09:07:06','d8f0329e3e2844aebf6ef06f6dc42e57',75,12),(265,'2018-11-07 09:27:11',1,'2018-11-07 09:27:11','be2c510b1b5440dc8550c404031e6035',67,6),(266,'2018-11-07 09:49:12',1,'2018-11-07 09:49:12','be2c510b1b5440dc8550c404031e6035',67,6),(267,'2018-11-07 09:56:27',1,'2018-11-07 09:56:27','d8f0329e3e2844aebf6ef06f6dc42e57',75,12),(268,'2018-11-07 09:57:12',1,'2018-11-07 09:57:12','be2c510b1b5440dc8550c404031e6035',67,6),(269,'2018-11-07 09:57:03',1,'2018-11-07 09:57:03','be2c510b1b5440dc8550c404031e6035',67,5),(270,'2018-11-07 09:57:45',1,'2018-11-07 09:57:45','be2c510b1b5440dc8550c404031e6035',67,5),(271,'2018-11-07 09:59:49',1,'2018-11-07 09:59:49','d8f0329e3e2844aebf6ef06f6dc42e57',74,12),(272,'2018-11-07 10:46:14',1,'2018-11-07 10:46:14','be2c510b1b5440dc8550c404031e6035',65,6),(273,'2018-11-07 14:00:41',1,'2018-11-07 14:00:41','d8f0329e3e2844aebf6ef06f6dc42e57',71,12),(274,'2018-11-07 14:00:48',1,'2018-11-07 14:00:48','d8f0329e3e2844aebf6ef06f6dc42e57',72,12),(275,'2018-11-07 14:01:02',1,'2018-11-07 14:01:02','d8f0329e3e2844aebf6ef06f6dc42e57',70,12),(276,'2018-11-07 14:01:15',1,'2018-11-07 14:01:15','d8f0329e3e2844aebf6ef06f6dc42e57',70,12),(277,'2018-11-07 14:01:38',1,'2018-11-07 14:01:38','d8f0329e3e2844aebf6ef06f6dc42e57',70,12),(278,'2018-11-07 14:02:04',1,'2018-11-07 14:02:04','d8f0329e3e2844aebf6ef06f6dc42e57',73,12),(279,'2018-11-07 14:02:10',1,'2018-11-07 14:02:10','d8f0329e3e2844aebf6ef06f6dc42e57',74,12),(280,'2018-11-07 13:43:06',1,'2018-11-07 13:43:06','be2c510b1b5440dc8550c404031e6035',66,5),(281,'2018-11-07 13:50:07',1,'2018-11-07 13:50:07','be2c510b1b5440dc8550c404031e6035',63,5),(282,'2018-11-07 13:50:14',1,'2018-11-07 13:50:14','be2c510b1b5440dc8550c404031e6035',65,5),(283,'2018-11-07 14:53:16',1,'2018-11-07 14:53:16','d8f0329e3e2844aebf6ef06f6dc42e57',70,12),(284,'2018-11-07 14:53:42',1,'2018-11-07 14:53:42','d8f0329e3e2844aebf6ef06f6dc42e57',69,12),(285,'2018-11-07 14:53:47',1,'2018-11-07 14:53:47','d8f0329e3e2844aebf6ef06f6dc42e57',71,12),(286,'2018-11-07 14:53:52',1,'2018-11-07 14:53:52','d8f0329e3e2844aebf6ef06f6dc42e57',71,12),(287,'2018-11-07 15:11:53',1,'2018-11-07 15:11:53','be2c510b1b5440dc8550c404031e6035',65,6),(288,'2018-11-07 15:33:22',1,'2018-11-07 15:33:22','be2c510b1b5440dc8550c404031e6035',65,6),(289,'2018-11-07 15:38:02',1,'2018-11-07 15:38:02','be2c510b1b5440dc8550c404031e6035',65,6),(290,'2018-11-07 15:54:31',1,'2018-11-07 15:54:31','be2c510b1b5440dc8550c404031e6035',65,6),(291,'2018-11-08 16:57:01',1,'2018-11-08 16:57:01','be2c510b1b5440dc8550c404031e6035',65,6),(292,'2018-11-08 16:59:31',1,'2018-11-08 16:59:31','be2c510b1b5440dc8550c404031e6035',65,6),(293,'2018-11-08 17:07:56',1,'2018-11-08 17:07:56','be2c510b1b5440dc8550c404031e6035',65,6),(294,'2018-11-08 17:10:17',1,'2018-11-08 17:10:17','be2c510b1b5440dc8550c404031e6035',65,6),(295,'2018-11-08 17:10:31',1,'2018-11-08 17:10:31','be2c510b1b5440dc8550c404031e6035',65,6),(296,'2018-11-08 17:11:06',1,'2018-11-08 17:11:06','be2c510b1b5440dc8550c404031e6035',65,6),(297,'2018-11-08 17:12:13',1,'2018-11-08 17:12:13','be2c510b1b5440dc8550c404031e6035',65,6),(298,'2018-11-08 17:46:01',1,'2018-11-08 17:46:01','be2c510b1b5440dc8550c404031e6035',65,6),(299,'2018-11-08 19:09:59',1,'2018-11-08 19:09:59','be2c510b1b5440dc8550c404031e6035',65,6),(300,'2018-11-08 21:25:04',1,'2018-11-08 21:25:04','be2c510b1b5440dc8550c404031e6035',65,6),(301,'2018-11-08 21:27:03',1,'2018-11-08 21:27:03','be2c510b1b5440dc8550c404031e6035',65,6),(302,'2018-11-08 21:27:47',1,'2018-11-08 21:27:47','be2c510b1b5440dc8550c404031e6035',65,6),(303,'2018-11-08 21:30:28',1,'2018-11-08 21:30:28','be2c510b1b5440dc8550c404031e6035',65,6),(304,'2018-11-08 21:36:43',1,'2018-11-08 21:36:43','be2c510b1b5440dc8550c404031e6035',65,6),(305,'2018-11-08 21:52:58',1,'2018-11-08 21:52:58','be2c510b1b5440dc8550c404031e6035',62,6),(306,'2018-11-08 22:11:47',1,'2018-11-08 22:11:47','be2c510b1b5440dc8550c404031e6035',62,6),(307,'2018-11-08 22:12:00',1,'2018-11-08 22:12:00','be2c510b1b5440dc8550c404031e6035',64,6),(308,'2018-11-08 22:12:05',1,'2018-11-08 22:12:05','be2c510b1b5440dc8550c404031e6035',55,6),(309,'2018-11-08 22:12:07',1,'2018-11-08 22:12:07','be2c510b1b5440dc8550c404031e6035',62,6),(310,'2018-11-08 22:12:17',1,'2018-11-08 22:12:17','be2c510b1b5440dc8550c404031e6035',63,6),(311,'2018-11-08 22:12:32',1,'2018-11-08 22:12:32','be2c510b1b5440dc8550c404031e6035',62,6),(312,'2018-11-08 22:12:42',1,'2018-11-08 22:12:42','be2c510b1b5440dc8550c404031e6035',64,6),(313,'2018-11-08 22:12:48',1,'2018-11-08 22:12:48','be2c510b1b5440dc8550c404031e6035',66,6),(314,'2018-11-28 14:21:14',1,'2018-11-28 14:21:14','798fcb91187549a5b3b9338b0e8d9485',88,14),(315,'2018-11-28 14:32:25',1,'2018-11-28 14:32:25','798fcb91187549a5b3b9338b0e8d9485',88,15),(316,'2018-11-28 14:33:16',1,'2018-11-28 14:33:16','798fcb91187549a5b3b9338b0e8d9485',88,15),(317,'2018-11-28 14:36:26',1,'2018-11-28 14:36:26','798fcb91187549a5b3b9338b0e8d9485',88,15),(318,'2018-11-28 14:36:36',1,'2018-11-28 14:36:36','798fcb91187549a5b3b9338b0e8d9485',88,15),(319,'2018-11-28 14:36:49',1,'2018-11-28 14:36:49','798fcb91187549a5b3b9338b0e8d9485',88,15),(320,'2018-11-28 14:37:11',1,'2018-11-28 14:37:11','798fcb91187549a5b3b9338b0e8d9485',88,15),(321,'2018-11-28 14:37:15',1,'2018-11-28 14:37:15','798fcb91187549a5b3b9338b0e8d9485',88,15),(322,'2018-11-28 14:37:18',1,'2018-11-28 14:37:18','798fcb91187549a5b3b9338b0e8d9485',88,15),(323,'2018-11-28 16:26:07',1,'2018-11-28 16:26:07','d8f0329e3e2844aebf6ef06f6dc42e57',71,16),(324,'2018-11-28 22:14:45',1,'2018-11-28 22:14:45','798fcb91187549a5b3b9338b0e8d9485',88,15),(325,'2018-11-28 22:14:53',1,'2018-11-28 22:14:53','798fcb91187549a5b3b9338b0e8d9485',88,15),(326,'2018-11-28 22:19:00',1,'2018-11-28 22:19:00','798fcb91187549a5b3b9338b0e8d9485',88,15),(327,'2018-11-28 22:25:03',1,'2018-11-28 22:25:03','798fcb91187549a5b3b9338b0e8d9485',90,15),(328,'2018-11-28 22:37:49',1,'2018-11-28 22:37:49','798fcb91187549a5b3b9338b0e8d9485',91,15),(329,'2018-11-28 22:37:54',1,'2018-11-28 22:37:54','798fcb91187549a5b3b9338b0e8d9485',88,15),(330,'2018-11-28 22:39:42',1,'2018-11-28 22:39:42','798fcb91187549a5b3b9338b0e8d9485',88,15),(331,'2018-11-28 22:40:14',1,'2018-11-28 22:40:14','798fcb91187549a5b3b9338b0e8d9485',88,15),(332,'2018-11-28 22:40:41',1,'2018-11-28 22:40:41','798fcb91187549a5b3b9338b0e8d9485',88,15),(333,'2018-11-28 22:40:48',1,'2018-11-28 22:40:48','798fcb91187549a5b3b9338b0e8d9485',88,15),(334,'2018-11-28 22:40:52',1,'2018-11-28 22:40:52','798fcb91187549a5b3b9338b0e8d9485',88,15),(335,'2018-11-28 22:41:10',1,'2018-11-28 22:41:10','798fcb91187549a5b3b9338b0e8d9485',88,15),(336,'2018-11-28 22:41:40',1,'2018-11-28 22:41:40','798fcb91187549a5b3b9338b0e8d9485',88,15),(337,'2018-11-28 23:12:25',1,'2018-11-28 23:12:25','798fcb91187549a5b3b9338b0e8d9485',91,15),(338,'2018-11-29 00:25:26',1,'2018-11-29 00:25:26','798fcb91187549a5b3b9338b0e8d9485',89,15),(339,'2018-11-29 09:14:07',1,'2018-11-29 09:14:07','d8f0329e3e2844aebf6ef06f6dc42e57',71,12),(340,'2018-11-29 09:14:22',1,'2018-11-29 09:14:22','d8f0329e3e2844aebf6ef06f6dc42e57',74,12),(341,'2018-11-29 20:57:27',1,'2018-11-29 20:57:27','798fcb91187549a5b3b9338b0e8d9485',90,14),(342,'2018-11-30 22:42:57',1,'2018-11-30 22:42:57','d8f0329e3e2844aebf6ef06f6dc42e57',71,12),(343,'2018-11-30 22:43:02',1,'2018-11-30 22:43:02','d8f0329e3e2844aebf6ef06f6dc42e57',70,12),(344,'2018-11-30 22:44:03',1,'2018-11-30 22:44:03','d8f0329e3e2844aebf6ef06f6dc42e57',71,12),(345,'2018-11-30 22:44:42',1,'2018-11-30 22:44:42','d8f0329e3e2844aebf6ef06f6dc42e57',73,12),(346,'2018-12-01 09:54:43',1,'2018-12-01 09:54:43','d8f0329e3e2844aebf6ef06f6dc42e57',71,12),(347,'2018-12-01 10:04:01',1,'2018-12-01 10:04:01','d8f0329e3e2844aebf6ef06f6dc42e57',71,17),(348,'2018-12-01 10:07:13',1,'2018-12-01 10:07:13','d8f0329e3e2844aebf6ef06f6dc42e57',74,17),(349,'2018-12-01 10:07:31',1,'2018-12-01 10:07:31','d8f0329e3e2844aebf6ef06f6dc42e57',74,17),(350,'2018-12-01 10:07:39',1,'2018-12-01 10:07:39','d8f0329e3e2844aebf6ef06f6dc42e57',73,17),(351,'2018-12-01 10:07:50',1,'2018-12-01 10:07:50','d8f0329e3e2844aebf6ef06f6dc42e57',74,17),(352,'2018-12-01 10:08:24',1,'2018-12-01 10:08:24','d8f0329e3e2844aebf6ef06f6dc42e57',71,17),(353,'2018-12-01 10:14:08',1,'2018-12-01 10:14:08','d8f0329e3e2844aebf6ef06f6dc42e57',70,17),(354,'2018-12-01 10:14:16',1,'2018-12-01 10:14:16','d8f0329e3e2844aebf6ef06f6dc42e57',70,17),(355,'2018-12-01 10:14:46',1,'2018-12-01 10:14:46','d8f0329e3e2844aebf6ef06f6dc42e57',69,17),(356,'2018-12-01 10:15:11',1,'2018-12-01 10:15:11','d8f0329e3e2844aebf6ef06f6dc42e57',69,17),(357,'2018-12-01 10:15:24',1,'2018-12-01 10:15:24','d8f0329e3e2844aebf6ef06f6dc42e57',68,17),(358,'2018-12-01 10:38:57',1,'2018-12-01 10:38:57','d8f0329e3e2844aebf6ef06f6dc42e57',71,17),(359,'2018-12-01 10:39:09',1,'2018-12-01 10:39:09','d8f0329e3e2844aebf6ef06f6dc42e57',74,17),(360,'2018-12-01 10:54:06',1,'2018-12-01 10:54:06','d8f0329e3e2844aebf6ef06f6dc42e57',73,17),(361,'2018-12-01 11:02:18',1,'2018-12-01 11:02:18','d8f0329e3e2844aebf6ef06f6dc42e57',71,17),(362,'2018-12-01 12:40:37',1,'2018-12-01 12:40:37','d8f0329e3e2844aebf6ef06f6dc42e57',73,12),(363,'2018-12-02 11:59:49',1,'2018-12-02 11:59:49','d8f0329e3e2844aebf6ef06f6dc42e57',71,12),(364,'2018-12-02 12:05:18',1,'2018-12-02 12:05:18','d8f0329e3e2844aebf6ef06f6dc42e57',71,12),(365,'2018-12-02 12:05:21',1,'2018-12-02 12:05:21','d8f0329e3e2844aebf6ef06f6dc42e57',71,12),(366,'2018-12-02 12:10:07',1,'2018-12-02 12:10:07','d8f0329e3e2844aebf6ef06f6dc42e57',71,12),(367,'2018-12-02 13:03:57',1,'2018-12-02 13:03:57','d8f0329e3e2844aebf6ef06f6dc42e57',72,18),(368,'2018-12-02 13:04:32',1,'2018-12-02 13:04:32','d8f0329e3e2844aebf6ef06f6dc42e57',70,18),(369,'2018-12-02 13:07:04',1,'2018-12-02 13:07:04','d8f0329e3e2844aebf6ef06f6dc42e57',68,18),(370,'2018-12-02 13:08:36',1,'2018-12-02 13:08:36','d8f0329e3e2844aebf6ef06f6dc42e57',71,18),(371,'2018-12-02 13:10:56',1,'2018-12-02 13:10:56','d8f0329e3e2844aebf6ef06f6dc42e57',75,18),(372,'2018-12-02 13:12:00',1,'2018-12-02 13:12:00','d8f0329e3e2844aebf6ef06f6dc42e57',72,18),(373,'2018-12-02 13:12:30',1,'2018-12-02 13:12:30','d8f0329e3e2844aebf6ef06f6dc42e57',74,18),(374,'2018-12-02 13:12:44',1,'2018-12-02 13:12:44','d8f0329e3e2844aebf6ef06f6dc42e57',73,18),(375,'2018-12-02 13:29:36',1,'2018-12-02 13:29:36','d8f0329e3e2844aebf6ef06f6dc42e57',71,17),(376,'2018-12-02 13:39:57',1,'2018-12-02 13:39:57','d8f0329e3e2844aebf6ef06f6dc42e57',71,18),(377,'2018-12-02 13:40:03',1,'2018-12-02 13:40:03','d8f0329e3e2844aebf6ef06f6dc42e57',75,18),(378,'2018-12-02 13:40:10',1,'2018-12-02 13:40:10','d8f0329e3e2844aebf6ef06f6dc42e57',75,18),(379,'2018-12-02 13:40:49',1,'2018-12-02 13:40:49','d8f0329e3e2844aebf6ef06f6dc42e57',69,18),(380,'2018-12-02 14:31:37',1,'2018-12-02 14:31:37','d8f0329e3e2844aebf6ef06f6dc42e57',75,12),(381,'2018-12-02 14:31:39',1,'2018-12-02 14:31:39','d8f0329e3e2844aebf6ef06f6dc42e57',148,12),(382,'2018-12-02 14:31:43',1,'2018-12-02 14:31:43','d8f0329e3e2844aebf6ef06f6dc42e57',75,12),(383,'2018-12-02 14:31:48',1,'2018-12-02 14:31:48','d8f0329e3e2844aebf6ef06f6dc42e57',148,12),(384,'2018-12-02 14:31:50',1,'2018-12-02 14:31:50','d8f0329e3e2844aebf6ef06f6dc42e57',75,12),(385,'2018-12-02 14:32:55',1,'2018-12-02 14:32:55','d8f0329e3e2844aebf6ef06f6dc42e57',148,12),(386,'2018-12-02 15:23:09',1,'2018-12-02 15:23:09','d8f0329e3e2844aebf6ef06f6dc42e57',71,18),(387,'2018-12-02 15:23:27',1,'2018-12-02 15:23:27','d8f0329e3e2844aebf6ef06f6dc42e57',148,18),(388,'2018-12-02 19:12:08',1,'2018-12-02 19:12:08','d8f0329e3e2844aebf6ef06f6dc42e57',74,18),(389,'2018-12-02 19:12:19',1,'2018-12-02 19:12:19','d8f0329e3e2844aebf6ef06f6dc42e57',73,18),(390,'2018-12-02 19:12:52',1,'2018-12-02 19:12:52','d8f0329e3e2844aebf6ef06f6dc42e57',73,18),(391,'2018-12-02 19:13:40',1,'2018-12-02 19:13:40','d8f0329e3e2844aebf6ef06f6dc42e57',73,18),(392,'2018-12-02 19:13:43',1,'2018-12-02 19:13:43','d8f0329e3e2844aebf6ef06f6dc42e57',73,18),(393,'2018-12-02 19:14:24',1,'2018-12-02 19:14:24','d8f0329e3e2844aebf6ef06f6dc42e57',148,18),(394,'2018-12-02 19:14:37',1,'2018-12-02 19:14:37','d8f0329e3e2844aebf6ef06f6dc42e57',72,18),(395,'2018-12-02 19:15:51',1,'2018-12-02 19:15:51','d8f0329e3e2844aebf6ef06f6dc42e57',73,19),(396,'2018-12-02 19:32:19',1,'2018-12-02 19:32:19','d8f0329e3e2844aebf6ef06f6dc42e57',70,20),(397,'2018-12-02 19:33:10',1,'2018-12-02 19:33:10','d8f0329e3e2844aebf6ef06f6dc42e57',71,21),(398,'2018-12-02 19:33:38',1,'2018-12-02 19:33:38','d8f0329e3e2844aebf6ef06f6dc42e57',71,20),(399,'2018-12-02 19:33:58',1,'2018-12-02 19:33:58','d8f0329e3e2844aebf6ef06f6dc42e57',72,20),(400,'2018-12-02 20:01:14',1,'2018-12-02 20:01:14','d8f0329e3e2844aebf6ef06f6dc42e57',71,12),(401,'2018-12-04 10:13:05',1,'2018-12-04 10:13:05','798fcb91187549a5b3b9338b0e8d9485',92,22),(402,'2018-12-04 10:14:17',1,'2018-12-04 10:14:17','798fcb91187549a5b3b9338b0e8d9485',95,22),(403,'2018-12-04 10:15:37',1,'2018-12-04 10:15:37','798fcb91187549a5b3b9338b0e8d9485',91,22),(404,'2018-12-04 10:19:38',1,'2018-12-04 10:19:38','798fcb91187549a5b3b9338b0e8d9485',130,22),(405,'2018-12-04 10:21:47',1,'2018-12-04 10:21:47','798fcb91187549a5b3b9338b0e8d9485',91,22),(406,'2018-12-04 21:58:29',1,'2018-12-04 21:58:29','798fcb91187549a5b3b9338b0e8d9485',111,24),(407,'2018-12-04 22:00:02',1,'2018-12-04 22:00:02','798fcb91187549a5b3b9338b0e8d9485',111,24),(408,'2018-12-04 22:00:26',1,'2018-12-04 22:00:26','798fcb91187549a5b3b9338b0e8d9485',127,24),(409,'2018-12-04 22:00:33',1,'2018-12-04 22:00:33','798fcb91187549a5b3b9338b0e8d9485',123,24),(410,'2018-12-04 22:00:39',1,'2018-12-04 22:00:39','798fcb91187549a5b3b9338b0e8d9485',122,24),(411,'2018-12-04 22:01:16',1,'2018-12-04 22:01:16','798fcb91187549a5b3b9338b0e8d9485',89,24),(412,'2018-12-04 22:01:28',1,'2018-12-04 22:01:28','798fcb91187549a5b3b9338b0e8d9485',88,24),(413,'2018-12-04 22:03:05',1,'2018-12-04 22:03:05','798fcb91187549a5b3b9338b0e8d9485',128,24),(414,'2018-12-04 22:03:41',1,'2018-12-04 22:03:41','798fcb91187549a5b3b9338b0e8d9485',131,24),(415,'2018-12-04 22:04:45',1,'2018-12-04 22:04:45','798fcb91187549a5b3b9338b0e8d9485',130,24),(416,'2018-12-04 22:05:33',1,'2018-12-04 22:05:33','798fcb91187549a5b3b9338b0e8d9485',127,24),(417,'2018-12-04 22:07:48',1,'2018-12-04 22:07:48','798fcb91187549a5b3b9338b0e8d9485',127,23),(418,'2018-12-04 22:08:24',1,'2018-12-04 22:08:24','798fcb91187549a5b3b9338b0e8d9485',110,24),(419,'2018-12-04 22:11:40',1,'2018-12-04 22:11:40','798fcb91187549a5b3b9338b0e8d9485',131,23),(420,'2018-12-04 22:11:55',1,'2018-12-04 22:11:55','798fcb91187549a5b3b9338b0e8d9485',130,23),(421,'2018-12-04 22:12:33',1,'2018-12-04 22:12:33','798fcb91187549a5b3b9338b0e8d9485',114,23),(422,'2018-12-04 22:12:46',1,'2018-12-04 22:12:46','798fcb91187549a5b3b9338b0e8d9485',116,23),(423,'2018-12-04 22:12:53',1,'2018-12-04 22:12:53','798fcb91187549a5b3b9338b0e8d9485',117,23),(424,'2018-12-04 22:13:05',1,'2018-12-04 22:13:05','798fcb91187549a5b3b9338b0e8d9485',123,23),(425,'2018-12-04 22:13:11',1,'2018-12-04 22:13:11','798fcb91187549a5b3b9338b0e8d9485',125,23),(426,'2018-12-04 22:13:27',1,'2018-12-04 22:13:27','798fcb91187549a5b3b9338b0e8d9485',112,23),(427,'2018-12-04 22:13:46',1,'2018-12-04 22:13:46','798fcb91187549a5b3b9338b0e8d9485',125,23),(428,'2018-12-04 22:19:47',1,'2018-12-04 22:19:47','798fcb91187549a5b3b9338b0e8d9485',125,23),(429,'2018-12-04 22:20:08',1,'2018-12-04 22:20:08','798fcb91187549a5b3b9338b0e8d9485',131,23),(430,'2018-12-04 22:20:49',1,'2018-12-04 22:20:49','798fcb91187549a5b3b9338b0e8d9485',110,23),(431,'2018-12-04 22:20:59',1,'2018-12-04 22:20:59','798fcb91187549a5b3b9338b0e8d9485',111,23),(432,'2018-12-04 22:21:29',1,'2018-12-04 22:21:29','798fcb91187549a5b3b9338b0e8d9485',124,23),(433,'2018-12-04 22:21:51',1,'2018-12-04 22:21:51','798fcb91187549a5b3b9338b0e8d9485',121,23),(434,'2018-12-04 22:22:10',1,'2018-12-04 22:22:10','798fcb91187549a5b3b9338b0e8d9485',130,23),(435,'2018-12-04 22:22:30',1,'2018-12-04 22:22:30','798fcb91187549a5b3b9338b0e8d9485',117,23),(436,'2018-12-04 22:22:48',1,'2018-12-04 22:22:48','798fcb91187549a5b3b9338b0e8d9485',128,23),(437,'2018-12-04 22:22:54',1,'2018-12-04 22:22:54','798fcb91187549a5b3b9338b0e8d9485',127,23),(438,'2018-12-04 22:23:53',1,'2018-12-04 22:23:53','798fcb91187549a5b3b9338b0e8d9485',144,23),(439,'2018-12-04 23:21:34',1,'2018-12-04 23:21:34','798fcb91187549a5b3b9338b0e8d9485',114,23),(440,'2018-12-04 23:21:46',1,'2018-12-04 23:21:46','798fcb91187549a5b3b9338b0e8d9485',116,23),(441,'2018-12-04 23:22:06',1,'2018-12-04 23:22:06','798fcb91187549a5b3b9338b0e8d9485',117,23),(442,'2018-12-04 23:23:16',1,'2018-12-04 23:23:16','798fcb91187549a5b3b9338b0e8d9485',127,23),(443,'2018-12-04 23:23:31',1,'2018-12-04 23:23:31','798fcb91187549a5b3b9338b0e8d9485',126,23),(444,'2018-12-04 23:23:44',1,'2018-12-04 23:23:44','798fcb91187549a5b3b9338b0e8d9485',124,23),(445,'2018-12-04 23:23:54',1,'2018-12-04 23:23:54','798fcb91187549a5b3b9338b0e8d9485',125,23),(446,'2018-12-04 23:24:04',1,'2018-12-04 23:24:04','798fcb91187549a5b3b9338b0e8d9485',122,23),(447,'2018-12-04 23:24:18',1,'2018-12-04 23:24:18','798fcb91187549a5b3b9338b0e8d9485',121,23),(448,'2018-12-07 12:08:05',1,'2018-12-07 12:08:05','d8f0329e3e2844aebf6ef06f6dc42e57',75,18),(449,'2018-12-07 12:08:07',1,'2018-12-07 12:08:07','d8f0329e3e2844aebf6ef06f6dc42e57',154,18),(450,'2018-12-07 12:08:31',1,'2018-12-07 12:08:31','d8f0329e3e2844aebf6ef06f6dc42e57',154,18),(451,'2018-12-07 12:08:46',1,'2018-12-07 12:08:46','d8f0329e3e2844aebf6ef06f6dc42e57',154,18),(452,'2018-12-07 12:09:14',1,'2018-12-07 12:09:14','d8f0329e3e2844aebf6ef06f6dc42e57',75,18),(453,'2018-12-07 12:09:26',1,'2018-12-07 12:09:26','d8f0329e3e2844aebf6ef06f6dc42e57',154,18),(454,'2018-12-07 12:10:03',1,'2018-12-07 12:10:03','d8f0329e3e2844aebf6ef06f6dc42e57',154,18),(455,'2018-12-07 12:10:29',1,'2018-12-07 12:10:29','d8f0329e3e2844aebf6ef06f6dc42e57',154,18),(456,'2018-12-07 12:10:54',1,'2018-12-07 12:10:54','d8f0329e3e2844aebf6ef06f6dc42e57',154,18),(457,'2018-12-07 12:40:29',1,'2018-12-07 12:40:29','d8f0329e3e2844aebf6ef06f6dc42e57',154,18),(458,'2018-12-07 12:41:52',1,'2018-12-07 12:41:52','d8f0329e3e2844aebf6ef06f6dc42e57',154,18),(459,'2018-12-07 12:42:25',1,'2018-12-07 12:42:25','d8f0329e3e2844aebf6ef06f6dc42e57',154,18),(460,'2018-12-07 12:42:32',1,'2018-12-07 12:42:32','d8f0329e3e2844aebf6ef06f6dc42e57',70,18),(461,'2018-12-07 12:42:48',1,'2018-12-07 12:42:48','d8f0329e3e2844aebf6ef06f6dc42e57',69,18),(462,'2018-12-07 12:42:49',1,'2018-12-07 12:42:49','d8f0329e3e2844aebf6ef06f6dc42e57',70,18),(463,'2018-12-07 12:43:00',1,'2018-12-07 12:43:00','d8f0329e3e2844aebf6ef06f6dc42e57',154,18),(464,'2018-12-07 12:47:42',1,'2018-12-07 12:47:42','d8f0329e3e2844aebf6ef06f6dc42e57',154,18),(465,'2018-12-07 12:49:47',1,'2018-12-07 12:49:47','d8f0329e3e2844aebf6ef06f6dc42e57',154,18),(466,'2018-12-07 13:29:53',1,'2018-12-07 13:29:53','d8f0329e3e2844aebf6ef06f6dc42e57',154,19),(467,'2018-12-07 13:30:06',1,'2018-12-07 13:30:06','d8f0329e3e2844aebf6ef06f6dc42e57',154,19),(468,'2018-12-07 13:34:22',1,'2018-12-07 13:34:22','d8f0329e3e2844aebf6ef06f6dc42e57',71,18),(469,'2018-12-07 13:37:50',1,'2018-12-07 13:37:50','d8f0329e3e2844aebf6ef06f6dc42e57',154,18),(470,'2018-12-07 13:38:11',1,'2018-12-07 13:38:11','d8f0329e3e2844aebf6ef06f6dc42e57',154,18),(471,'2018-12-07 13:38:29',1,'2018-12-07 13:38:29','d8f0329e3e2844aebf6ef06f6dc42e57',154,18),(472,'2018-12-07 13:46:18',1,'2018-12-07 13:46:18','d8f0329e3e2844aebf6ef06f6dc42e57',154,19),(473,'2018-12-07 13:52:40',1,'2018-12-07 13:52:40','d8f0329e3e2844aebf6ef06f6dc42e57',68,18),(474,'2018-12-07 13:53:04',1,'2018-12-07 13:53:04','d8f0329e3e2844aebf6ef06f6dc42e57',69,18),(475,'2018-12-07 13:53:22',1,'2018-12-07 13:53:22','d8f0329e3e2844aebf6ef06f6dc42e57',70,18),(476,'2018-12-07 13:53:28',1,'2018-12-07 13:53:28','d8f0329e3e2844aebf6ef06f6dc42e57',69,18),(477,'2018-12-07 13:53:32',1,'2018-12-07 13:53:32','d8f0329e3e2844aebf6ef06f6dc42e57',68,18),(478,'2018-12-07 13:54:23',1,'2018-12-07 13:54:23','d8f0329e3e2844aebf6ef06f6dc42e57',71,18),(479,'2018-12-07 13:59:44',1,'2018-12-07 13:59:44','d8f0329e3e2844aebf6ef06f6dc42e57',73,18),(480,'2018-12-07 13:59:49',1,'2018-12-07 13:59:49','d8f0329e3e2844aebf6ef06f6dc42e57',74,18),(481,'2018-12-07 14:02:46',1,'2018-12-07 14:02:46','d8f0329e3e2844aebf6ef06f6dc42e57',154,12),(482,'2018-12-07 14:04:06',1,'2018-12-07 14:04:06','d8f0329e3e2844aebf6ef06f6dc42e57',154,18),(483,'2018-12-07 14:04:42',1,'2018-12-07 14:04:42','d8f0329e3e2844aebf6ef06f6dc42e57',154,19),(484,'2018-12-07 14:05:25',1,'2018-12-07 14:05:25','d8f0329e3e2844aebf6ef06f6dc42e57',154,18),(485,'2018-12-07 14:06:29',1,'2018-12-07 14:06:29','d8f0329e3e2844aebf6ef06f6dc42e57',154,18),(486,'2018-12-07 14:07:05',1,'2018-12-07 14:07:05','d8f0329e3e2844aebf6ef06f6dc42e57',154,12),(487,'2018-12-07 14:07:10',1,'2018-12-07 14:07:10','d8f0329e3e2844aebf6ef06f6dc42e57',154,21),(488,'2018-12-07 14:07:27',1,'2018-12-07 14:07:27','d8f0329e3e2844aebf6ef06f6dc42e57',154,12),(489,'2018-12-07 14:07:29',1,'2018-12-07 14:07:29','d8f0329e3e2844aebf6ef06f6dc42e57',154,12),(490,'2018-12-07 14:08:40',1,'2018-12-07 14:08:40','d8f0329e3e2844aebf6ef06f6dc42e57',154,12),(491,'2018-12-07 14:08:48',1,'2018-12-07 14:08:48','d8f0329e3e2844aebf6ef06f6dc42e57',154,12),(492,'2018-12-07 14:20:50',1,'2018-12-07 14:20:50','d8f0329e3e2844aebf6ef06f6dc42e57',154,20),(493,'2018-12-07 14:59:45',1,'2018-12-07 14:59:45','d8f0329e3e2844aebf6ef06f6dc42e57',154,18),(494,'2018-12-07 15:05:16',1,'2018-12-07 15:05:16','d8f0329e3e2844aebf6ef06f6dc42e57',71,26),(495,'2018-12-07 15:05:19',1,'2018-12-07 15:05:19','d8f0329e3e2844aebf6ef06f6dc42e57',154,26),(496,'2018-12-07 15:08:03',1,'2018-12-07 15:08:03','d8f0329e3e2844aebf6ef06f6dc42e57',154,26),(497,'2018-12-07 17:41:40',1,'2018-12-07 17:41:40','d8f0329e3e2844aebf6ef06f6dc42e57',155,18),(498,'2018-12-07 17:42:02',1,'2018-12-07 17:42:02','d8f0329e3e2844aebf6ef06f6dc42e57',155,18),(499,'2018-12-07 17:47:52',1,'2018-12-07 17:47:52','d8f0329e3e2844aebf6ef06f6dc42e57',155,27),(500,'2018-12-07 17:48:30',1,'2018-12-07 17:48:30','d8f0329e3e2844aebf6ef06f6dc42e57',155,19),(501,'2018-12-07 17:48:36',1,'2018-12-07 17:48:36','d8f0329e3e2844aebf6ef06f6dc42e57',155,27),(502,'2018-12-07 18:02:47',1,'2018-12-07 18:02:47','d8f0329e3e2844aebf6ef06f6dc42e57',154,18),(503,'2018-12-07 18:04:05',1,'2018-12-07 18:04:05','d8f0329e3e2844aebf6ef06f6dc42e57',155,18),(504,'2018-12-07 18:06:41',1,'2018-12-07 18:06:41','d8f0329e3e2844aebf6ef06f6dc42e57',155,28),(505,'2018-12-07 18:06:50',1,'2018-12-07 18:06:50','d8f0329e3e2844aebf6ef06f6dc42e57',155,28),(506,'2018-12-07 18:06:56',1,'2018-12-07 18:06:56','d8f0329e3e2844aebf6ef06f6dc42e57',155,28),(507,'2018-12-07 18:07:27',1,'2018-12-07 18:07:27','d8f0329e3e2844aebf6ef06f6dc42e57',68,28),(508,'2018-12-07 18:07:35',1,'2018-12-07 18:07:35','d8f0329e3e2844aebf6ef06f6dc42e57',155,28),(509,'2018-12-07 18:07:48',1,'2018-12-07 18:07:48','d8f0329e3e2844aebf6ef06f6dc42e57',75,21),(510,'2018-12-07 18:07:56',1,'2018-12-07 18:07:56','d8f0329e3e2844aebf6ef06f6dc42e57',155,21),(511,'2018-12-07 18:08:18',1,'2018-12-07 18:08:18','d8f0329e3e2844aebf6ef06f6dc42e57',155,28),(512,'2018-12-07 18:09:46',1,'2018-12-07 18:09:46','d8f0329e3e2844aebf6ef06f6dc42e57',155,28),(513,'2018-12-07 18:09:57',1,'2018-12-07 18:09:57','d8f0329e3e2844aebf6ef06f6dc42e57',155,18),(514,'2018-12-07 18:10:05',1,'2018-12-07 18:10:05','d8f0329e3e2844aebf6ef06f6dc42e57',70,18),(515,'2018-12-07 18:10:08',1,'2018-12-07 18:10:08','d8f0329e3e2844aebf6ef06f6dc42e57',68,18),(516,'2018-12-07 18:10:10',1,'2018-12-07 18:10:10','d8f0329e3e2844aebf6ef06f6dc42e57',69,18),(517,'2018-12-07 18:10:13',1,'2018-12-07 18:10:13','d8f0329e3e2844aebf6ef06f6dc42e57',155,18),(518,'2018-12-07 18:10:21',1,'2018-12-07 18:10:21','d8f0329e3e2844aebf6ef06f6dc42e57',154,18),(519,'2018-12-07 18:10:36',1,'2018-12-07 18:10:36','d8f0329e3e2844aebf6ef06f6dc42e57',154,28),(520,'2018-12-07 18:10:57',1,'2018-12-07 18:10:57','d8f0329e3e2844aebf6ef06f6dc42e57',70,28),(521,'2018-12-07 18:11:55',1,'2018-12-07 18:11:55','d8f0329e3e2844aebf6ef06f6dc42e57',71,28),(522,'2018-12-07 18:12:59',1,'2018-12-07 18:12:59','d8f0329e3e2844aebf6ef06f6dc42e57',71,28),(523,'2018-12-07 18:13:56',1,'2018-12-07 18:13:56','d8f0329e3e2844aebf6ef06f6dc42e57',70,28),(524,'2018-12-07 18:14:00',1,'2018-12-07 18:14:00','d8f0329e3e2844aebf6ef06f6dc42e57',155,28),(525,'2018-12-07 18:15:14',1,'2018-12-07 18:15:14','d8f0329e3e2844aebf6ef06f6dc42e57',155,12),(526,'2018-12-07 18:15:47',1,'2018-12-07 18:15:47','d8f0329e3e2844aebf6ef06f6dc42e57',71,12),(527,'2018-12-07 19:24:28',1,'2018-12-07 19:24:28','d8f0329e3e2844aebf6ef06f6dc42e57',155,20),(528,'2018-12-07 19:53:51',1,'2018-12-07 19:53:51','d8f0329e3e2844aebf6ef06f6dc42e57',154,18),(529,'2018-12-07 20:39:38',1,'2018-12-07 20:39:38','d8f0329e3e2844aebf6ef06f6dc42e57',155,29),(530,'2018-12-07 21:16:34',1,'2018-12-07 21:16:34','d8f0329e3e2844aebf6ef06f6dc42e57',71,21),(531,'2018-12-07 21:16:44',1,'2018-12-07 21:16:44','d8f0329e3e2844aebf6ef06f6dc42e57',154,21),(532,'2018-12-07 21:17:14',1,'2018-12-07 21:17:14','d8f0329e3e2844aebf6ef06f6dc42e57',148,21),(533,'2018-12-07 21:26:52',1,'2018-12-07 21:26:52','d8f0329e3e2844aebf6ef06f6dc42e57',156,18),(534,'2018-12-07 21:27:02',1,'2018-12-07 21:27:02','d8f0329e3e2844aebf6ef06f6dc42e57',156,30),(535,'2018-12-07 21:27:23',1,'2018-12-07 21:27:23','d8f0329e3e2844aebf6ef06f6dc42e57',156,30),(536,'2018-12-07 21:27:49',1,'2018-12-07 21:27:49','d8f0329e3e2844aebf6ef06f6dc42e57',156,28),(537,'2018-12-07 21:28:35',1,'2018-12-07 21:28:35','d8f0329e3e2844aebf6ef06f6dc42e57',156,26),(538,'2018-12-07 22:04:22',1,'2018-12-07 22:04:22','d8f0329e3e2844aebf6ef06f6dc42e57',156,18),(539,'2018-12-07 22:16:24',1,'2018-12-07 22:16:24','d8f0329e3e2844aebf6ef06f6dc42e57',156,18),(540,'2018-12-07 22:16:33',1,'2018-12-07 22:16:33','d8f0329e3e2844aebf6ef06f6dc42e57',156,18),(541,'2018-12-07 22:22:21',1,'2018-12-07 22:22:21','d8f0329e3e2844aebf6ef06f6dc42e57',156,26),(542,'2018-12-07 22:23:15',1,'2018-12-07 22:23:15','d8f0329e3e2844aebf6ef06f6dc42e57',74,26),(543,'2018-12-07 22:26:15',1,'2018-12-07 22:26:15','d8f0329e3e2844aebf6ef06f6dc42e57',155,18),(544,'2018-12-07 22:26:24',1,'2018-12-07 22:26:24','d8f0329e3e2844aebf6ef06f6dc42e57',68,18),(545,'2018-12-07 22:26:58',1,'2018-12-07 22:26:58','d8f0329e3e2844aebf6ef06f6dc42e57',69,18),(546,'2018-12-07 22:27:07',1,'2018-12-07 22:27:07','d8f0329e3e2844aebf6ef06f6dc42e57',155,18),(547,'2018-12-07 22:27:25',1,'2018-12-07 22:27:25','d8f0329e3e2844aebf6ef06f6dc42e57',155,18),(548,'2018-12-07 22:28:16',1,'2018-12-07 22:28:16','d8f0329e3e2844aebf6ef06f6dc42e57',74,18),(549,'2018-12-07 22:28:23',1,'2018-12-07 22:28:23','d8f0329e3e2844aebf6ef06f6dc42e57',73,18),(550,'2018-12-07 22:28:41',1,'2018-12-07 22:28:41','d8f0329e3e2844aebf6ef06f6dc42e57',75,18),(551,'2018-12-07 22:29:42',1,'2018-12-07 22:29:42','d8f0329e3e2844aebf6ef06f6dc42e57',154,19),(552,'2018-12-07 22:30:52',1,'2018-12-07 22:30:52','d8f0329e3e2844aebf6ef06f6dc42e57',156,19),(553,'2018-12-07 22:33:54',1,'2018-12-07 22:33:54','d8f0329e3e2844aebf6ef06f6dc42e57',156,18),(554,'2018-12-07 22:34:22',1,'2018-12-07 22:34:22','d8f0329e3e2844aebf6ef06f6dc42e57',155,18),(555,'2018-12-07 22:37:22',1,'2018-12-07 22:37:22','d8f0329e3e2844aebf6ef06f6dc42e57',154,18),(556,'2018-12-07 22:41:57',1,'2018-12-07 22:41:57','d8f0329e3e2844aebf6ef06f6dc42e57',71,18),(557,'2018-12-07 22:42:28',1,'2018-12-07 22:42:28','d8f0329e3e2844aebf6ef06f6dc42e57',75,18),(558,'2018-12-07 22:42:41',1,'2018-12-07 22:42:41','d8f0329e3e2844aebf6ef06f6dc42e57',148,18),(559,'2018-12-07 22:43:06',1,'2018-12-07 22:43:06','d8f0329e3e2844aebf6ef06f6dc42e57',148,18),(560,'2018-12-08 07:14:36',1,'2018-12-08 07:14:36','d8f0329e3e2844aebf6ef06f6dc42e57',154,18),(561,'2018-12-08 07:15:09',1,'2018-12-08 07:15:09','d8f0329e3e2844aebf6ef06f6dc42e57',72,18),(562,'2018-12-08 07:15:34',1,'2018-12-08 07:15:34','d8f0329e3e2844aebf6ef06f6dc42e57',156,18),(563,'2018-12-08 19:29:41',1,'2018-12-08 19:29:41','d8f0329e3e2844aebf6ef06f6dc42e57',154,31),(564,'2018-12-08 21:57:53',1,'2018-12-08 21:57:53','d8f0329e3e2844aebf6ef06f6dc42e57',155,19),(565,'2018-12-08 21:58:02',1,'2018-12-08 21:58:02','d8f0329e3e2844aebf6ef06f6dc42e57',156,19),(566,'2018-12-08 21:58:08',1,'2018-12-08 21:58:08','d8f0329e3e2844aebf6ef06f6dc42e57',154,19),(567,'2018-12-08 21:58:12',1,'2018-12-08 21:58:12','d8f0329e3e2844aebf6ef06f6dc42e57',155,19),(568,'2018-12-08 21:58:20',1,'2018-12-08 21:58:20','d8f0329e3e2844aebf6ef06f6dc42e57',156,19),(569,'2018-12-08 21:58:27',1,'2018-12-08 21:58:27','d8f0329e3e2844aebf6ef06f6dc42e57',155,19),(570,'2018-12-09 14:12:21',1,'2018-12-09 14:12:21','d8f0329e3e2844aebf6ef06f6dc42e57',157,18),(571,'2018-12-09 14:36:27',1,'2018-12-09 14:36:27','d8f0329e3e2844aebf6ef06f6dc42e57',158,18),(572,'2018-12-09 14:36:47',1,'2018-12-09 14:36:47','d8f0329e3e2844aebf6ef06f6dc42e57',71,18),(573,'2018-12-09 14:36:58',1,'2018-12-09 14:36:58','d8f0329e3e2844aebf6ef06f6dc42e57',158,18),(574,'2018-12-09 14:37:27',1,'2018-12-09 14:37:27','d8f0329e3e2844aebf6ef06f6dc42e57',158,18),(575,'2018-12-09 14:40:11',1,'2018-12-09 14:40:11','d8f0329e3e2844aebf6ef06f6dc42e57',157,21),(576,'2018-12-09 15:35:02',1,'2018-12-09 15:35:02','d8f0329e3e2844aebf6ef06f6dc42e57',157,18),(577,'2018-12-09 15:35:41',1,'2018-12-09 15:35:41','d8f0329e3e2844aebf6ef06f6dc42e57',157,21),(578,'2018-12-09 15:40:53',1,'2018-12-09 15:40:53','d8f0329e3e2844aebf6ef06f6dc42e57',157,21),(579,'2018-12-09 15:42:03',1,'2018-12-09 15:42:03','d8f0329e3e2844aebf6ef06f6dc42e57',157,35),(580,'2018-12-09 15:45:07',1,'2018-12-09 15:45:07','d8f0329e3e2844aebf6ef06f6dc42e57',157,12),(581,'2018-12-09 15:45:11',1,'2018-12-09 15:45:11','d8f0329e3e2844aebf6ef06f6dc42e57',158,12),(582,'2018-12-09 15:45:14',1,'2018-12-09 15:45:14','d8f0329e3e2844aebf6ef06f6dc42e57',158,12),(583,'2018-12-09 15:45:34',1,'2018-12-09 15:45:34','d8f0329e3e2844aebf6ef06f6dc42e57',157,12),(584,'2018-12-09 15:48:35',1,'2018-12-09 15:48:35','d8f0329e3e2844aebf6ef06f6dc42e57',157,21),(585,'2018-12-09 15:48:40',1,'2018-12-09 15:48:40','d8f0329e3e2844aebf6ef06f6dc42e57',157,21),(586,'2018-12-09 16:01:50',1,'2018-12-09 16:01:50','d8f0329e3e2844aebf6ef06f6dc42e57',71,18),(587,'2018-12-09 16:34:22',1,'2018-12-09 16:34:22','d8f0329e3e2844aebf6ef06f6dc42e57',71,21),(588,'2018-12-09 16:35:36',1,'2018-12-09 16:35:36','d8f0329e3e2844aebf6ef06f6dc42e57',161,21),(589,'2018-12-09 16:57:13',1,'2018-12-09 16:57:13','d8f0329e3e2844aebf6ef06f6dc42e57',161,18),(590,'2018-12-09 16:57:32',1,'2018-12-09 16:57:32','d8f0329e3e2844aebf6ef06f6dc42e57',161,18),(591,'2018-12-09 16:57:57',1,'2018-12-09 16:57:57','d8f0329e3e2844aebf6ef06f6dc42e57',162,18),(592,'2018-12-09 16:58:07',1,'2018-12-09 16:58:07','d8f0329e3e2844aebf6ef06f6dc42e57',71,18),(593,'2018-12-09 17:01:03',1,'2018-12-09 17:01:03','d8f0329e3e2844aebf6ef06f6dc42e57',71,18),(594,'2018-12-09 17:03:03',1,'2018-12-09 17:03:03','d8f0329e3e2844aebf6ef06f6dc42e57',71,18),(595,'2018-12-09 17:04:32',1,'2018-12-09 17:04:32','d8f0329e3e2844aebf6ef06f6dc42e57',71,18),(596,'2018-12-09 17:05:27',1,'2018-12-09 17:05:27','d8f0329e3e2844aebf6ef06f6dc42e57',161,18),(597,'2018-12-09 17:05:30',1,'2018-12-09 17:05:30','d8f0329e3e2844aebf6ef06f6dc42e57',162,18),(598,'2018-12-09 17:05:34',1,'2018-12-09 17:05:34','d8f0329e3e2844aebf6ef06f6dc42e57',161,18),(599,'2018-12-09 17:11:45',1,'2018-12-09 17:11:45','d8f0329e3e2844aebf6ef06f6dc42e57',70,18),(600,'2018-12-09 17:20:11',1,'2018-12-09 17:20:11','d8f0329e3e2844aebf6ef06f6dc42e57',161,18),(601,'2018-12-09 17:21:30',1,'2018-12-09 17:21:30','d8f0329e3e2844aebf6ef06f6dc42e57',154,18),(602,'2018-12-09 17:21:54',1,'2018-12-09 17:21:54','d8f0329e3e2844aebf6ef06f6dc42e57',154,18),(603,'2018-12-09 17:21:58',1,'2018-12-09 17:21:58','d8f0329e3e2844aebf6ef06f6dc42e57',154,18),(604,'2018-12-09 17:22:12',1,'2018-12-09 17:22:12','d8f0329e3e2844aebf6ef06f6dc42e57',162,18),(605,'2018-12-09 17:38:17',1,'2018-12-09 17:38:17','d8f0329e3e2844aebf6ef06f6dc42e57',162,18),(606,'2018-12-09 17:38:24',1,'2018-12-09 17:38:24','d8f0329e3e2844aebf6ef06f6dc42e57',70,18),(607,'2018-12-09 17:38:47',1,'2018-12-09 17:38:47','d8f0329e3e2844aebf6ef06f6dc42e57',68,18),(608,'2018-12-09 17:39:05',1,'2018-12-09 17:39:05','d8f0329e3e2844aebf6ef06f6dc42e57',154,18),(609,'2018-12-09 17:51:29',1,'2018-12-09 17:51:29','d8f0329e3e2844aebf6ef06f6dc42e57',72,18),(610,'2018-12-09 17:51:45',1,'2018-12-09 17:51:45','d8f0329e3e2844aebf6ef06f6dc42e57',156,18),(611,'2018-12-09 17:51:51',1,'2018-12-09 17:51:51','d8f0329e3e2844aebf6ef06f6dc42e57',74,18),(612,'2018-12-09 17:51:57',1,'2018-12-09 17:51:57','d8f0329e3e2844aebf6ef06f6dc42e57',73,18),(613,'2018-12-09 17:52:52',1,'2018-12-09 17:52:52','d8f0329e3e2844aebf6ef06f6dc42e57',161,18),(614,'2018-12-09 17:53:11',1,'2018-12-09 17:53:11','d8f0329e3e2844aebf6ef06f6dc42e57',148,18),(615,'2018-12-09 17:53:50',1,'2018-12-09 17:53:50','d8f0329e3e2844aebf6ef06f6dc42e57',148,18),(616,'2018-12-09 17:54:05',1,'2018-12-09 17:54:05','d8f0329e3e2844aebf6ef06f6dc42e57',75,18),(617,'2018-12-09 17:54:12',1,'2018-12-09 17:54:12','d8f0329e3e2844aebf6ef06f6dc42e57',148,18),(618,'2018-12-09 17:54:20',1,'2018-12-09 17:54:20','d8f0329e3e2844aebf6ef06f6dc42e57',75,18),(619,'2018-12-09 17:54:51',1,'2018-12-09 17:54:51','d8f0329e3e2844aebf6ef06f6dc42e57',71,29),(620,'2018-12-09 17:55:01',1,'2018-12-09 17:55:01','d8f0329e3e2844aebf6ef06f6dc42e57',148,18),(621,'2018-12-09 17:55:46',1,'2018-12-09 17:55:46','d8f0329e3e2844aebf6ef06f6dc42e57',162,29),(622,'2018-12-09 17:55:51',1,'2018-12-09 17:55:51','d8f0329e3e2844aebf6ef06f6dc42e57',161,29),(623,'2018-12-09 17:58:31',1,'2018-12-09 17:58:31','d8f0329e3e2844aebf6ef06f6dc42e57',155,18),(624,'2018-12-09 17:58:38',1,'2018-12-09 17:58:38','d8f0329e3e2844aebf6ef06f6dc42e57',155,18),(625,'2018-12-09 18:00:25',1,'2018-12-09 18:00:25','d8f0329e3e2844aebf6ef06f6dc42e57',162,36),(626,'2018-12-09 18:00:31',1,'2018-12-09 18:00:31','d8f0329e3e2844aebf6ef06f6dc42e57',154,36),(627,'2018-12-09 18:02:10',1,'2018-12-09 18:02:10','d8f0329e3e2844aebf6ef06f6dc42e57',162,36),(628,'2018-12-09 19:50:39',1,'2018-12-09 19:50:39','d8f0329e3e2844aebf6ef06f6dc42e57',162,19),(629,'2018-12-09 19:50:50',1,'2018-12-09 19:50:50','d8f0329e3e2844aebf6ef06f6dc42e57',69,19),(630,'2018-12-09 19:51:11',1,'2018-12-09 19:51:11','d8f0329e3e2844aebf6ef06f6dc42e57',71,19),(631,'2018-12-09 19:51:17',1,'2018-12-09 19:51:17','d8f0329e3e2844aebf6ef06f6dc42e57',70,19),(632,'2018-12-09 19:51:23',1,'2018-12-09 19:51:23','d8f0329e3e2844aebf6ef06f6dc42e57',161,19),(633,'2018-12-09 19:51:27',1,'2018-12-09 19:51:27','d8f0329e3e2844aebf6ef06f6dc42e57',162,19),(634,'2018-12-09 19:52:27',1,'2018-12-09 19:52:27','d8f0329e3e2844aebf6ef06f6dc42e57',71,19),(635,'2018-12-09 19:53:32',1,'2018-12-09 19:53:32','d8f0329e3e2844aebf6ef06f6dc42e57',71,19),(636,'2018-12-09 21:36:11',1,'2018-12-09 21:36:11','d8f0329e3e2844aebf6ef06f6dc42e57',162,36),(637,'2018-12-10 09:23:09',1,'2018-12-10 09:23:09','d8f0329e3e2844aebf6ef06f6dc42e57',162,18),(638,'2018-12-10 10:08:53',1,'2018-12-10 10:08:53','d8f0329e3e2844aebf6ef06f6dc42e57',161,37),(639,'2018-12-10 10:23:26',1,'2018-12-10 10:23:26','d8f0329e3e2844aebf6ef06f6dc42e57',162,36),(640,'2018-12-10 11:46:58',1,'2018-12-10 11:46:58','d8f0329e3e2844aebf6ef06f6dc42e57',163,19),(641,'2018-12-10 11:49:17',1,'2018-12-10 11:49:17','d8f0329e3e2844aebf6ef06f6dc42e57',163,26),(642,'2018-12-10 13:14:44',1,'2018-12-10 13:14:44','d8f0329e3e2844aebf6ef06f6dc42e57',154,26),(643,'2018-12-10 13:16:53',1,'2018-12-10 13:16:53','d8f0329e3e2844aebf6ef06f6dc42e57',154,26),(644,'2018-12-10 13:20:44',1,'2018-12-10 13:20:44','d8f0329e3e2844aebf6ef06f6dc42e57',163,19),(645,'2018-12-10 13:20:51',1,'2018-12-10 13:20:51','d8f0329e3e2844aebf6ef06f6dc42e57',163,19),(646,'2018-12-10 13:21:11',1,'2018-12-10 13:21:11','d8f0329e3e2844aebf6ef06f6dc42e57',71,19),(647,'2018-12-10 13:21:56',1,'2018-12-10 13:21:56','d8f0329e3e2844aebf6ef06f6dc42e57',162,19),(648,'2018-12-10 16:15:32',1,'2018-12-10 16:15:32','d8f0329e3e2844aebf6ef06f6dc42e57',163,18),(649,'2018-12-10 19:37:33',1,'2018-12-10 19:37:33','d8f0329e3e2844aebf6ef06f6dc42e57',163,18),(650,'2018-12-10 19:37:48',1,'2018-12-10 19:37:48','d8f0329e3e2844aebf6ef06f6dc42e57',156,18),(651,'2018-12-10 19:42:14',1,'2018-12-10 19:42:14','d8f0329e3e2844aebf6ef06f6dc42e57',163,26),(652,'2018-12-10 19:08:34',1,'2018-12-10 19:08:34','d8f0329e3e2844aebf6ef06f6dc42e57',162,6),(653,'2018-12-10 19:09:46',1,'2018-12-10 19:09:46','d8f0329e3e2844aebf6ef06f6dc42e57',71,6),(654,'2018-12-10 19:48:37',1,'2018-12-10 19:48:37','d8f0329e3e2844aebf6ef06f6dc42e57',71,26),(655,'2018-12-10 19:48:50',1,'2018-12-10 19:48:50','d8f0329e3e2844aebf6ef06f6dc42e57',73,26),(656,'2018-12-10 19:49:00',1,'2018-12-10 19:49:00','d8f0329e3e2844aebf6ef06f6dc42e57',74,26),(657,'2018-12-10 19:49:06',1,'2018-12-10 19:49:06','d8f0329e3e2844aebf6ef06f6dc42e57',73,26),(658,'2018-12-10 19:49:14',1,'2018-12-10 19:49:14','d8f0329e3e2844aebf6ef06f6dc42e57',154,26),(659,'2018-12-10 19:49:34',1,'2018-12-10 19:49:34','d8f0329e3e2844aebf6ef06f6dc42e57',162,26),(660,'2018-12-10 19:14:20',1,'2018-12-10 19:14:20','d8f0329e3e2844aebf6ef06f6dc42e57',162,6),(661,'2018-12-10 19:17:41',1,'2018-12-10 19:17:41','d8f0329e3e2844aebf6ef06f6dc42e57',69,6),(662,'2018-12-10 19:17:48',1,'2018-12-10 19:17:48','d8f0329e3e2844aebf6ef06f6dc42e57',155,6),(663,'2018-12-10 19:18:15',1,'2018-12-10 19:18:15','d8f0329e3e2844aebf6ef06f6dc42e57',162,6),(664,'2018-12-10 19:23:56',1,'2018-12-10 19:23:56','d8f0329e3e2844aebf6ef06f6dc42e57',154,6),(665,'2018-12-10 20:31:54',1,'2018-12-10 20:31:54','d8f0329e3e2844aebf6ef06f6dc42e57',162,12),(666,'2018-12-10 20:32:03',1,'2018-12-10 20:32:03','d8f0329e3e2844aebf6ef06f6dc42e57',155,12),(667,'2018-12-10 20:32:15',1,'2018-12-10 20:32:15','d8f0329e3e2844aebf6ef06f6dc42e57',155,12),(668,'2018-12-10 20:51:36',1,'2018-12-10 20:51:36','d8f0329e3e2844aebf6ef06f6dc42e57',155,18),(669,'2018-12-10 20:52:34',1,'2018-12-10 20:52:34','d8f0329e3e2844aebf6ef06f6dc42e57',70,18),(670,'2018-12-10 20:55:30',1,'2018-12-10 20:55:30','d8f0329e3e2844aebf6ef06f6dc42e57',155,18),(671,'2018-12-10 20:59:09',1,'2018-12-10 20:59:09','d8f0329e3e2844aebf6ef06f6dc42e57',155,18),(672,'2018-12-10 20:59:17',1,'2018-12-10 20:59:17','d8f0329e3e2844aebf6ef06f6dc42e57',155,18),(673,'2018-12-11 08:52:05',1,'2018-12-11 08:52:05','d8f0329e3e2844aebf6ef06f6dc42e57',71,18),(674,'2018-12-11 14:01:12',1,'2018-12-11 14:01:12','d8f0329e3e2844aebf6ef06f6dc42e57',69,18),(675,'2018-12-11 20:02:14',1,'2018-12-11 20:02:14','d8f0329e3e2844aebf6ef06f6dc42e57',164,19),(676,'2018-12-11 20:02:54',1,'2018-12-11 20:02:54','d8f0329e3e2844aebf6ef06f6dc42e57',164,26),(677,'2018-12-11 20:04:49',1,'2018-12-11 20:04:49','d8f0329e3e2844aebf6ef06f6dc42e57',162,26),(678,'2018-12-11 20:05:37',1,'2018-12-11 20:05:37','d8f0329e3e2844aebf6ef06f6dc42e57',71,26),(679,'2018-12-11 20:06:12',1,'2018-12-11 20:06:12','d8f0329e3e2844aebf6ef06f6dc42e57',154,12),(680,'2018-12-11 20:06:49',1,'2018-12-11 20:06:49','d8f0329e3e2844aebf6ef06f6dc42e57',154,18),(681,'2018-12-11 20:07:45',1,'2018-12-11 20:07:45','d8f0329e3e2844aebf6ef06f6dc42e57',164,18),(682,'2018-12-11 20:08:05',1,'2018-12-11 20:08:05','d8f0329e3e2844aebf6ef06f6dc42e57',154,12),(683,'2018-12-11 20:08:12',1,'2018-12-11 20:08:12','d8f0329e3e2844aebf6ef06f6dc42e57',164,26),(684,'2018-12-11 20:08:42',1,'2018-12-11 20:08:42','d8f0329e3e2844aebf6ef06f6dc42e57',164,26),(685,'2018-12-11 20:08:45',1,'2018-12-11 20:08:45','d8f0329e3e2844aebf6ef06f6dc42e57',164,26),(686,'2018-12-11 20:09:10',1,'2018-12-11 20:09:10','d8f0329e3e2844aebf6ef06f6dc42e57',164,26),(687,'2018-12-11 20:09:38',1,'2018-12-11 20:09:38','d8f0329e3e2844aebf6ef06f6dc42e57',162,26),(688,'2018-12-11 20:10:02',1,'2018-12-11 20:10:02','d8f0329e3e2844aebf6ef06f6dc42e57',69,26),(689,'2018-12-11 20:10:11',1,'2018-12-11 20:10:11','d8f0329e3e2844aebf6ef06f6dc42e57',164,26),(690,'2018-12-11 20:10:14',1,'2018-12-11 20:10:14','d8f0329e3e2844aebf6ef06f6dc42e57',164,26),(691,'2018-12-11 20:10:36',1,'2018-12-11 20:10:36','d8f0329e3e2844aebf6ef06f6dc42e57',164,26),(692,'2018-12-11 20:11:07',1,'2018-12-11 20:11:07','d8f0329e3e2844aebf6ef06f6dc42e57',154,12),(693,'2018-12-11 20:11:24',1,'2018-12-11 20:11:24','d8f0329e3e2844aebf6ef06f6dc42e57',162,18),(694,'2018-12-11 20:13:48',1,'2018-12-11 20:13:48','d8f0329e3e2844aebf6ef06f6dc42e57',162,30),(695,'2018-12-11 20:14:48',1,'2018-12-11 20:14:48','d8f0329e3e2844aebf6ef06f6dc42e57',162,30),(696,'2018-12-11 20:14:58',1,'2018-12-11 20:14:58','d8f0329e3e2844aebf6ef06f6dc42e57',164,30),(697,'2018-12-11 20:15:21',1,'2018-12-11 20:15:21','d8f0329e3e2844aebf6ef06f6dc42e57',69,30),(698,'2018-12-11 20:15:33',1,'2018-12-11 20:15:33','d8f0329e3e2844aebf6ef06f6dc42e57',69,30),(699,'2018-12-11 20:15:49',1,'2018-12-11 20:15:49','d8f0329e3e2844aebf6ef06f6dc42e57',154,30),(700,'2018-12-11 20:16:11',1,'2018-12-11 20:16:11','d8f0329e3e2844aebf6ef06f6dc42e57',162,30),(701,'2018-12-11 20:17:38',1,'2018-12-11 20:17:38','d8f0329e3e2844aebf6ef06f6dc42e57',162,12),(702,'2018-12-11 20:17:50',1,'2018-12-11 20:17:50','d8f0329e3e2844aebf6ef06f6dc42e57',69,12),(703,'2018-12-11 20:18:01',1,'2018-12-11 20:18:01','d8f0329e3e2844aebf6ef06f6dc42e57',70,12),(704,'2018-12-11 20:18:14',1,'2018-12-11 20:18:14','d8f0329e3e2844aebf6ef06f6dc42e57',162,12),(705,'2018-12-11 20:19:28',1,'2018-12-11 20:19:28','d8f0329e3e2844aebf6ef06f6dc42e57',162,38),(706,'2018-12-11 20:31:38',1,'2018-12-11 20:31:38','d8f0329e3e2844aebf6ef06f6dc42e57',164,26),(707,'2018-12-11 20:31:52',1,'2018-12-11 20:31:52','d8f0329e3e2844aebf6ef06f6dc42e57',164,18),(708,'2018-12-11 20:32:09',1,'2018-12-11 20:32:09','d8f0329e3e2844aebf6ef06f6dc42e57',164,26),(709,'2018-12-11 20:32:44',1,'2018-12-11 20:32:44','d8f0329e3e2844aebf6ef06f6dc42e57',164,18),(710,'2018-12-11 20:32:54',1,'2018-12-11 20:32:54','d8f0329e3e2844aebf6ef06f6dc42e57',164,18),(711,'2018-12-11 20:33:17',1,'2018-12-11 20:33:17','d8f0329e3e2844aebf6ef06f6dc42e57',164,19),(712,'2018-12-11 20:36:23',1,'2018-12-11 20:36:23','d8f0329e3e2844aebf6ef06f6dc42e57',164,18),(713,'2018-12-11 20:43:16',1,'2018-12-11 20:43:16','d8f0329e3e2844aebf6ef06f6dc42e57',162,20),(714,'2018-12-11 20:45:47',1,'2018-12-11 20:45:47','d8f0329e3e2844aebf6ef06f6dc42e57',164,20),(715,'2018-12-11 20:46:58',1,'2018-12-11 20:46:58','d8f0329e3e2844aebf6ef06f6dc42e57',71,19),(716,'2018-12-11 20:47:05',1,'2018-12-11 20:47:05','d8f0329e3e2844aebf6ef06f6dc42e57',70,19),(717,'2018-12-11 20:47:09',1,'2018-12-11 20:47:09','d8f0329e3e2844aebf6ef06f6dc42e57',69,19),(718,'2018-12-11 20:47:13',1,'2018-12-11 20:47:13','d8f0329e3e2844aebf6ef06f6dc42e57',68,19),(719,'2018-12-11 20:47:22',1,'2018-12-11 20:47:22','d8f0329e3e2844aebf6ef06f6dc42e57',164,19),(720,'2018-12-11 20:47:34',1,'2018-12-11 20:47:34','d8f0329e3e2844aebf6ef06f6dc42e57',156,19),(721,'2018-12-11 20:49:08',1,'2018-12-11 20:49:08','d8f0329e3e2844aebf6ef06f6dc42e57',164,26),(722,'2018-12-11 20:49:43',1,'2018-12-11 20:49:43','d8f0329e3e2844aebf6ef06f6dc42e57',164,18),(723,'2018-12-11 20:49:50',1,'2018-12-11 20:49:50','d8f0329e3e2844aebf6ef06f6dc42e57',164,26),(724,'2018-12-11 20:49:52',1,'2018-12-11 20:49:52','d8f0329e3e2844aebf6ef06f6dc42e57',164,26),(725,'2018-12-11 20:50:01',1,'2018-12-11 20:50:01','d8f0329e3e2844aebf6ef06f6dc42e57',164,19),(726,'2018-12-11 20:50:23',1,'2018-12-11 20:50:23','d8f0329e3e2844aebf6ef06f6dc42e57',163,20),(727,'2018-12-11 20:50:59',1,'2018-12-11 20:50:59','d8f0329e3e2844aebf6ef06f6dc42e57',68,19),(728,'2018-12-11 20:51:02',1,'2018-12-11 20:51:02','d8f0329e3e2844aebf6ef06f6dc42e57',70,19),(729,'2018-12-11 20:51:26',1,'2018-12-11 20:51:26','d8f0329e3e2844aebf6ef06f6dc42e57',69,20),(730,'2018-12-11 20:54:05',1,'2018-12-11 20:54:05','d8f0329e3e2844aebf6ef06f6dc42e57',154,18),(731,'2018-12-11 22:23:30',1,'2018-12-11 22:23:30','d8f0329e3e2844aebf6ef06f6dc42e57',162,12),(732,'2018-12-12 08:35:33',1,'2018-12-12 08:35:33','d8f0329e3e2844aebf6ef06f6dc42e57',162,18),(733,'2018-12-12 08:56:52',1,'2018-12-12 08:56:52','d8f0329e3e2844aebf6ef06f6dc42e57',69,18),(734,'2018-12-12 15:14:23',1,'2018-12-12 15:14:23','d8f0329e3e2844aebf6ef06f6dc42e57',164,26),(735,'2018-12-12 15:14:25',1,'2018-12-12 15:14:25','d8f0329e3e2844aebf6ef06f6dc42e57',164,26),(736,'2018-12-12 15:15:20',1,'2018-12-12 15:15:20','d8f0329e3e2844aebf6ef06f6dc42e57',164,26),(737,'2018-12-12 15:48:02',1,'2018-12-12 15:48:02','d8f0329e3e2844aebf6ef06f6dc42e57',162,18),(738,'2018-12-12 16:51:15',1,'2018-12-12 16:51:15','d8f0329e3e2844aebf6ef06f6dc42e57',162,40),(739,'2018-12-12 16:52:01',1,'2018-12-12 16:52:01','d8f0329e3e2844aebf6ef06f6dc42e57',75,40),(740,'2018-12-12 16:52:38',1,'2018-12-12 16:52:38','d8f0329e3e2844aebf6ef06f6dc42e57',148,40),(741,'2018-12-12 20:41:30',1,'2018-12-12 20:41:30','d8f0329e3e2844aebf6ef06f6dc42e57',162,18),(742,'2018-12-12 20:42:19',1,'2018-12-12 20:42:19','d8f0329e3e2844aebf6ef06f6dc42e57',163,19),(743,'2018-12-12 20:43:05',1,'2018-12-12 20:43:05','d8f0329e3e2844aebf6ef06f6dc42e57',162,19),(744,'2018-12-12 20:43:42',1,'2018-12-12 20:43:42','d8f0329e3e2844aebf6ef06f6dc42e57',148,19),(745,'2018-12-12 20:44:11',1,'2018-12-12 20:44:11','d8f0329e3e2844aebf6ef06f6dc42e57',154,19),(746,'2018-12-12 20:46:43',1,'2018-12-12 20:46:43','d8f0329e3e2844aebf6ef06f6dc42e57',162,19),(747,'2018-12-12 20:47:53',1,'2018-12-12 20:47:53','d8f0329e3e2844aebf6ef06f6dc42e57',162,19),(748,'2018-12-12 20:48:20',1,'2018-12-12 20:48:20','d8f0329e3e2844aebf6ef06f6dc42e57',162,20),(749,'2018-12-12 20:48:25',1,'2018-12-12 20:48:25','d8f0329e3e2844aebf6ef06f6dc42e57',162,19),(750,'2018-12-12 20:49:48',1,'2018-12-12 20:49:48','d8f0329e3e2844aebf6ef06f6dc42e57',162,20),(751,'2018-12-12 20:49:55',1,'2018-12-12 20:49:55','d8f0329e3e2844aebf6ef06f6dc42e57',162,18),(752,'2018-12-12 20:50:26',1,'2018-12-12 20:50:26','d8f0329e3e2844aebf6ef06f6dc42e57',162,18),(753,'2018-12-12 20:50:51',1,'2018-12-12 20:50:51','d8f0329e3e2844aebf6ef06f6dc42e57',162,26),(754,'2018-12-12 20:53:01',1,'2018-12-12 20:53:01','d8f0329e3e2844aebf6ef06f6dc42e57',162,18),(755,'2018-12-12 20:54:01',1,'2018-12-12 20:54:01','d8f0329e3e2844aebf6ef06f6dc42e57',162,21),(756,'2018-12-12 21:01:35',1,'2018-12-12 21:01:35','d8f0329e3e2844aebf6ef06f6dc42e57',162,18),(757,'2018-12-12 21:01:38',1,'2018-12-12 21:01:38','d8f0329e3e2844aebf6ef06f6dc42e57',162,18),(758,'2018-12-12 21:01:54',1,'2018-12-12 21:01:54','d8f0329e3e2844aebf6ef06f6dc42e57',162,18),(759,'2018-12-12 21:02:31',1,'2018-12-12 21:02:31','d8f0329e3e2844aebf6ef06f6dc42e57',164,18),(760,'2018-12-12 21:03:07',1,'2018-12-12 21:03:07','d8f0329e3e2844aebf6ef06f6dc42e57',162,18),(761,'2018-12-12 21:03:15',1,'2018-12-12 21:03:15','d8f0329e3e2844aebf6ef06f6dc42e57',162,18),(762,'2018-12-12 21:03:32',1,'2018-12-12 21:03:32','d8f0329e3e2844aebf6ef06f6dc42e57',164,18),(763,'2018-12-12 21:05:48',1,'2018-12-12 21:05:48','d8f0329e3e2844aebf6ef06f6dc42e57',164,18),(764,'2018-12-12 21:05:50',1,'2018-12-12 21:05:50','d8f0329e3e2844aebf6ef06f6dc42e57',164,18),(765,'2018-12-12 21:10:50',1,'2018-12-12 21:10:50','d8f0329e3e2844aebf6ef06f6dc42e57',162,40),(766,'2018-12-12 21:12:00',1,'2018-12-12 21:12:00','d8f0329e3e2844aebf6ef06f6dc42e57',162,40),(767,'2018-12-12 21:28:36',1,'2018-12-12 21:28:36','d8f0329e3e2844aebf6ef06f6dc42e57',162,27),(768,'2018-12-12 21:57:31',1,'2018-12-12 21:57:31','d8f0329e3e2844aebf6ef06f6dc42e57',162,43),(769,'2018-12-12 21:59:17',1,'2018-12-12 21:59:17','d8f0329e3e2844aebf6ef06f6dc42e57',162,44),(770,'2018-12-13 00:11:22',1,'2018-12-13 00:11:22','d8f0329e3e2844aebf6ef06f6dc42e57',162,45),(771,'2018-12-13 07:28:16',1,'2018-12-13 07:28:16','d8f0329e3e2844aebf6ef06f6dc42e57',162,30),(772,'2018-12-13 09:01:24',1,'2018-12-13 09:01:24','d8f0329e3e2844aebf6ef06f6dc42e57',162,41),(773,'2018-12-13 09:16:38',1,'2018-12-13 09:16:38','d8f0329e3e2844aebf6ef06f6dc42e57',162,36),(774,'2018-12-13 09:46:16',1,'2018-12-13 09:46:16','d8f0329e3e2844aebf6ef06f6dc42e57',162,28),(775,'2018-12-13 16:58:30',1,'2018-12-13 16:58:30','d8f0329e3e2844aebf6ef06f6dc42e57',162,44),(776,'2018-12-13 22:59:49',1,'2018-12-13 22:59:49','d8f0329e3e2844aebf6ef06f6dc42e57',164,19),(777,'2018-12-13 23:02:08',1,'2018-12-13 23:02:08','d8f0329e3e2844aebf6ef06f6dc42e57',155,19),(778,'2018-12-13 23:03:25',1,'2018-12-13 23:03:25','d8f0329e3e2844aebf6ef06f6dc42e57',69,19),(779,'2018-12-13 23:04:00',1,'2018-12-13 23:04:00','d8f0329e3e2844aebf6ef06f6dc42e57',70,19),(780,'2018-12-13 23:07:46',1,'2018-12-13 23:07:46','d8f0329e3e2844aebf6ef06f6dc42e57',69,19),(781,'2018-12-13 23:08:05',1,'2018-12-13 23:08:05','d8f0329e3e2844aebf6ef06f6dc42e57',70,19),(782,'2018-12-14 08:38:47',1,'2018-12-14 08:38:47','d8f0329e3e2844aebf6ef06f6dc42e57',162,40),(783,'2018-12-14 08:40:58',1,'2018-12-14 08:40:58','d8f0329e3e2844aebf6ef06f6dc42e57',71,40),(784,'2018-12-14 08:41:51',1,'2018-12-14 08:41:51','d8f0329e3e2844aebf6ef06f6dc42e57',162,40),(785,'2018-12-14 14:13:42',1,'2018-12-14 14:13:42','d8f0329e3e2844aebf6ef06f6dc42e57',162,46),(786,'2018-12-14 19:36:02',1,'2018-12-14 19:36:02','d8f0329e3e2844aebf6ef06f6dc42e57',154,27),(787,'2018-12-15 10:59:52',1,'2018-12-15 10:59:52','d8f0329e3e2844aebf6ef06f6dc42e57',164,18),(788,'2018-12-15 11:00:12',1,'2018-12-15 11:00:12','d8f0329e3e2844aebf6ef06f6dc42e57',156,18),(789,'2018-12-15 12:51:16',1,'2018-12-15 12:51:16','d8f0329e3e2844aebf6ef06f6dc42e57',70,47),(790,'2018-12-15 12:51:25',1,'2018-12-15 12:51:25','d8f0329e3e2844aebf6ef06f6dc42e57',70,21),(791,'2018-12-15 12:53:23',1,'2018-12-15 12:53:23','d8f0329e3e2844aebf6ef06f6dc42e57',68,21),(792,'2018-12-15 12:53:36',1,'2018-12-15 12:53:36','d8f0329e3e2844aebf6ef06f6dc42e57',68,21),(793,'2018-12-15 12:53:59',1,'2018-12-15 12:53:59','d8f0329e3e2844aebf6ef06f6dc42e57',164,18),(794,'2018-12-15 15:27:22',1,'2018-12-15 15:27:22','d8f0329e3e2844aebf6ef06f6dc42e57',162,48),(795,'2018-12-15 15:30:44',1,'2018-12-15 15:30:44','d8f0329e3e2844aebf6ef06f6dc42e57',162,48),(796,'2018-12-15 15:30:53',1,'2018-12-15 15:30:53','d8f0329e3e2844aebf6ef06f6dc42e57',164,48),(797,'2018-12-15 15:31:25',1,'2018-12-15 15:31:25','d8f0329e3e2844aebf6ef06f6dc42e57',162,33),(798,'2018-12-15 15:32:01',1,'2018-12-15 15:32:01','d8f0329e3e2844aebf6ef06f6dc42e57',162,49),(799,'2018-12-15 15:32:26',1,'2018-12-15 15:32:26','d8f0329e3e2844aebf6ef06f6dc42e57',162,33),(800,'2018-12-15 15:32:27',1,'2018-12-15 15:32:27','d8f0329e3e2844aebf6ef06f6dc42e57',162,49),(801,'2018-12-15 15:34:27',1,'2018-12-15 15:34:27','d8f0329e3e2844aebf6ef06f6dc42e57',162,50),(802,'2018-12-15 15:34:36',1,'2018-12-15 15:34:36','d8f0329e3e2844aebf6ef06f6dc42e57',162,51),(803,'2018-12-16 20:45:49',1,'2018-12-16 20:45:49','d8f0329e3e2844aebf6ef06f6dc42e57',69,26),(804,'2018-12-16 20:46:58',1,'2018-12-16 20:46:58','d8f0329e3e2844aebf6ef06f6dc42e57',69,52),(805,'2018-12-16 20:50:32',1,'2018-12-16 20:50:32','d8f0329e3e2844aebf6ef06f6dc42e57',69,53),(806,'2018-12-16 20:53:49',1,'2018-12-16 20:53:49','d8f0329e3e2844aebf6ef06f6dc42e57',70,26),(807,'2018-12-16 20:54:19',1,'2018-12-16 20:54:19','d8f0329e3e2844aebf6ef06f6dc42e57',70,26),(808,'2018-12-16 20:54:32',1,'2018-12-16 20:54:32','d8f0329e3e2844aebf6ef06f6dc42e57',70,52),(809,'2018-12-16 20:55:21',1,'2018-12-16 20:55:21','d8f0329e3e2844aebf6ef06f6dc42e57',70,26),(810,'2018-12-16 20:55:59',1,'2018-12-16 20:55:59','d8f0329e3e2844aebf6ef06f6dc42e57',70,52),(811,'2018-12-16 20:57:47',1,'2018-12-16 20:57:47','d8f0329e3e2844aebf6ef06f6dc42e57',70,53),(812,'2018-12-16 20:57:51',1,'2018-12-16 20:57:51','d8f0329e3e2844aebf6ef06f6dc42e57',70,53),(813,'2018-12-16 21:05:42',1,'2018-12-16 21:05:42','d8f0329e3e2844aebf6ef06f6dc42e57',70,26),(814,'2018-12-16 21:05:49',1,'2018-12-16 21:05:49','d8f0329e3e2844aebf6ef06f6dc42e57',70,21),(815,'2018-12-16 21:07:52',1,'2018-12-16 21:07:52','d8f0329e3e2844aebf6ef06f6dc42e57',70,21),(816,'2018-12-16 21:10:18',1,'2018-12-16 21:10:18','d8f0329e3e2844aebf6ef06f6dc42e57',162,19),(817,'2018-12-16 21:57:13',1,'2018-12-16 21:57:13','d8f0329e3e2844aebf6ef06f6dc42e57',70,26),(818,'2018-12-16 22:04:31',1,'2018-12-16 22:04:31','d8f0329e3e2844aebf6ef06f6dc42e57',70,26),(819,'2018-12-16 22:05:05',1,'2018-12-16 22:05:05','d8f0329e3e2844aebf6ef06f6dc42e57',70,26),(820,'2018-12-16 22:19:07',1,'2018-12-16 22:19:07','d8f0329e3e2844aebf6ef06f6dc42e57',73,18),(821,'2018-12-16 22:19:59',1,'2018-12-16 22:19:59','d8f0329e3e2844aebf6ef06f6dc42e57',73,41),(822,'2018-12-16 22:19:59',1,'2018-12-16 22:19:59','d8f0329e3e2844aebf6ef06f6dc42e57',73,26),(823,'2018-12-16 22:20:14',1,'2018-12-16 22:20:14','d8f0329e3e2844aebf6ef06f6dc42e57',73,18),(824,'2018-12-16 22:20:51',1,'2018-12-16 22:20:51','d8f0329e3e2844aebf6ef06f6dc42e57',73,20),(825,'2018-12-16 22:21:11',1,'2018-12-16 22:21:11','d8f0329e3e2844aebf6ef06f6dc42e57',73,41),(826,'2018-12-16 22:21:21',1,'2018-12-16 22:21:21','d8f0329e3e2844aebf6ef06f6dc42e57',73,18),(827,'2018-12-16 22:30:32',1,'2018-12-16 22:30:32','d8f0329e3e2844aebf6ef06f6dc42e57',73,21),(828,'2018-12-16 22:52:30',1,'2018-12-16 22:52:30','d8f0329e3e2844aebf6ef06f6dc42e57',70,26),(829,'2018-12-16 22:53:37',1,'2018-12-16 22:53:37','d8f0329e3e2844aebf6ef06f6dc42e57',70,55),(830,'2018-12-16 22:54:52',1,'2018-12-16 22:54:52','d8f0329e3e2844aebf6ef06f6dc42e57',68,55),(831,'2018-12-16 22:56:18',1,'2018-12-16 22:56:18','d8f0329e3e2844aebf6ef06f6dc42e57',70,55),(832,'2018-12-17 11:40:58',1,'2018-12-17 11:40:58','d8f0329e3e2844aebf6ef06f6dc42e57',162,31),(833,'2018-12-17 12:09:17',1,'2018-12-17 12:09:17','d8f0329e3e2844aebf6ef06f6dc42e57',162,56),(834,'2018-12-17 15:43:32',1,'2018-12-17 15:43:32','d8f0329e3e2844aebf6ef06f6dc42e57',165,19),(835,'2018-12-17 15:46:36',1,'2018-12-17 15:46:36','d8f0329e3e2844aebf6ef06f6dc42e57',165,19),(836,'2018-12-17 15:47:11',1,'2018-12-17 15:47:11','d8f0329e3e2844aebf6ef06f6dc42e57',165,19),(837,'2018-12-17 15:50:43',1,'2018-12-17 15:50:43','d8f0329e3e2844aebf6ef06f6dc42e57',165,21),(838,'2018-12-17 15:51:05',1,'2018-12-17 15:51:05','d8f0329e3e2844aebf6ef06f6dc42e57',165,21),(839,'2018-12-17 15:51:23',1,'2018-12-17 15:51:23','d8f0329e3e2844aebf6ef06f6dc42e57',165,18),(840,'2018-12-17 15:51:40',1,'2018-12-17 15:51:40','d8f0329e3e2844aebf6ef06f6dc42e57',165,18),(841,'2018-12-17 15:53:43',1,'2018-12-17 15:53:43','d8f0329e3e2844aebf6ef06f6dc42e57',165,18),(842,'2018-12-17 15:54:25',1,'2018-12-17 15:54:25','d8f0329e3e2844aebf6ef06f6dc42e57',165,18),(843,'2018-12-17 15:54:33',1,'2018-12-17 15:54:33','d8f0329e3e2844aebf6ef06f6dc42e57',165,18),(844,'2018-12-17 15:55:14',1,'2018-12-17 15:55:14','d8f0329e3e2844aebf6ef06f6dc42e57',165,18),(845,'2018-12-17 15:56:49',1,'2018-12-17 15:56:49','d8f0329e3e2844aebf6ef06f6dc42e57',165,18),(846,'2018-12-17 16:09:12',1,'2018-12-17 16:09:12','d8f0329e3e2844aebf6ef06f6dc42e57',165,26),(847,'2018-12-17 16:10:35',1,'2018-12-17 16:10:35','d8f0329e3e2844aebf6ef06f6dc42e57',165,18),(848,'2018-12-17 16:20:59',1,'2018-12-17 16:20:59','d8f0329e3e2844aebf6ef06f6dc42e57',165,18),(849,'2018-12-17 16:24:02',1,'2018-12-17 16:24:02','d8f0329e3e2844aebf6ef06f6dc42e57',165,18),(850,'2018-12-17 16:24:14',1,'2018-12-17 16:24:14','d8f0329e3e2844aebf6ef06f6dc42e57',165,18),(851,'2018-12-17 16:28:03',1,'2018-12-17 16:28:03','d8f0329e3e2844aebf6ef06f6dc42e57',165,18),(852,'2018-12-17 16:39:02',1,'2018-12-17 16:39:02','d8f0329e3e2844aebf6ef06f6dc42e57',165,20),(853,'2018-12-17 16:53:32',1,'2018-12-17 16:53:32','d8f0329e3e2844aebf6ef06f6dc42e57',165,20),(854,'2018-12-17 17:55:07',1,'2018-12-17 17:55:07','d8f0329e3e2844aebf6ef06f6dc42e57',165,20),(855,'2018-12-17 17:55:22',1,'2018-12-17 17:55:22','d8f0329e3e2844aebf6ef06f6dc42e57',165,20),(856,'2018-12-17 17:56:23',1,'2018-12-17 17:56:23','d8f0329e3e2844aebf6ef06f6dc42e57',165,31),(857,'2018-12-17 19:02:57',1,'2018-12-17 19:02:57','d8f0329e3e2844aebf6ef06f6dc42e57',166,18),(858,'2018-12-17 19:04:03',1,'2018-12-17 19:04:03','d8f0329e3e2844aebf6ef06f6dc42e57',166,18),(859,'2018-12-17 19:05:02',1,'2018-12-17 19:05:02','d8f0329e3e2844aebf6ef06f6dc42e57',166,18),(860,'2018-12-17 19:08:11',1,'2018-12-17 19:08:11','d8f0329e3e2844aebf6ef06f6dc42e57',166,18),(861,'2018-12-17 19:08:50',1,'2018-12-17 19:08:50','d8f0329e3e2844aebf6ef06f6dc42e57',166,18),(862,'2018-12-17 19:12:09',1,'2018-12-17 19:12:09','d8f0329e3e2844aebf6ef06f6dc42e57',166,18),(863,'2018-12-17 19:13:55',1,'2018-12-17 19:13:55','d8f0329e3e2844aebf6ef06f6dc42e57',166,18),(864,'2018-12-17 19:15:52',1,'2018-12-17 19:15:52','d8f0329e3e2844aebf6ef06f6dc42e57',166,18),(865,'2018-12-17 19:17:08',1,'2018-12-17 19:17:08','d8f0329e3e2844aebf6ef06f6dc42e57',166,18),(866,'2018-12-17 19:17:58',1,'2018-12-17 19:17:58','d8f0329e3e2844aebf6ef06f6dc42e57',166,18),(867,'2018-12-17 19:20:23',1,'2018-12-17 19:20:23','d8f0329e3e2844aebf6ef06f6dc42e57',166,19),(868,'2018-12-17 19:21:36',1,'2018-12-17 19:21:36','d8f0329e3e2844aebf6ef06f6dc42e57',166,19),(869,'2018-12-17 19:22:19',1,'2018-12-17 19:22:19','d8f0329e3e2844aebf6ef06f6dc42e57',166,19),(870,'2018-12-17 19:22:31',1,'2018-12-17 19:22:31','d8f0329e3e2844aebf6ef06f6dc42e57',166,20),(871,'2018-12-17 19:23:15',1,'2018-12-17 19:23:15','d8f0329e3e2844aebf6ef06f6dc42e57',166,26),(872,'2018-12-17 19:23:29',1,'2018-12-17 19:23:29','d8f0329e3e2844aebf6ef06f6dc42e57',163,19),(873,'2018-12-17 19:23:32',1,'2018-12-17 19:23:32','d8f0329e3e2844aebf6ef06f6dc42e57',166,19),(874,'2018-12-17 19:23:56',1,'2018-12-17 19:23:56','d8f0329e3e2844aebf6ef06f6dc42e57',72,26),(875,'2018-12-17 19:24:02',1,'2018-12-17 19:24:02','d8f0329e3e2844aebf6ef06f6dc42e57',163,26),(876,'2018-12-17 19:24:38',1,'2018-12-17 19:24:38','d8f0329e3e2844aebf6ef06f6dc42e57',166,19),(877,'2018-12-17 19:26:28',1,'2018-12-17 19:26:28','d8f0329e3e2844aebf6ef06f6dc42e57',166,20),(878,'2018-12-17 19:26:33',1,'2018-12-17 19:26:33','d8f0329e3e2844aebf6ef06f6dc42e57',166,19),(879,'2018-12-17 19:26:44',1,'2018-12-17 19:26:44','d8f0329e3e2844aebf6ef06f6dc42e57',166,19),(880,'2018-12-17 19:28:35',1,'2018-12-17 19:28:35','d8f0329e3e2844aebf6ef06f6dc42e57',166,27),(881,'2018-12-17 20:03:27',1,'2018-12-17 20:03:27','d8f0329e3e2844aebf6ef06f6dc42e57',165,31),(882,'2018-12-17 20:04:24',1,'2018-12-17 20:04:24','d8f0329e3e2844aebf6ef06f6dc42e57',70,19),(883,'2018-12-17 20:04:43',1,'2018-12-17 20:04:43','d8f0329e3e2844aebf6ef06f6dc42e57',166,19),(884,'2018-12-17 20:19:52',1,'2018-12-17 20:19:52','d8f0329e3e2844aebf6ef06f6dc42e57',165,18),(885,'2018-12-17 20:20:21',1,'2018-12-17 20:20:21','d8f0329e3e2844aebf6ef06f6dc42e57',166,20),(886,'2018-12-17 20:32:51',1,'2018-12-17 20:32:51','d8f0329e3e2844aebf6ef06f6dc42e57',70,47),(887,'2018-12-17 20:33:25',1,'2018-12-17 20:33:25','d8f0329e3e2844aebf6ef06f6dc42e57',166,21),(888,'2018-12-17 20:48:57',1,'2018-12-17 20:48:57','d8f0329e3e2844aebf6ef06f6dc42e57',70,21),(889,'2018-12-17 20:49:47',1,'2018-12-17 20:49:47','d8f0329e3e2844aebf6ef06f6dc42e57',165,21),(890,'2018-12-17 21:07:42',1,'2018-12-17 21:07:42','d8f0329e3e2844aebf6ef06f6dc42e57',166,57),(891,'2018-12-17 21:08:18',1,'2018-12-17 21:08:18','d8f0329e3e2844aebf6ef06f6dc42e57',166,57),(892,'2018-12-17 21:34:31',1,'2018-12-17 21:34:31','d8f0329e3e2844aebf6ef06f6dc42e57',166,41),(893,'2018-12-17 22:07:40',1,'2018-12-17 22:07:40','d8f0329e3e2844aebf6ef06f6dc42e57',165,19),(894,'2018-12-17 22:08:16',1,'2018-12-17 22:08:16','d8f0329e3e2844aebf6ef06f6dc42e57',69,19),(895,'2018-12-17 22:08:25',1,'2018-12-17 22:08:25','d8f0329e3e2844aebf6ef06f6dc42e57',70,19),(896,'2018-12-17 22:08:44',1,'2018-12-17 22:08:44','d8f0329e3e2844aebf6ef06f6dc42e57',71,19),(897,'2018-12-17 22:08:56',1,'2018-12-17 22:08:56','d8f0329e3e2844aebf6ef06f6dc42e57',156,19),(898,'2018-12-17 22:09:08',1,'2018-12-17 22:09:08','d8f0329e3e2844aebf6ef06f6dc42e57',74,19),(899,'2018-12-17 22:09:13',1,'2018-12-17 22:09:13','d8f0329e3e2844aebf6ef06f6dc42e57',164,19),(900,'2018-12-17 22:09:43',1,'2018-12-17 22:09:43','d8f0329e3e2844aebf6ef06f6dc42e57',165,26),(901,'2018-12-17 22:10:20',1,'2018-12-17 22:10:20','d8f0329e3e2844aebf6ef06f6dc42e57',164,19),(902,'2018-12-17 22:10:37',1,'2018-12-17 22:10:37','d8f0329e3e2844aebf6ef06f6dc42e57',164,26),(903,'2018-12-17 22:10:48',1,'2018-12-17 22:10:48','d8f0329e3e2844aebf6ef06f6dc42e57',70,26),(904,'2018-12-17 22:11:44',1,'2018-12-17 22:11:44','d8f0329e3e2844aebf6ef06f6dc42e57',73,19),(905,'2018-12-17 22:11:55',1,'2018-12-17 22:11:55','d8f0329e3e2844aebf6ef06f6dc42e57',73,19),(906,'2018-12-17 22:12:29',1,'2018-12-17 22:12:29','d8f0329e3e2844aebf6ef06f6dc42e57',156,19),(907,'2018-12-17 22:12:33',1,'2018-12-17 22:12:33','d8f0329e3e2844aebf6ef06f6dc42e57',73,19),(908,'2018-12-17 22:12:52',1,'2018-12-17 22:12:52','d8f0329e3e2844aebf6ef06f6dc42e57',74,19),(909,'2018-12-17 22:13:16',1,'2018-12-17 22:13:16','d8f0329e3e2844aebf6ef06f6dc42e57',156,19),(910,'2018-12-17 22:33:00',1,'2018-12-17 22:33:00','d8f0329e3e2844aebf6ef06f6dc42e57',70,20),(911,'2018-12-18 09:07:48',1,'2018-12-18 09:07:48','d8f0329e3e2844aebf6ef06f6dc42e57',70,21),(912,'2018-12-18 15:29:59',1,'2018-12-18 15:29:59','d8f0329e3e2844aebf6ef06f6dc42e57',166,18),(913,'2018-12-18 17:12:23',1,'2018-12-18 17:12:23','d8f0329e3e2844aebf6ef06f6dc42e57',71,12),(914,'2018-12-18 17:12:40',1,'2018-12-18 17:12:40','d8f0329e3e2844aebf6ef06f6dc42e57',162,12),(915,'2018-12-18 17:13:27',1,'2018-12-18 17:13:27','d8f0329e3e2844aebf6ef06f6dc42e57',162,12),(916,'2018-12-18 17:31:16',1,'2018-12-18 17:31:16','d8f0329e3e2844aebf6ef06f6dc42e57',162,12),(917,'2018-12-18 21:33:38',1,'2018-12-18 21:33:38','d8f0329e3e2844aebf6ef06f6dc42e57',162,20),(918,'2018-12-19 11:35:58',1,'2018-12-19 11:35:58','d8f0329e3e2844aebf6ef06f6dc42e57',165,57),(919,'2018-12-19 12:15:34',1,'2018-12-19 12:15:34','d8f0329e3e2844aebf6ef06f6dc42e57',165,31),(920,'2018-12-19 12:22:08',1,'2018-12-19 12:22:08','d8f0329e3e2844aebf6ef06f6dc42e57',165,57),(921,'2018-12-19 12:22:35',1,'2018-12-19 12:22:35','d8f0329e3e2844aebf6ef06f6dc42e57',68,57),(922,'2018-12-19 12:22:41',1,'2018-12-19 12:22:41','d8f0329e3e2844aebf6ef06f6dc42e57',70,57),(923,'2018-12-19 12:22:46',1,'2018-12-19 12:22:46','d8f0329e3e2844aebf6ef06f6dc42e57',70,57),(924,'2018-12-19 12:23:21',1,'2018-12-19 12:23:21','d8f0329e3e2844aebf6ef06f6dc42e57',69,57),(925,'2018-12-19 12:23:38',1,'2018-12-19 12:23:38','d8f0329e3e2844aebf6ef06f6dc42e57',68,57),(926,'2018-12-19 12:23:44',1,'2018-12-19 12:23:44','d8f0329e3e2844aebf6ef06f6dc42e57',165,57),(927,'2018-12-19 12:47:45',1,'2018-12-19 12:47:45','d8f0329e3e2844aebf6ef06f6dc42e57',165,18),(928,'2018-12-19 15:04:36',1,'2018-12-19 15:04:36','d8f0329e3e2844aebf6ef06f6dc42e57',71,21),(929,'2018-12-19 15:05:02',1,'2018-12-19 15:05:02','d8f0329e3e2844aebf6ef06f6dc42e57',162,21),(930,'2018-12-19 17:29:15',1,'2018-12-19 17:29:15','d8f0329e3e2844aebf6ef06f6dc42e57',167,18),(931,'2018-12-19 17:40:02',1,'2018-12-19 17:40:02','d8f0329e3e2844aebf6ef06f6dc42e57',167,18),(932,'2018-12-19 17:40:09',1,'2018-12-19 17:40:09','d8f0329e3e2844aebf6ef06f6dc42e57',167,18),(933,'2018-12-19 17:44:07',1,'2018-12-19 17:44:07','d8f0329e3e2844aebf6ef06f6dc42e57',167,18),(934,'2018-12-19 17:46:49',1,'2018-12-19 17:46:49','d8f0329e3e2844aebf6ef06f6dc42e57',167,21),(935,'2018-12-19 17:47:31',1,'2018-12-19 17:47:31','d8f0329e3e2844aebf6ef06f6dc42e57',167,21),(936,'2018-12-19 17:48:23',1,'2018-12-19 17:48:23','d8f0329e3e2844aebf6ef06f6dc42e57',167,21),(937,'2018-12-19 17:54:45',1,'2018-12-19 17:54:45','d8f0329e3e2844aebf6ef06f6dc42e57',167,21),(938,'2018-12-19 17:57:51',1,'2018-12-19 17:57:51','d8f0329e3e2844aebf6ef06f6dc42e57',167,20),(939,'2018-12-19 17:58:23',1,'2018-12-19 17:58:23','d8f0329e3e2844aebf6ef06f6dc42e57',167,21),(940,'2018-12-19 18:00:56',1,'2018-12-19 18:00:56','d8f0329e3e2844aebf6ef06f6dc42e57',162,18),(941,'2018-12-19 18:01:11',1,'2018-12-19 18:01:11','d8f0329e3e2844aebf6ef06f6dc42e57',167,18),(942,'2018-12-19 18:17:43',1,'2018-12-19 18:17:43','d8f0329e3e2844aebf6ef06f6dc42e57',167,18),(943,'2018-12-19 18:17:51',1,'2018-12-19 18:17:51','d8f0329e3e2844aebf6ef06f6dc42e57',167,18),(944,'2018-12-19 18:22:24',1,'2018-12-19 18:22:24','d8f0329e3e2844aebf6ef06f6dc42e57',167,21),(945,'2018-12-19 18:22:43',1,'2018-12-19 18:22:43','d8f0329e3e2844aebf6ef06f6dc42e57',167,21),(946,'2018-12-19 18:24:23',1,'2018-12-19 18:24:23','d8f0329e3e2844aebf6ef06f6dc42e57',167,21),(947,'2018-12-19 18:46:10',1,'2018-12-19 18:46:10','d8f0329e3e2844aebf6ef06f6dc42e57',167,18),(948,'2018-12-19 18:57:18',1,'2018-12-19 18:57:18','d8f0329e3e2844aebf6ef06f6dc42e57',162,18),(949,'2018-12-19 18:57:35',1,'2018-12-19 18:57:35','d8f0329e3e2844aebf6ef06f6dc42e57',167,18),(950,'2018-12-19 19:34:23',1,'2018-12-19 19:34:23','d8f0329e3e2844aebf6ef06f6dc42e57',167,19),(951,'2018-12-19 19:34:57',1,'2018-12-19 19:34:57','d8f0329e3e2844aebf6ef06f6dc42e57',167,19),(952,'2018-12-19 19:35:59',1,'2018-12-19 19:35:59','d8f0329e3e2844aebf6ef06f6dc42e57',167,19),(953,'2018-12-19 20:11:59',1,'2018-12-19 20:11:59','d8f0329e3e2844aebf6ef06f6dc42e57',167,18),(954,'2018-12-19 20:12:10',1,'2018-12-19 20:12:10','d8f0329e3e2844aebf6ef06f6dc42e57',167,18),(955,'2018-12-19 20:14:30',1,'2018-12-19 20:14:30','d8f0329e3e2844aebf6ef06f6dc42e57',167,19),(956,'2018-12-19 20:29:32',1,'2018-12-19 20:29:32','d8f0329e3e2844aebf6ef06f6dc42e57',167,19),(957,'2018-12-19 20:29:54',1,'2018-12-19 20:29:54','d8f0329e3e2844aebf6ef06f6dc42e57',167,19),(958,'2018-12-19 20:30:52',1,'2018-12-19 20:30:52','d8f0329e3e2844aebf6ef06f6dc42e57',167,19),(959,'2018-12-19 20:30:56',1,'2018-12-19 20:30:56','d8f0329e3e2844aebf6ef06f6dc42e57',167,19),(960,'2018-12-19 20:41:32',1,'2018-12-19 20:41:32','d8f0329e3e2844aebf6ef06f6dc42e57',167,60),(961,'2018-12-19 20:45:57',1,'2018-12-19 20:45:57','d8f0329e3e2844aebf6ef06f6dc42e57',167,18),(962,'2018-12-19 20:51:57',1,'2018-12-19 20:51:57','d8f0329e3e2844aebf6ef06f6dc42e57',167,31),(963,'2018-12-19 20:52:49',1,'2018-12-19 20:52:49','d8f0329e3e2844aebf6ef06f6dc42e57',154,61),(964,'2018-12-19 20:53:25',1,'2018-12-19 20:53:25','d8f0329e3e2844aebf6ef06f6dc42e57',154,61),(965,'2018-12-19 20:57:21',1,'2018-12-19 20:57:21','d8f0329e3e2844aebf6ef06f6dc42e57',154,61),(966,'2018-12-19 21:05:34',1,'2018-12-19 21:05:34','d8f0329e3e2844aebf6ef06f6dc42e57',154,61),(967,'2018-12-19 21:14:26',1,'2018-12-19 21:14:26','d8f0329e3e2844aebf6ef06f6dc42e57',167,62),(968,'2018-12-19 21:16:34',1,'2018-12-19 21:16:34','d8f0329e3e2844aebf6ef06f6dc42e57',70,62),(969,'2018-12-19 21:39:26',1,'2018-12-19 21:39:26','d8f0329e3e2844aebf6ef06f6dc42e57',154,61),(970,'2018-12-19 21:56:47',1,'2018-12-19 21:56:47','d8f0329e3e2844aebf6ef06f6dc42e57',154,18),(971,'2018-12-19 22:00:37',1,'2018-12-19 22:00:37','d8f0329e3e2844aebf6ef06f6dc42e57',166,18),(972,'2018-12-19 22:11:49',1,'2018-12-19 22:11:49','d8f0329e3e2844aebf6ef06f6dc42e57',167,63),(973,'2018-12-19 22:18:21',1,'2018-12-19 22:18:21','d8f0329e3e2844aebf6ef06f6dc42e57',165,64),(974,'2018-12-19 22:26:06',1,'2018-12-19 22:26:06','d8f0329e3e2844aebf6ef06f6dc42e57',167,65),(975,'2018-12-19 22:27:24',1,'2018-12-19 22:27:24','d8f0329e3e2844aebf6ef06f6dc42e57',70,26),(976,'2018-12-19 22:27:35',1,'2018-12-19 22:27:35','d8f0329e3e2844aebf6ef06f6dc42e57',165,26),(977,'2018-12-19 22:27:57',1,'2018-12-19 22:27:57','d8f0329e3e2844aebf6ef06f6dc42e57',70,26),(978,'2018-12-19 22:38:47',1,'2018-12-19 22:38:47','d8f0329e3e2844aebf6ef06f6dc42e57',162,66),(979,'2018-12-19 22:39:04',1,'2018-12-19 22:39:04','d8f0329e3e2844aebf6ef06f6dc42e57',167,66),(980,'2018-12-19 22:39:45',1,'2018-12-19 22:39:45','d8f0329e3e2844aebf6ef06f6dc42e57',156,66),(981,'2018-12-19 22:40:21',1,'2018-12-19 22:40:21','d8f0329e3e2844aebf6ef06f6dc42e57',74,66),(982,'2018-12-19 22:40:25',1,'2018-12-19 22:40:25','d8f0329e3e2844aebf6ef06f6dc42e57',167,67),(983,'2018-12-19 23:03:06',1,'2018-12-19 23:03:06','d8f0329e3e2844aebf6ef06f6dc42e57',165,68),(984,'2018-12-19 23:03:37',1,'2018-12-19 23:03:37','d8f0329e3e2844aebf6ef06f6dc42e57',70,68),(985,'2018-12-19 23:34:43',1,'2018-12-19 23:34:43','d8f0329e3e2844aebf6ef06f6dc42e57',167,19),(986,'2018-12-19 23:35:01',1,'2018-12-19 23:35:01','d8f0329e3e2844aebf6ef06f6dc42e57',162,19),(987,'2018-12-19 23:35:22',1,'2018-12-19 23:35:22','d8f0329e3e2844aebf6ef06f6dc42e57',165,19),(988,'2018-12-20 00:04:37',1,'2018-12-20 00:04:37','d8f0329e3e2844aebf6ef06f6dc42e57',167,70),(989,'2018-12-20 01:30:53',1,'2018-12-20 01:30:53','d8f0329e3e2844aebf6ef06f6dc42e57',164,62),(990,'2018-12-20 01:32:43',1,'2018-12-20 01:32:43','d8f0329e3e2844aebf6ef06f6dc42e57',70,62),(991,'2018-12-20 02:24:12',1,'2018-12-20 02:24:12','d8f0329e3e2844aebf6ef06f6dc42e57',71,71),(992,'2018-12-20 02:24:49',1,'2018-12-20 02:24:49','d8f0329e3e2844aebf6ef06f6dc42e57',167,71),(993,'2018-12-20 02:28:56',1,'2018-12-20 02:28:56','d8f0329e3e2844aebf6ef06f6dc42e57',70,71),(994,'2018-12-20 02:31:20',1,'2018-12-20 02:31:20','d8f0329e3e2844aebf6ef06f6dc42e57',165,71),(995,'2018-12-20 02:33:31',1,'2018-12-20 02:33:31','d8f0329e3e2844aebf6ef06f6dc42e57',154,71),(996,'2018-12-20 02:34:57',1,'2018-12-20 02:34:57','d8f0329e3e2844aebf6ef06f6dc42e57',75,71),(997,'2018-12-20 07:00:18',1,'2018-12-20 07:00:18','d8f0329e3e2844aebf6ef06f6dc42e57',70,64),(998,'2018-12-20 07:01:02',1,'2018-12-20 07:01:02','d8f0329e3e2844aebf6ef06f6dc42e57',68,64),(999,'2018-12-20 07:01:17',1,'2018-12-20 07:01:17','d8f0329e3e2844aebf6ef06f6dc42e57',69,64),(1000,'2018-12-20 09:50:49',1,'2018-12-20 09:50:49','d8f0329e3e2844aebf6ef06f6dc42e57',167,31),(1001,'2018-12-20 09:53:59',1,'2018-12-20 09:53:59','d8f0329e3e2844aebf6ef06f6dc42e57',167,72),(1002,'2018-12-20 09:54:08',1,'2018-12-20 09:54:08','d8f0329e3e2844aebf6ef06f6dc42e57',167,72),(1003,'2018-12-20 10:00:05',1,'2018-12-20 10:00:05','d8f0329e3e2844aebf6ef06f6dc42e57',154,72),(1004,'2018-12-20 11:29:47',1,'2018-12-20 11:29:47','d8f0329e3e2844aebf6ef06f6dc42e57',154,73),(1005,'2018-12-20 11:30:08',1,'2018-12-20 11:30:08','d8f0329e3e2844aebf6ef06f6dc42e57',74,73),(1006,'2018-12-20 11:30:46',1,'2018-12-20 11:30:46','d8f0329e3e2844aebf6ef06f6dc42e57',156,73),(1007,'2018-12-20 11:30:47',1,'2018-12-20 11:30:47','d8f0329e3e2844aebf6ef06f6dc42e57',73,73),(1008,'2018-12-20 11:38:32',1,'2018-12-20 11:38:32','d8f0329e3e2844aebf6ef06f6dc42e57',167,12),(1009,'2018-12-20 11:53:00',1,'2018-12-20 11:53:00','d8f0329e3e2844aebf6ef06f6dc42e57',167,18),(1010,'2018-12-20 12:07:32',1,'2018-12-20 12:07:32','d8f0329e3e2844aebf6ef06f6dc42e57',167,20),(1011,'2018-12-20 12:10:58',1,'2018-12-20 12:10:58','d8f0329e3e2844aebf6ef06f6dc42e57',167,31),(1012,'2018-12-20 12:11:18',1,'2018-12-20 12:11:18','d8f0329e3e2844aebf6ef06f6dc42e57',167,18),(1013,'2018-12-20 12:12:08',1,'2018-12-20 12:12:08','d8f0329e3e2844aebf6ef06f6dc42e57',167,31),(1014,'2018-12-20 15:45:24',1,'2018-12-20 15:45:24','d8f0329e3e2844aebf6ef06f6dc42e57',168,19),(1015,'2018-12-20 15:54:53',1,'2018-12-20 15:54:53','d8f0329e3e2844aebf6ef06f6dc42e57',168,18),(1016,'2018-12-20 15:57:39',1,'2018-12-20 15:57:39','d8f0329e3e2844aebf6ef06f6dc42e57',168,18),(1017,'2018-12-20 15:57:48',1,'2018-12-20 15:57:48','d8f0329e3e2844aebf6ef06f6dc42e57',168,18),(1018,'2018-12-20 15:59:22',1,'2018-12-20 15:59:22','d8f0329e3e2844aebf6ef06f6dc42e57',163,18),(1019,'2018-12-20 15:59:31',1,'2018-12-20 15:59:31','d8f0329e3e2844aebf6ef06f6dc42e57',163,18),(1020,'2018-12-20 15:59:33',1,'2018-12-20 15:59:33','d8f0329e3e2844aebf6ef06f6dc42e57',166,18),(1021,'2018-12-20 16:07:33',1,'2018-12-20 16:07:33','d8f0329e3e2844aebf6ef06f6dc42e57',167,12),(1022,'2018-12-20 16:38:27',1,'2018-12-20 16:38:27','be2c510b1b5440dc8550c404031e6035',64,11),(1023,'2018-12-20 16:40:35',1,'2018-12-20 16:40:35','be2c510b1b5440dc8550c404031e6035',55,11),(1024,'2018-12-20 16:41:28',1,'2018-12-20 16:41:28','be2c510b1b5440dc8550c404031e6035',55,11),(1025,'2018-12-20 16:44:42',1,'2018-12-20 16:44:42','be2c510b1b5440dc8550c404031e6035',55,11),(1026,'2018-12-20 16:46:02',1,'2018-12-20 16:46:02','be2c510b1b5440dc8550c404031e6035',55,11),(1027,'2018-12-20 16:46:40',1,'2018-12-20 16:46:40','be2c510b1b5440dc8550c404031e6035',55,11),(1028,'2018-12-20 16:48:06',1,'2018-12-20 16:48:06','be2c510b1b5440dc8550c404031e6035',55,11),(1029,'2018-12-20 16:49:12',1,'2018-12-20 16:49:12','be2c510b1b5440dc8550c404031e6035',55,11),(1030,'2018-12-20 16:50:14',1,'2018-12-20 16:50:14','be2c510b1b5440dc8550c404031e6035',55,11),(1031,'2018-12-20 16:51:31',1,'2018-12-20 16:51:31','be2c510b1b5440dc8550c404031e6035',64,11),(1032,'2018-12-20 16:52:35',1,'2018-12-20 16:52:35','be2c510b1b5440dc8550c404031e6035',55,11),(1033,'2018-12-20 16:54:00',1,'2018-12-20 16:54:00','be2c510b1b5440dc8550c404031e6035',64,11),(1034,'2018-12-20 16:54:22',1,'2018-12-20 16:54:22','be2c510b1b5440dc8550c404031e6035',55,11),(1035,'2018-12-20 16:54:39',1,'2018-12-20 16:54:39','be2c510b1b5440dc8550c404031e6035',55,11),(1036,'2018-12-20 16:56:05',1,'2018-12-20 16:56:05','be2c510b1b5440dc8550c404031e6035',62,11),(1037,'2018-12-20 16:57:04',1,'2018-12-20 16:57:04','be2c510b1b5440dc8550c404031e6035',55,11),(1038,'2018-12-20 16:58:03',1,'2018-12-20 16:58:03','be2c510b1b5440dc8550c404031e6035',55,11),(1039,'2018-12-20 16:59:40',1,'2018-12-20 16:59:40','be2c510b1b5440dc8550c404031e6035',55,11),(1040,'2018-12-20 17:06:27',1,'2018-12-20 17:06:27','be2c510b1b5440dc8550c404031e6035',55,11),(1041,'2018-12-20 17:09:11',1,'2018-12-20 17:09:11','be2c510b1b5440dc8550c404031e6035',66,11),(1042,'2018-12-20 17:10:03',1,'2018-12-20 17:10:03','be2c510b1b5440dc8550c404031e6035',66,11),(1043,'2018-12-20 17:11:33',1,'2018-12-20 17:11:33','be2c510b1b5440dc8550c404031e6035',64,11),(1044,'2018-12-20 17:12:08',1,'2018-12-20 17:12:08','be2c510b1b5440dc8550c404031e6035',62,11),(1045,'2018-12-20 17:15:10',1,'2018-12-20 17:15:10','be2c510b1b5440dc8550c404031e6035',55,11),(1046,'2018-12-20 17:17:02',1,'2018-12-20 17:17:02','be2c510b1b5440dc8550c404031e6035',62,11),(1047,'2018-12-20 17:17:50',1,'2018-12-20 17:17:50','be2c510b1b5440dc8550c404031e6035',55,11),(1048,'2018-12-20 17:19:47',1,'2018-12-20 17:19:47','be2c510b1b5440dc8550c404031e6035',55,11),(1049,'2018-12-20 17:22:04',1,'2018-12-20 17:22:04','be2c510b1b5440dc8550c404031e6035',67,11),(1050,'2018-12-20 17:56:32',1,'2018-12-20 17:56:32','d8f0329e3e2844aebf6ef06f6dc42e57',167,29),(1051,'2018-12-20 18:10:19',1,'2018-12-20 18:10:19','d8f0329e3e2844aebf6ef06f6dc42e57',165,19),(1052,'2018-12-20 18:12:08',1,'2018-12-20 18:12:08','d8f0329e3e2844aebf6ef06f6dc42e57',164,19),(1053,'2018-12-20 18:12:45',1,'2018-12-20 18:12:45','d8f0329e3e2844aebf6ef06f6dc42e57',71,19),(1054,'2018-12-20 18:12:58',1,'2018-12-20 18:12:58','d8f0329e3e2844aebf6ef06f6dc42e57',167,19),(1055,'2018-12-20 18:47:54',1,'2018-12-20 18:47:54','d8f0329e3e2844aebf6ef06f6dc42e57',165,18),(1056,'2018-12-20 19:36:27',1,'2018-12-20 19:36:27','d8f0329e3e2844aebf6ef06f6dc42e57',165,18),(1057,'2018-12-20 19:47:06',1,'2018-12-20 19:47:06','d8f0329e3e2844aebf6ef06f6dc42e57',165,18),(1058,'2018-12-20 19:47:18',1,'2018-12-20 19:47:18','d8f0329e3e2844aebf6ef06f6dc42e57',165,18),(1059,'2018-12-20 19:48:12',1,'2018-12-20 19:48:12','d8f0329e3e2844aebf6ef06f6dc42e57',70,18),(1060,'2018-12-20 19:49:45',1,'2018-12-20 19:49:45','d8f0329e3e2844aebf6ef06f6dc42e57',165,18),(1061,'2018-12-20 19:49:45',1,'2018-12-20 19:49:45','d8f0329e3e2844aebf6ef06f6dc42e57',70,18),(1062,'2018-12-20 19:52:15',1,'2018-12-20 19:52:15','d8f0329e3e2844aebf6ef06f6dc42e57',70,18),(1063,'2018-12-20 19:54:16',1,'2018-12-20 19:54:16','d8f0329e3e2844aebf6ef06f6dc42e57',70,18),(1064,'2018-12-20 19:57:58',1,'2018-12-20 19:57:58','d8f0329e3e2844aebf6ef06f6dc42e57',165,18),(1065,'2018-12-20 21:10:39',1,'2018-12-20 21:10:39','d8f0329e3e2844aebf6ef06f6dc42e57',165,18),(1066,'2018-12-20 21:15:19',1,'2018-12-20 21:15:19','d8f0329e3e2844aebf6ef06f6dc42e57',70,18),(1067,'2018-12-20 21:15:19',1,'2018-12-20 21:15:19','d8f0329e3e2844aebf6ef06f6dc42e57',69,18),(1068,'2018-12-20 21:15:33',1,'2018-12-20 21:15:33','d8f0329e3e2844aebf6ef06f6dc42e57',70,18),(1069,'2018-12-20 21:45:45',1,'2018-12-20 21:45:45','d8f0329e3e2844aebf6ef06f6dc42e57',165,19),(1070,'2018-12-20 21:51:30',1,'2018-12-20 21:51:30','d8f0329e3e2844aebf6ef06f6dc42e57',70,19),(1071,'2018-12-20 22:56:00',1,'2018-12-20 22:56:00','d8f0329e3e2844aebf6ef06f6dc42e57',71,43),(1072,'2018-12-20 22:56:16',1,'2018-12-20 22:56:16','d8f0329e3e2844aebf6ef06f6dc42e57',167,43),(1073,'2018-12-20 23:53:40',1,'2018-12-20 23:53:40','d8f0329e3e2844aebf6ef06f6dc42e57',165,18),(1074,'2018-12-20 23:56:01',1,'2018-12-20 23:56:01','d8f0329e3e2844aebf6ef06f6dc42e57',165,18),(1075,'2018-12-21 09:33:46',1,'2018-12-21 09:33:46','d8f0329e3e2844aebf6ef06f6dc42e57',166,18),(1076,'2018-12-21 09:38:28',1,'2018-12-21 09:38:28','d8f0329e3e2844aebf6ef06f6dc42e57',166,31),(1077,'2018-12-21 09:38:57',1,'2018-12-21 09:38:57','d8f0329e3e2844aebf6ef06f6dc42e57',163,31),(1078,'2018-12-21 09:44:04',1,'2018-12-21 09:44:04','d8f0329e3e2844aebf6ef06f6dc42e57',166,18),(1079,'2018-12-21 09:46:06',1,'2018-12-21 09:46:06','d8f0329e3e2844aebf6ef06f6dc42e57',166,20),(1080,'2018-12-21 09:47:06',1,'2018-12-21 09:47:06','d8f0329e3e2844aebf6ef06f6dc42e57',163,20),(1081,'2018-12-21 09:50:14',1,'2018-12-21 09:50:14','d8f0329e3e2844aebf6ef06f6dc42e57',166,18),(1082,'2018-12-21 09:51:59',1,'2018-12-21 09:51:59','d8f0329e3e2844aebf6ef06f6dc42e57',166,18),(1083,'2018-12-21 11:50:17',1,'2018-12-21 11:50:17','d8f0329e3e2844aebf6ef06f6dc42e57',162,74),(1084,'2018-12-21 11:54:25',1,'2018-12-21 11:54:25','d8f0329e3e2844aebf6ef06f6dc42e57',71,74),(1085,'2018-12-21 11:56:37',1,'2018-12-21 11:56:37','d8f0329e3e2844aebf6ef06f6dc42e57',162,74),(1086,'2018-12-21 11:56:54',1,'2018-12-21 11:56:54','d8f0329e3e2844aebf6ef06f6dc42e57',167,74),(1087,'2018-12-21 11:59:10',1,'2018-12-21 11:59:10','d8f0329e3e2844aebf6ef06f6dc42e57',154,74),(1088,'2018-12-21 13:10:25',1,'2018-12-21 13:10:25','d8f0329e3e2844aebf6ef06f6dc42e57',162,18),(1089,'2018-12-21 13:10:31',1,'2018-12-21 13:10:31','d8f0329e3e2844aebf6ef06f6dc42e57',165,18),(1090,'2018-12-21 17:25:25',1,'2018-12-21 17:25:25','d8f0329e3e2844aebf6ef06f6dc42e57',166,31),(1091,'2018-12-21 20:49:21',1,'2018-12-21 20:49:21','d8f0329e3e2844aebf6ef06f6dc42e57',165,18),(1092,'2018-12-21 21:42:07',1,'2018-12-21 21:42:07','d8f0329e3e2844aebf6ef06f6dc42e57',73,41),(1093,'2018-12-21 21:42:29',1,'2018-12-21 21:42:29','d8f0329e3e2844aebf6ef06f6dc42e57',73,76),(1094,'2018-12-21 21:42:30',1,'2018-12-21 21:42:30','d8f0329e3e2844aebf6ef06f6dc42e57',73,41),(1095,'2018-12-21 21:42:37',1,'2018-12-21 21:42:37','d8f0329e3e2844aebf6ef06f6dc42e57',73,41),(1096,'2018-12-21 21:42:43',1,'2018-12-21 21:42:43','d8f0329e3e2844aebf6ef06f6dc42e57',73,76),(1097,'2018-12-21 22:32:19',1,'2018-12-21 22:32:19','d8f0329e3e2844aebf6ef06f6dc42e57',167,26),(1098,'2018-12-22 07:51:48',1,'2018-12-22 07:51:48','d8f0329e3e2844aebf6ef06f6dc42e57',167,42),(1099,'2018-12-22 09:09:45',1,'2018-12-22 09:09:45','d8f0329e3e2844aebf6ef06f6dc42e57',165,75),(1100,'2018-12-22 09:10:13',1,'2018-12-22 09:10:13','d8f0329e3e2844aebf6ef06f6dc42e57',165,75),(1101,'2018-12-22 09:10:34',1,'2018-12-22 09:10:34','d8f0329e3e2844aebf6ef06f6dc42e57',165,19),(1102,'2018-12-22 13:04:00',1,'2018-12-22 13:04:00','d8f0329e3e2844aebf6ef06f6dc42e57',71,72),(1103,'2018-12-22 13:10:07',1,'2018-12-22 13:10:07','d8f0329e3e2844aebf6ef06f6dc42e57',71,72),(1104,'2018-12-22 13:10:14',1,'2018-12-22 13:10:14','d8f0329e3e2844aebf6ef06f6dc42e57',71,72),(1105,'2018-12-23 08:59:40',1,'2018-12-23 08:59:40','be2c510b1b5440dc8550c404031e6035',55,12),(1106,'2018-12-23 09:00:40',1,'2018-12-23 09:00:40','be2c510b1b5440dc8550c404031e6035',65,12),(1107,'2018-12-23 09:01:27',1,'2018-12-23 09:01:27','be2c510b1b5440dc8550c404031e6035',62,12),(1108,'2018-12-23 09:08:16',1,'2018-12-23 09:08:16','d8f0329e3e2844aebf6ef06f6dc42e57',164,12),(1109,'2018-12-23 09:13:00',1,'2018-12-23 09:13:00','d8f0329e3e2844aebf6ef06f6dc42e57',169,12),(1110,'2018-12-23 09:13:19',1,'2018-12-23 09:13:19','d8f0329e3e2844aebf6ef06f6dc42e57',169,12),(1111,'2018-12-23 09:13:32',1,'2018-12-23 09:13:32','d8f0329e3e2844aebf6ef06f6dc42e57',169,12),(1112,'2018-12-23 17:04:21',1,'2018-12-23 17:04:21','d8f0329e3e2844aebf6ef06f6dc42e57',170,18),(1113,'2018-12-23 17:04:40',1,'2018-12-23 17:04:40','d8f0329e3e2844aebf6ef06f6dc42e57',170,18),(1114,'2018-12-23 17:04:48',1,'2018-12-23 17:04:48','d8f0329e3e2844aebf6ef06f6dc42e57',170,18),(1115,'2018-12-23 17:08:21',1,'2018-12-23 17:08:21','d8f0329e3e2844aebf6ef06f6dc42e57',170,18),(1116,'2018-12-23 17:09:42',1,'2018-12-23 17:09:42','d8f0329e3e2844aebf6ef06f6dc42e57',170,18),(1117,'2018-12-23 17:15:04',1,'2018-12-23 17:15:04','d8f0329e3e2844aebf6ef06f6dc42e57',170,18),(1118,'2018-12-23 17:15:19',1,'2018-12-23 17:15:19','d8f0329e3e2844aebf6ef06f6dc42e57',170,18),(1119,'2018-12-23 17:15:29',1,'2018-12-23 17:15:29','d8f0329e3e2844aebf6ef06f6dc42e57',170,18),(1120,'2018-12-23 17:39:53',1,'2018-12-23 17:39:53','d8f0329e3e2844aebf6ef06f6dc42e57',170,18),(1121,'2018-12-23 17:42:09',1,'2018-12-23 17:42:09','d8f0329e3e2844aebf6ef06f6dc42e57',170,18),(1122,'2018-12-23 17:49:59',1,'2018-12-23 17:49:59','d8f0329e3e2844aebf6ef06f6dc42e57',170,18),(1123,'2018-12-23 17:50:06',1,'2018-12-23 17:50:06','d8f0329e3e2844aebf6ef06f6dc42e57',170,18),(1124,'2018-12-23 17:51:00',1,'2018-12-23 17:51:00','d8f0329e3e2844aebf6ef06f6dc42e57',170,18),(1125,'2018-12-23 17:51:15',1,'2018-12-23 17:51:15','d8f0329e3e2844aebf6ef06f6dc42e57',170,18),(1126,'2018-12-23 17:52:19',1,'2018-12-23 17:52:19','d8f0329e3e2844aebf6ef06f6dc42e57',165,18),(1127,'2018-12-23 19:01:19',1,'2018-12-23 19:01:19','d8f0329e3e2844aebf6ef06f6dc42e57',170,18),(1128,'2018-12-23 19:04:37',1,'2018-12-23 19:04:37','d8f0329e3e2844aebf6ef06f6dc42e57',170,19),(1129,'2018-12-23 19:07:30',1,'2018-12-23 19:07:30','d8f0329e3e2844aebf6ef06f6dc42e57',170,19),(1130,'2018-12-23 19:09:13',1,'2018-12-23 19:09:13','d8f0329e3e2844aebf6ef06f6dc42e57',170,19),(1131,'2018-12-23 19:18:11',1,'2018-12-23 19:18:11','d8f0329e3e2844aebf6ef06f6dc42e57',170,19),(1132,'2018-12-23 19:21:45',1,'2018-12-23 19:21:45','d8f0329e3e2844aebf6ef06f6dc42e57',170,19),(1133,'2018-12-23 19:22:35',1,'2018-12-23 19:22:35','d8f0329e3e2844aebf6ef06f6dc42e57',170,19),(1134,'2018-12-23 19:22:49',1,'2018-12-23 19:22:49','d8f0329e3e2844aebf6ef06f6dc42e57',170,19),(1135,'2018-12-23 19:23:09',1,'2018-12-23 19:23:09','d8f0329e3e2844aebf6ef06f6dc42e57',170,18),(1136,'2018-12-23 19:24:57',1,'2018-12-23 19:24:57','d8f0329e3e2844aebf6ef06f6dc42e57',170,26),(1137,'2018-12-23 19:26:40',1,'2018-12-23 19:26:40','d8f0329e3e2844aebf6ef06f6dc42e57',70,26),(1138,'2018-12-23 19:28:27',1,'2018-12-23 19:28:27','d8f0329e3e2844aebf6ef06f6dc42e57',70,18),(1139,'2018-12-23 19:29:15',1,'2018-12-23 19:29:15','d8f0329e3e2844aebf6ef06f6dc42e57',70,19),(1140,'2018-12-23 19:30:08',1,'2018-12-23 19:30:08','d8f0329e3e2844aebf6ef06f6dc42e57',70,18),(1141,'2018-12-23 19:30:18',1,'2018-12-23 19:30:18','d8f0329e3e2844aebf6ef06f6dc42e57',70,18),(1142,'2018-12-23 19:39:12',1,'2018-12-23 19:39:12','d8f0329e3e2844aebf6ef06f6dc42e57',70,84),(1143,'2018-12-23 19:51:54',1,'2018-12-23 19:51:54','d8f0329e3e2844aebf6ef06f6dc42e57',70,26),(1144,'2018-12-23 19:55:17',1,'2018-12-23 19:55:17','d8f0329e3e2844aebf6ef06f6dc42e57',70,20),(1145,'2018-12-23 19:56:27',1,'2018-12-23 19:56:27','d8f0329e3e2844aebf6ef06f6dc42e57',170,20),(1146,'2018-12-23 19:59:00',1,'2018-12-23 19:59:00','d8f0329e3e2844aebf6ef06f6dc42e57',70,19),(1147,'2018-12-23 19:59:09',1,'2018-12-23 19:59:09','d8f0329e3e2844aebf6ef06f6dc42e57',70,26),(1148,'2018-12-23 20:00:56',1,'2018-12-23 20:00:56','d8f0329e3e2844aebf6ef06f6dc42e57',70,80),(1149,'2018-12-23 20:03:00',1,'2018-12-23 20:03:00','d8f0329e3e2844aebf6ef06f6dc42e57',170,19),(1150,'2018-12-23 20:03:02',1,'2018-12-23 20:03:02','d8f0329e3e2844aebf6ef06f6dc42e57',165,19),(1151,'2018-12-23 20:05:00',1,'2018-12-23 20:05:00','d8f0329e3e2844aebf6ef06f6dc42e57',70,80),(1152,'2018-12-23 20:10:01',1,'2018-12-23 20:10:01','d8f0329e3e2844aebf6ef06f6dc42e57',70,65),(1153,'2018-12-23 20:19:30',1,'2018-12-23 20:19:30','d8f0329e3e2844aebf6ef06f6dc42e57',70,80),(1154,'2018-12-23 20:48:11',1,'2018-12-23 20:48:11','d8f0329e3e2844aebf6ef06f6dc42e57',70,43),(1155,'2018-12-23 20:48:23',1,'2018-12-23 20:48:23','d8f0329e3e2844aebf6ef06f6dc42e57',70,93),(1156,'2018-12-23 21:33:00',1,'2018-12-23 21:33:00','d8f0329e3e2844aebf6ef06f6dc42e57',170,18),(1157,'2018-12-23 22:23:54',1,'2018-12-23 22:23:54','d8f0329e3e2844aebf6ef06f6dc42e57',170,19),(1158,'2018-12-24 00:05:35',1,'2018-12-24 00:05:35','d8f0329e3e2844aebf6ef06f6dc42e57',170,20),(1159,'2018-12-24 00:06:03',1,'2018-12-24 00:06:03','d8f0329e3e2844aebf6ef06f6dc42e57',170,31),(1160,'2018-12-24 00:06:52',1,'2018-12-24 00:06:52','d8f0329e3e2844aebf6ef06f6dc42e57',70,20),(1161,'2018-12-24 00:06:59',1,'2018-12-24 00:06:59','d8f0329e3e2844aebf6ef06f6dc42e57',70,20),(1162,'2018-12-24 00:38:21',1,'2018-12-24 00:38:21','d8f0329e3e2844aebf6ef06f6dc42e57',166,18),(1163,'2018-12-24 00:39:50',1,'2018-12-24 00:39:50','d8f0329e3e2844aebf6ef06f6dc42e57',166,18),(1164,'2018-12-24 00:40:52',1,'2018-12-24 00:40:52','d8f0329e3e2844aebf6ef06f6dc42e57',163,18),(1165,'2018-12-24 00:47:51',1,'2018-12-24 00:47:51','d8f0329e3e2844aebf6ef06f6dc42e57',166,18),(1166,'2018-12-24 03:11:37',1,'2018-12-24 03:11:37','d8f0329e3e2844aebf6ef06f6dc42e57',170,97),(1167,'2018-12-24 07:26:25',1,'2018-12-24 07:26:25','d8f0329e3e2844aebf6ef06f6dc42e57',170,98),(1168,'2018-12-24 07:38:22',1,'2018-12-24 07:38:22','d8f0329e3e2844aebf6ef06f6dc42e57',71,99),(1169,'2018-12-24 07:39:09',1,'2018-12-24 07:39:09','d8f0329e3e2844aebf6ef06f6dc42e57',167,99),(1170,'2018-12-24 11:53:22',1,'2018-12-24 11:53:22','d8f0329e3e2844aebf6ef06f6dc42e57',171,18),(1171,'2018-12-24 12:03:39',1,'2018-12-24 12:03:39','d8f0329e3e2844aebf6ef06f6dc42e57',170,18),(1172,'2018-12-24 12:03:45',1,'2018-12-24 12:03:45','d8f0329e3e2844aebf6ef06f6dc42e57',70,18),(1173,'2018-12-24 12:03:55',1,'2018-12-24 12:03:55','d8f0329e3e2844aebf6ef06f6dc42e57',165,18),(1174,'2018-12-24 12:04:16',1,'2018-12-24 12:04:16','d8f0329e3e2844aebf6ef06f6dc42e57',165,18),(1175,'2018-12-24 12:04:27',1,'2018-12-24 12:04:27','d8f0329e3e2844aebf6ef06f6dc42e57',70,18),(1176,'2018-12-24 12:05:08',1,'2018-12-24 12:05:08','d8f0329e3e2844aebf6ef06f6dc42e57',170,18),(1177,'2018-12-24 12:52:57',1,'2018-12-24 12:52:57','d8f0329e3e2844aebf6ef06f6dc42e57',170,18),(1178,'2018-12-24 12:53:07',1,'2018-12-24 12:53:07','d8f0329e3e2844aebf6ef06f6dc42e57',155,18),(1179,'2018-12-24 12:53:45',1,'2018-12-24 12:53:45','d8f0329e3e2844aebf6ef06f6dc42e57',170,18),(1180,'2018-12-24 13:00:33',1,'2018-12-24 13:00:33','d8f0329e3e2844aebf6ef06f6dc42e57',165,18),(1181,'2018-12-24 13:01:04',1,'2018-12-24 13:01:04','d8f0329e3e2844aebf6ef06f6dc42e57',70,18),(1182,'2018-12-24 13:05:34',1,'2018-12-24 13:05:34','d8f0329e3e2844aebf6ef06f6dc42e57',166,18),(1183,'2018-12-24 13:06:19',1,'2018-12-24 13:06:19','d8f0329e3e2844aebf6ef06f6dc42e57',166,18),(1184,'2018-12-24 13:08:09',1,'2018-12-24 13:08:09','d8f0329e3e2844aebf6ef06f6dc42e57',166,53),(1185,'2018-12-24 14:48:46',1,'2018-12-24 14:48:46','d8f0329e3e2844aebf6ef06f6dc42e57',165,18),(1186,'2018-12-24 14:49:22',1,'2018-12-24 14:49:22','d8f0329e3e2844aebf6ef06f6dc42e57',165,18),(1187,'2018-12-24 17:33:13',1,'2018-12-24 17:33:13','d8f0329e3e2844aebf6ef06f6dc42e57',170,18),(1188,'2018-12-24 17:33:49',1,'2018-12-24 17:33:49','d8f0329e3e2844aebf6ef06f6dc42e57',170,20),(1189,'2018-12-24 18:47:07',1,'2018-12-24 18:47:07','d8f0329e3e2844aebf6ef06f6dc42e57',166,103),(1190,'2018-12-24 19:47:34',1,'2018-12-24 19:47:34','d8f0329e3e2844aebf6ef06f6dc42e57',166,19),(1191,'2018-12-24 19:50:57',1,'2018-12-24 19:50:57','d8f0329e3e2844aebf6ef06f6dc42e57',166,18),(1192,'2018-12-24 19:51:16',1,'2018-12-24 19:51:16','d8f0329e3e2844aebf6ef06f6dc42e57',166,18),(1193,'2018-12-24 19:53:43',1,'2018-12-24 19:53:43','d8f0329e3e2844aebf6ef06f6dc42e57',166,18),(1194,'2018-12-24 20:27:22',1,'2018-12-24 20:27:22','d8f0329e3e2844aebf6ef06f6dc42e57',166,18),(1195,'2018-12-24 21:54:07',1,'2018-12-24 21:54:07','d8f0329e3e2844aebf6ef06f6dc42e57',170,89),(1196,'2018-12-24 21:54:29',1,'2018-12-24 21:54:29','d8f0329e3e2844aebf6ef06f6dc42e57',165,89),(1197,'2018-12-24 21:54:41',1,'2018-12-24 21:54:41','d8f0329e3e2844aebf6ef06f6dc42e57',70,89),(1198,'2018-12-24 21:55:15',1,'2018-12-24 21:55:15','d8f0329e3e2844aebf6ef06f6dc42e57',170,89),(1199,'2018-12-25 03:36:53',1,'2018-12-25 03:36:53','d8f0329e3e2844aebf6ef06f6dc42e57',167,58),(1200,'2018-12-25 03:38:46',1,'2018-12-25 03:38:46','d8f0329e3e2844aebf6ef06f6dc42e57',75,58),(1201,'2018-12-25 10:23:44',1,'2018-12-25 10:23:44','d8f0329e3e2844aebf6ef06f6dc42e57',166,89),(1202,'2018-12-25 12:19:43',1,'2018-12-25 12:19:43','d8f0329e3e2844aebf6ef06f6dc42e57',170,18),(1203,'2018-12-25 12:20:04',1,'2018-12-25 12:20:04','d8f0329e3e2844aebf6ef06f6dc42e57',170,18),(1204,'2018-12-25 12:36:20',1,'2018-12-25 12:36:20','d8f0329e3e2844aebf6ef06f6dc42e57',170,18),(1205,'2018-12-25 13:34:34',1,'2018-12-25 13:34:34','d8f0329e3e2844aebf6ef06f6dc42e57',167,19),(1206,'2018-12-25 13:40:27',1,'2018-12-25 13:40:27','d8f0329e3e2844aebf6ef06f6dc42e57',170,19),(1207,'2018-12-25 13:44:21',1,'2018-12-25 13:44:21','d8f0329e3e2844aebf6ef06f6dc42e57',74,12),(1208,'2018-12-25 13:47:52',1,'2018-12-25 13:47:52','d8f0329e3e2844aebf6ef06f6dc42e57',70,18),(1209,'2018-12-25 13:48:22',1,'2018-12-25 13:48:22','d8f0329e3e2844aebf6ef06f6dc42e57',170,19),(1210,'2018-12-25 13:50:04',1,'2018-12-25 13:50:04','d8f0329e3e2844aebf6ef06f6dc42e57',170,18),(1211,'2018-12-25 14:01:31',1,'2018-12-25 14:01:31','d8f0329e3e2844aebf6ef06f6dc42e57',170,20),(1212,'2018-12-25 14:02:21',1,'2018-12-25 14:02:21','d8f0329e3e2844aebf6ef06f6dc42e57',170,18),(1213,'2018-12-25 14:05:12',1,'2018-12-25 14:05:12','d8f0329e3e2844aebf6ef06f6dc42e57',70,18),(1214,'2018-12-25 14:13:20',1,'2018-12-25 14:13:20','d8f0329e3e2844aebf6ef06f6dc42e57',167,18),(1215,'2018-12-25 14:13:30',1,'2018-12-25 14:13:30','d8f0329e3e2844aebf6ef06f6dc42e57',162,18),(1216,'2018-12-25 14:13:42',1,'2018-12-25 14:13:42','d8f0329e3e2844aebf6ef06f6dc42e57',154,18),(1217,'2018-12-25 14:14:11',1,'2018-12-25 14:14:11','d8f0329e3e2844aebf6ef06f6dc42e57',168,18),(1218,'2018-12-25 14:38:26',1,'2018-12-25 14:38:26','d8f0329e3e2844aebf6ef06f6dc42e57',166,18),(1219,'2018-12-25 14:39:18',1,'2018-12-25 14:39:18','d8f0329e3e2844aebf6ef06f6dc42e57',72,18),(1220,'2018-12-25 14:39:24',1,'2018-12-25 14:39:24','d8f0329e3e2844aebf6ef06f6dc42e57',72,18),(1221,'2018-12-25 14:39:35',1,'2018-12-25 14:39:35','d8f0329e3e2844aebf6ef06f6dc42e57',163,18),(1222,'2018-12-25 14:40:11',1,'2018-12-25 14:40:11','d8f0329e3e2844aebf6ef06f6dc42e57',167,18),(1223,'2018-12-25 14:43:44',1,'2018-12-25 14:43:44','d8f0329e3e2844aebf6ef06f6dc42e57',168,18),(1224,'2018-12-25 14:44:32',1,'2018-12-25 14:44:32','d8f0329e3e2844aebf6ef06f6dc42e57',168,18),(1225,'2018-12-25 14:45:17',1,'2018-12-25 14:45:17','d8f0329e3e2844aebf6ef06f6dc42e57',168,19),(1226,'2018-12-25 14:48:05',1,'2018-12-25 14:48:05','d8f0329e3e2844aebf6ef06f6dc42e57',168,18),(1227,'2018-12-25 15:25:44',1,'2018-12-25 15:25:44','d8f0329e3e2844aebf6ef06f6dc42e57',166,18),(1228,'2018-12-25 15:25:51',1,'2018-12-25 15:25:51','d8f0329e3e2844aebf6ef06f6dc42e57',168,18),(1229,'2018-12-25 15:30:35',1,'2018-12-25 15:30:35','d8f0329e3e2844aebf6ef06f6dc42e57',168,18),(1230,'2018-12-25 15:31:05',1,'2018-12-25 15:31:05','d8f0329e3e2844aebf6ef06f6dc42e57',168,18),(1231,'2018-12-25 15:31:26',1,'2018-12-25 15:31:26','d8f0329e3e2844aebf6ef06f6dc42e57',168,18),(1232,'2018-12-25 15:31:40',1,'2018-12-25 15:31:40','d8f0329e3e2844aebf6ef06f6dc42e57',168,18),(1233,'2018-12-25 15:34:12',1,'2018-12-25 15:34:12','d8f0329e3e2844aebf6ef06f6dc42e57',168,21),(1234,'2018-12-25 15:34:51',1,'2018-12-25 15:34:51','d8f0329e3e2844aebf6ef06f6dc42e57',168,19),(1235,'2018-12-25 15:35:55',1,'2018-12-25 15:35:55','d8f0329e3e2844aebf6ef06f6dc42e57',168,103),(1236,'2018-12-25 15:39:22',1,'2018-12-25 15:39:22','d8f0329e3e2844aebf6ef06f6dc42e57',168,19),(1237,'2018-12-25 15:41:31',1,'2018-12-25 15:41:31','d8f0329e3e2844aebf6ef06f6dc42e57',170,19),(1238,'2018-12-25 15:44:14',1,'2018-12-25 15:44:14','d8f0329e3e2844aebf6ef06f6dc42e57',168,19),(1239,'2018-12-25 15:44:25',1,'2018-12-25 15:44:25','d8f0329e3e2844aebf6ef06f6dc42e57',168,19),(1240,'2018-12-25 15:44:41',1,'2018-12-25 15:44:41','d8f0329e3e2844aebf6ef06f6dc42e57',163,19),(1241,'2018-12-25 15:44:55',1,'2018-12-25 15:44:55','d8f0329e3e2844aebf6ef06f6dc42e57',168,19),(1242,'2018-12-25 15:45:41',1,'2018-12-25 15:45:41','d8f0329e3e2844aebf6ef06f6dc42e57',168,18),(1243,'2018-12-25 15:46:35',1,'2018-12-25 15:46:35','d8f0329e3e2844aebf6ef06f6dc42e57',168,18),(1244,'2018-12-25 15:47:02',1,'2018-12-25 15:47:02','d8f0329e3e2844aebf6ef06f6dc42e57',168,18),(1245,'2018-12-25 15:47:35',1,'2018-12-25 15:47:35','d8f0329e3e2844aebf6ef06f6dc42e57',168,18),(1246,'2018-12-25 15:48:09',1,'2018-12-25 15:48:09','d8f0329e3e2844aebf6ef06f6dc42e57',168,18),(1247,'2018-12-25 15:48:47',1,'2018-12-25 15:48:47','d8f0329e3e2844aebf6ef06f6dc42e57',168,18),(1248,'2018-12-25 15:48:49',1,'2018-12-25 15:48:49','d8f0329e3e2844aebf6ef06f6dc42e57',168,18),(1249,'2018-12-25 16:11:25',1,'2018-12-25 16:11:25','d8f0329e3e2844aebf6ef06f6dc42e57',164,12),(1250,'2018-12-25 16:12:27',1,'2018-12-25 16:12:27','d8f0329e3e2844aebf6ef06f6dc42e57',164,12),(1251,'2018-12-25 16:15:53',1,'2018-12-25 16:15:53','d8f0329e3e2844aebf6ef06f6dc42e57',168,12),(1252,'2018-12-25 16:16:32',1,'2018-12-25 16:16:32','d8f0329e3e2844aebf6ef06f6dc42e57',168,12),(1253,'2018-12-25 16:16:56',1,'2018-12-25 16:16:56','d8f0329e3e2844aebf6ef06f6dc42e57',168,12),(1254,'2018-12-25 16:22:00',1,'2018-12-25 16:22:00','d8f0329e3e2844aebf6ef06f6dc42e57',168,12),(1255,'2018-12-25 16:24:14',1,'2018-12-25 16:24:14','d8f0329e3e2844aebf6ef06f6dc42e57',168,12),(1256,'2018-12-25 16:25:44',1,'2018-12-25 16:25:44','d8f0329e3e2844aebf6ef06f6dc42e57',168,12),(1257,'2018-12-25 16:26:51',1,'2018-12-25 16:26:51','d8f0329e3e2844aebf6ef06f6dc42e57',168,12),(1258,'2018-12-25 16:27:43',1,'2018-12-25 16:27:43','d8f0329e3e2844aebf6ef06f6dc42e57',168,12),(1259,'2018-12-25 16:28:19',1,'2018-12-25 16:28:19','d8f0329e3e2844aebf6ef06f6dc42e57',168,12),(1260,'2018-12-25 16:28:44',1,'2018-12-25 16:28:44','d8f0329e3e2844aebf6ef06f6dc42e57',168,12),(1261,'2018-12-25 16:29:27',1,'2018-12-25 16:29:27','d8f0329e3e2844aebf6ef06f6dc42e57',168,12),(1262,'2018-12-25 16:30:28',1,'2018-12-25 16:30:28','d8f0329e3e2844aebf6ef06f6dc42e57',168,12),(1263,'2018-12-25 16:33:52',1,'2018-12-25 16:33:52','d8f0329e3e2844aebf6ef06f6dc42e57',168,12),(1264,'2018-12-25 16:35:56',1,'2018-12-25 16:35:56','d8f0329e3e2844aebf6ef06f6dc42e57',168,12),(1265,'2018-12-25 16:36:30',1,'2018-12-25 16:36:30','d8f0329e3e2844aebf6ef06f6dc42e57',168,12),(1266,'2018-12-25 16:40:47',1,'2018-12-25 16:40:47','d8f0329e3e2844aebf6ef06f6dc42e57',168,12),(1267,'2018-12-25 16:40:55',1,'2018-12-25 16:40:55','d8f0329e3e2844aebf6ef06f6dc42e57',168,12),(1268,'2018-12-25 16:50:22',1,'2018-12-25 16:50:22','d8f0329e3e2844aebf6ef06f6dc42e57',71,105),(1269,'2018-12-25 16:51:03',1,'2018-12-25 16:51:03','d8f0329e3e2844aebf6ef06f6dc42e57',167,105),(1270,'2018-12-25 16:51:42',1,'2018-12-25 16:51:42','d8f0329e3e2844aebf6ef06f6dc42e57',70,105),(1271,'2018-12-25 16:52:21',1,'2018-12-25 16:52:21','d8f0329e3e2844aebf6ef06f6dc42e57',170,105),(1272,'2018-12-25 16:53:04',1,'2018-12-25 16:53:04','d8f0329e3e2844aebf6ef06f6dc42e57',167,105),(1273,'2018-12-25 16:53:34',1,'2018-12-25 16:53:34','d8f0329e3e2844aebf6ef06f6dc42e57',70,105),(1274,'2018-12-25 16:54:40',1,'2018-12-25 16:54:40','d8f0329e3e2844aebf6ef06f6dc42e57',164,105),(1275,'2018-12-25 16:55:08',1,'2018-12-25 16:55:08','d8f0329e3e2844aebf6ef06f6dc42e57',156,105),(1276,'2018-12-25 16:55:36',1,'2018-12-25 16:55:36','d8f0329e3e2844aebf6ef06f6dc42e57',74,105),(1277,'2018-12-25 17:41:53',1,'2018-12-25 17:41:53','d8f0329e3e2844aebf6ef06f6dc42e57',172,18),(1278,'2018-12-25 17:42:37',1,'2018-12-25 17:42:37','d8f0329e3e2844aebf6ef06f6dc42e57',172,18),(1279,'2018-12-25 17:44:08',1,'2018-12-25 17:44:08','d8f0329e3e2844aebf6ef06f6dc42e57',172,18),(1280,'2018-12-25 17:51:26',1,'2018-12-25 17:51:26','d8f0329e3e2844aebf6ef06f6dc42e57',172,18),(1281,'2018-12-25 17:52:46',1,'2018-12-25 17:52:46','d8f0329e3e2844aebf6ef06f6dc42e57',172,18),(1282,'2018-12-25 17:57:29',1,'2018-12-25 17:57:29','d8f0329e3e2844aebf6ef06f6dc42e57',170,26),(1283,'2018-12-25 17:57:58',1,'2018-12-25 17:57:58','d8f0329e3e2844aebf6ef06f6dc42e57',172,26),(1284,'2018-12-25 18:10:13',1,'2018-12-25 18:10:13','d8f0329e3e2844aebf6ef06f6dc42e57',172,18),(1285,'2018-12-25 18:28:01',1,'2018-12-25 18:28:01','d8f0329e3e2844aebf6ef06f6dc42e57',173,18),(1286,'2018-12-25 18:33:08',1,'2018-12-25 18:33:08','d8f0329e3e2844aebf6ef06f6dc42e57',172,18),(1287,'2018-12-25 18:37:38',1,'2018-12-25 18:37:38','d8f0329e3e2844aebf6ef06f6dc42e57',172,18),(1288,'2018-12-25 18:42:25',1,'2018-12-25 18:42:25','d8f0329e3e2844aebf6ef06f6dc42e57',172,26),(1289,'2018-12-25 18:43:00',1,'2018-12-25 18:43:00','d8f0329e3e2844aebf6ef06f6dc42e57',172,26),(1290,'2018-12-25 18:43:05',1,'2018-12-25 18:43:05','d8f0329e3e2844aebf6ef06f6dc42e57',172,26),(1291,'2018-12-25 18:48:01',1,'2018-12-25 18:48:01','d8f0329e3e2844aebf6ef06f6dc42e57',172,41),(1292,'2018-12-25 18:48:17',1,'2018-12-25 18:48:17','d8f0329e3e2844aebf6ef06f6dc42e57',172,41),(1293,'2018-12-25 18:50:26',1,'2018-12-25 18:50:26','d8f0329e3e2844aebf6ef06f6dc42e57',172,20),(1294,'2018-12-25 18:50:39',1,'2018-12-25 18:50:39','d8f0329e3e2844aebf6ef06f6dc42e57',172,20),(1295,'2018-12-25 18:55:20',1,'2018-12-25 18:55:20','d8f0329e3e2844aebf6ef06f6dc42e57',172,20),(1296,'2018-12-25 19:01:11',1,'2018-12-25 19:01:11','d8f0329e3e2844aebf6ef06f6dc42e57',172,18),(1297,'2018-12-25 19:09:13',1,'2018-12-25 19:09:13','d8f0329e3e2844aebf6ef06f6dc42e57',172,18),(1298,'2018-12-25 19:14:15',1,'2018-12-25 19:14:15','d8f0329e3e2844aebf6ef06f6dc42e57',172,19),(1299,'2018-12-25 19:14:55',1,'2018-12-25 19:14:55','d8f0329e3e2844aebf6ef06f6dc42e57',172,19),(1300,'2018-12-25 19:15:44',1,'2018-12-25 19:15:44','d8f0329e3e2844aebf6ef06f6dc42e57',172,19),(1301,'2018-12-25 19:19:38',1,'2018-12-25 19:19:38','d8f0329e3e2844aebf6ef06f6dc42e57',172,19),(1302,'2018-12-25 19:33:20',1,'2018-12-25 19:33:20','d8f0329e3e2844aebf6ef06f6dc42e57',172,21),(1303,'2018-12-25 19:33:50',1,'2018-12-25 19:33:50','d8f0329e3e2844aebf6ef06f6dc42e57',172,21),(1304,'2018-12-25 19:34:02',1,'2018-12-25 19:34:02','d8f0329e3e2844aebf6ef06f6dc42e57',172,21),(1305,'2018-12-25 19:41:23',1,'2018-12-25 19:41:23','d8f0329e3e2844aebf6ef06f6dc42e57',172,18),(1306,'2018-12-25 19:42:11',1,'2018-12-25 19:42:11','d8f0329e3e2844aebf6ef06f6dc42e57',70,18),(1307,'2018-12-25 19:42:20',1,'2018-12-25 19:42:20','d8f0329e3e2844aebf6ef06f6dc42e57',170,18),(1308,'2018-12-25 19:44:13',1,'2018-12-25 19:44:13','d8f0329e3e2844aebf6ef06f6dc42e57',170,18),(1309,'2018-12-25 19:46:52',1,'2018-12-25 19:46:52','d8f0329e3e2844aebf6ef06f6dc42e57',172,18),(1310,'2018-12-25 20:04:13',1,'2018-12-25 20:04:13','d8f0329e3e2844aebf6ef06f6dc42e57',172,18),(1311,'2018-12-25 21:47:44',1,'2018-12-25 21:47:44','d8f0329e3e2844aebf6ef06f6dc42e57',168,12),(1312,'2018-12-25 21:47:55',1,'2018-12-25 21:47:55','d8f0329e3e2844aebf6ef06f6dc42e57',168,12),(1313,'2018-12-25 21:48:19',1,'2018-12-25 21:48:19','d8f0329e3e2844aebf6ef06f6dc42e57',168,12),(1314,'2018-12-25 21:48:26',1,'2018-12-25 21:48:26','d8f0329e3e2844aebf6ef06f6dc42e57',168,12),(1315,'2018-12-25 22:09:52',1,'2018-12-25 22:09:52','d8f0329e3e2844aebf6ef06f6dc42e57',170,12),(1316,'2018-12-25 22:10:00',1,'2018-12-25 22:10:00','d8f0329e3e2844aebf6ef06f6dc42e57',162,12),(1317,'2018-12-25 22:10:50',1,'2018-12-25 22:10:50','d8f0329e3e2844aebf6ef06f6dc42e57',172,21),(1318,'2018-12-25 22:16:11',1,'2018-12-25 22:16:11','d8f0329e3e2844aebf6ef06f6dc42e57',70,12),(1319,'2018-12-25 22:16:21',1,'2018-12-25 22:16:21','d8f0329e3e2844aebf6ef06f6dc42e57',162,12),(1320,'2018-12-25 22:19:25',1,'2018-12-25 22:19:25','d8f0329e3e2844aebf6ef06f6dc42e57',167,12),(1321,'2018-12-25 22:21:17',1,'2018-12-25 22:21:17','d8f0329e3e2844aebf6ef06f6dc42e57',170,12),(1322,'2018-12-25 22:21:29',1,'2018-12-25 22:21:29','d8f0329e3e2844aebf6ef06f6dc42e57',167,12),(1323,'2018-12-25 22:21:38',1,'2018-12-25 22:21:38','d8f0329e3e2844aebf6ef06f6dc42e57',71,12),(1324,'2018-12-25 22:21:43',1,'2018-12-25 22:21:43','d8f0329e3e2844aebf6ef06f6dc42e57',167,12),(1325,'2018-12-25 22:22:16',1,'2018-12-25 22:22:16','d8f0329e3e2844aebf6ef06f6dc42e57',170,12),(1326,'2018-12-25 22:22:21',1,'2018-12-25 22:22:21','d8f0329e3e2844aebf6ef06f6dc42e57',167,12),(1327,'2018-12-25 22:22:27',1,'2018-12-25 22:22:27','d8f0329e3e2844aebf6ef06f6dc42e57',70,12),(1328,'2018-12-25 22:22:31',1,'2018-12-25 22:22:31','d8f0329e3e2844aebf6ef06f6dc42e57',162,12),(1329,'2018-12-25 22:23:24',1,'2018-12-25 22:23:24','d8f0329e3e2844aebf6ef06f6dc42e57',162,12),(1330,'2018-12-25 22:23:34',1,'2018-12-25 22:23:34','d8f0329e3e2844aebf6ef06f6dc42e57',162,12),(1331,'2018-12-25 22:23:39',1,'2018-12-25 22:23:39','d8f0329e3e2844aebf6ef06f6dc42e57',167,12),(1332,'2018-12-25 22:23:47',1,'2018-12-25 22:23:47','d8f0329e3e2844aebf6ef06f6dc42e57',167,12),(1333,'2018-12-25 22:24:02',1,'2018-12-25 22:24:02','d8f0329e3e2844aebf6ef06f6dc42e57',170,12),(1334,'2018-12-25 22:34:27',1,'2018-12-25 22:34:27','d8f0329e3e2844aebf6ef06f6dc42e57',170,12),(1335,'2018-12-25 22:34:27',1,'2018-12-25 22:34:27','d8f0329e3e2844aebf6ef06f6dc42e57',170,12),(1336,'2018-12-25 22:34:35',1,'2018-12-25 22:34:35','d8f0329e3e2844aebf6ef06f6dc42e57',167,12),(1337,'2018-12-25 22:34:35',1,'2018-12-25 22:34:35','d8f0329e3e2844aebf6ef06f6dc42e57',167,12),(1338,'2018-12-25 22:34:37',1,'2018-12-25 22:34:37','d8f0329e3e2844aebf6ef06f6dc42e57',170,12),(1339,'2018-12-25 22:34:37',1,'2018-12-25 22:34:37','d8f0329e3e2844aebf6ef06f6dc42e57',170,12),(1340,'2018-12-25 22:34:47',1,'2018-12-25 22:34:47','d8f0329e3e2844aebf6ef06f6dc42e57',167,12),(1341,'2018-12-25 22:36:00',1,'2018-12-25 22:36:00','d8f0329e3e2844aebf6ef06f6dc42e57',167,12),(1342,'2018-12-25 22:36:05',1,'2018-12-25 22:36:05','d8f0329e3e2844aebf6ef06f6dc42e57',162,12),(1343,'2018-12-25 22:36:18',1,'2018-12-25 22:36:18','d8f0329e3e2844aebf6ef06f6dc42e57',170,12),(1344,'2018-12-25 22:36:22',1,'2018-12-25 22:36:22','d8f0329e3e2844aebf6ef06f6dc42e57',167,12),(1345,'2018-12-25 22:36:31',1,'2018-12-25 22:36:31','d8f0329e3e2844aebf6ef06f6dc42e57',167,12),(1346,'2018-12-25 22:36:43',1,'2018-12-25 22:36:43','d8f0329e3e2844aebf6ef06f6dc42e57',70,12),(1347,'2018-12-25 22:38:29',1,'2018-12-25 22:38:29','d8f0329e3e2844aebf6ef06f6dc42e57',167,12),(1348,'2018-12-25 22:38:29',1,'2018-12-25 22:38:29','d8f0329e3e2844aebf6ef06f6dc42e57',167,12),(1349,'2018-12-25 22:38:48',1,'2018-12-25 22:38:48','d8f0329e3e2844aebf6ef06f6dc42e57',168,12),(1350,'2018-12-25 22:38:48',1,'2018-12-25 22:38:48','d8f0329e3e2844aebf6ef06f6dc42e57',168,12),(1351,'2018-12-25 22:39:14',1,'2018-12-25 22:39:14','d8f0329e3e2844aebf6ef06f6dc42e57',168,12),(1352,'2018-12-25 22:40:47',1,'2018-12-25 22:40:47','d8f0329e3e2844aebf6ef06f6dc42e57',168,12),(1353,'2018-12-25 22:40:47',1,'2018-12-25 22:40:47','d8f0329e3e2844aebf6ef06f6dc42e57',168,12),(1354,'2018-12-25 22:40:52',1,'2018-12-25 22:40:52','d8f0329e3e2844aebf6ef06f6dc42e57',168,12),(1355,'2018-12-25 22:40:52',1,'2018-12-25 22:40:52','d8f0329e3e2844aebf6ef06f6dc42e57',168,12),(1356,'2018-12-25 22:41:02',1,'2018-12-25 22:41:02','d8f0329e3e2844aebf6ef06f6dc42e57',168,12),(1357,'2018-12-25 22:41:02',1,'2018-12-25 22:41:02','d8f0329e3e2844aebf6ef06f6dc42e57',168,12),(1358,'2018-12-25 22:41:08',1,'2018-12-25 22:41:08','d8f0329e3e2844aebf6ef06f6dc42e57',168,12),(1359,'2018-12-25 22:41:08',1,'2018-12-25 22:41:08','d8f0329e3e2844aebf6ef06f6dc42e57',168,12),(1360,'2018-12-26 00:40:29',1,'2018-12-26 00:40:29','d8f0329e3e2844aebf6ef06f6dc42e57',172,107),(1361,'2018-12-26 08:34:28',1,'2018-12-26 08:34:28','d8f0329e3e2844aebf6ef06f6dc42e57',172,18),(1362,'2018-12-26 08:56:51',1,'2018-12-26 08:56:51','d8f0329e3e2844aebf6ef06f6dc42e57',168,12),(1363,'2018-12-26 08:58:01',1,'2018-12-26 08:58:01','be2c510b1b5440dc8550c404031e6035',55,11),(1364,'2018-12-26 08:58:14',1,'2018-12-26 08:58:14','be2c510b1b5440dc8550c404031e6035',63,11),(1365,'2018-12-26 08:58:28',1,'2018-12-26 08:58:28','be2c510b1b5440dc8550c404031e6035',55,11),(1366,'2018-12-26 09:25:29',1,'2018-12-26 09:25:29','be2c510b1b5440dc8550c404031e6035',64,11),(1367,'2018-12-26 09:26:02',1,'2018-12-26 09:26:02','be2c510b1b5440dc8550c404031e6035',64,11),(1368,'2018-12-26 09:26:42',1,'2018-12-26 09:26:42','be2c510b1b5440dc8550c404031e6035',64,11),(1369,'2018-12-26 09:28:19',1,'2018-12-26 09:28:19','be2c510b1b5440dc8550c404031e6035',64,11),(1370,'2018-12-26 09:28:39',1,'2018-12-26 09:28:39','be2c510b1b5440dc8550c404031e6035',64,11),(1371,'2018-12-26 09:31:14',1,'2018-12-26 09:31:14','be2c510b1b5440dc8550c404031e6035',64,11),(1372,'2018-12-26 09:31:32',1,'2018-12-26 09:31:32','be2c510b1b5440dc8550c404031e6035',64,11),(1373,'2018-12-26 09:31:32',1,'2018-12-26 09:31:32','be2c510b1b5440dc8550c404031e6035',64,11),(1374,'2018-12-26 09:33:22',1,'2018-12-26 09:33:22','be2c510b1b5440dc8550c404031e6035',64,11),(1375,'2018-12-26 09:33:22',1,'2018-12-26 09:33:22','be2c510b1b5440dc8550c404031e6035',64,11),(1376,'2018-12-26 09:33:41',1,'2018-12-26 09:33:41','be2c510b1b5440dc8550c404031e6035',64,11),(1377,'2018-12-26 09:33:41',1,'2018-12-26 09:33:41','be2c510b1b5440dc8550c404031e6035',64,11),(1378,'2018-12-26 09:33:58',1,'2018-12-26 09:33:58','be2c510b1b5440dc8550c404031e6035',64,11),(1379,'2018-12-26 09:33:58',1,'2018-12-26 09:33:58','be2c510b1b5440dc8550c404031e6035',64,11),(1380,'2018-12-26 09:35:02',1,'2018-12-26 09:35:02','be2c510b1b5440dc8550c404031e6035',64,11),(1381,'2018-12-26 09:35:02',1,'2018-12-26 09:35:02','be2c510b1b5440dc8550c404031e6035',64,11),(1382,'2018-12-26 09:35:47',1,'2018-12-26 09:35:47','be2c510b1b5440dc8550c404031e6035',64,11),(1383,'2018-12-26 09:35:47',1,'2018-12-26 09:35:47','be2c510b1b5440dc8550c404031e6035',64,11),(1384,'2018-12-26 09:36:34',1,'2018-12-26 09:36:34','be2c510b1b5440dc8550c404031e6035',64,11),(1385,'2018-12-26 09:36:34',1,'2018-12-26 09:36:34','be2c510b1b5440dc8550c404031e6035',64,11),(1386,'2018-12-26 09:37:17',1,'2018-12-26 09:37:17','be2c510b1b5440dc8550c404031e6035',64,11),(1387,'2018-12-26 09:37:17',1,'2018-12-26 09:37:17','be2c510b1b5440dc8550c404031e6035',64,11),(1388,'2018-12-26 09:38:48',1,'2018-12-26 09:38:48','be2c510b1b5440dc8550c404031e6035',64,11),(1389,'2018-12-26 09:41:29',1,'2018-12-26 09:41:29','be2c510b1b5440dc8550c404031e6035',64,11),(1390,'2018-12-26 09:41:29',1,'2018-12-26 09:41:29','be2c510b1b5440dc8550c404031e6035',64,11),(1391,'2018-12-26 09:41:34',1,'2018-12-26 09:41:34','be2c510b1b5440dc8550c404031e6035',64,11),(1392,'2018-12-26 09:41:42',1,'2018-12-26 09:41:42','be2c510b1b5440dc8550c404031e6035',64,11),(1393,'2018-12-26 09:41:42',1,'2018-12-26 09:41:42','be2c510b1b5440dc8550c404031e6035',64,11),(1394,'2018-12-26 09:42:43',1,'2018-12-26 09:42:43','be2c510b1b5440dc8550c404031e6035',64,11),(1395,'2018-12-26 09:42:43',1,'2018-12-26 09:42:43','be2c510b1b5440dc8550c404031e6035',64,11),(1396,'2018-12-26 09:43:57',1,'2018-12-26 09:43:57','be2c510b1b5440dc8550c404031e6035',64,11),(1397,'2018-12-26 09:43:57',1,'2018-12-26 09:43:57','be2c510b1b5440dc8550c404031e6035',64,11),(1398,'2018-12-26 09:50:03',1,'2018-12-26 09:50:03','be2c510b1b5440dc8550c404031e6035',64,11),(1399,'2018-12-26 09:50:03',1,'2018-12-26 09:50:03','be2c510b1b5440dc8550c404031e6035',64,11),(1400,'2018-12-26 09:53:11',1,'2018-12-26 09:53:11','be2c510b1b5440dc8550c404031e6035',64,11),(1401,'2018-12-26 09:58:36',1,'2018-12-26 09:58:36','be2c510b1b5440dc8550c404031e6035',64,11),(1402,'2018-12-26 09:58:39',1,'2018-12-26 09:58:39','be2c510b1b5440dc8550c404031e6035',64,11),(1403,'2018-12-26 09:58:39',1,'2018-12-26 09:58:39','be2c510b1b5440dc8550c404031e6035',64,11),(1404,'2018-12-26 09:59:53',1,'2018-12-26 09:59:53','be2c510b1b5440dc8550c404031e6035',64,11),(1405,'2018-12-26 10:00:47',1,'2018-12-26 10:00:47','be2c510b1b5440dc8550c404031e6035',64,11),(1406,'2018-12-26 10:00:47',1,'2018-12-26 10:00:47','be2c510b1b5440dc8550c404031e6035',64,11),(1407,'2018-12-26 10:01:04',1,'2018-12-26 10:01:04','be2c510b1b5440dc8550c404031e6035',64,11),(1408,'2018-12-26 10:01:04',1,'2018-12-26 10:01:04','be2c510b1b5440dc8550c404031e6035',64,11),(1409,'2018-12-26 10:01:39',1,'2018-12-26 10:01:39','be2c510b1b5440dc8550c404031e6035',64,11),(1410,'2018-12-26 10:01:39',1,'2018-12-26 10:01:39','be2c510b1b5440dc8550c404031e6035',64,11),(1411,'2018-12-26 10:06:52',1,'2018-12-26 10:06:52','be2c510b1b5440dc8550c404031e6035',64,11),(1412,'2018-12-26 10:06:52',1,'2018-12-26 10:06:52','be2c510b1b5440dc8550c404031e6035',64,11),(1413,'2018-12-26 10:07:10',1,'2018-12-26 10:07:10','be2c510b1b5440dc8550c404031e6035',64,11),(1414,'2018-12-26 10:07:10',1,'2018-12-26 10:07:10','be2c510b1b5440dc8550c404031e6035',64,11),(1415,'2018-12-26 10:10:57',1,'2018-12-26 10:10:57','be2c510b1b5440dc8550c404031e6035',64,11),(1416,'2018-12-26 10:10:57',1,'2018-12-26 10:10:57','be2c510b1b5440dc8550c404031e6035',64,11),(1417,'2018-12-26 11:10:48',1,'2018-12-26 11:10:48','d8f0329e3e2844aebf6ef06f6dc42e57',172,18),(1418,'2018-12-26 11:11:01',1,'2018-12-26 11:11:01','d8f0329e3e2844aebf6ef06f6dc42e57',172,18),(1419,'2018-12-26 11:11:14',1,'2018-12-26 11:11:14','d8f0329e3e2844aebf6ef06f6dc42e57',172,18),(1420,'2018-12-26 11:20:09',1,'2018-12-26 11:20:09','d8f0329e3e2844aebf6ef06f6dc42e57',170,12),(1421,'2018-12-26 11:20:09',1,'2018-12-26 11:20:09','d8f0329e3e2844aebf6ef06f6dc42e57',170,12),(1422,'2018-12-26 11:20:15',1,'2018-12-26 11:20:15','d8f0329e3e2844aebf6ef06f6dc42e57',167,12),(1423,'2018-12-26 11:20:15',1,'2018-12-26 11:20:15','d8f0329e3e2844aebf6ef06f6dc42e57',167,12),(1424,'2018-12-26 11:20:26',1,'2018-12-26 11:20:26','d8f0329e3e2844aebf6ef06f6dc42e57',162,12),(1425,'2018-12-26 11:20:26',1,'2018-12-26 11:20:26','d8f0329e3e2844aebf6ef06f6dc42e57',162,12),(1426,'2018-12-26 11:20:38',1,'2018-12-26 11:20:38','d8f0329e3e2844aebf6ef06f6dc42e57',70,12),(1427,'2018-12-26 11:20:38',1,'2018-12-26 11:20:38','d8f0329e3e2844aebf6ef06f6dc42e57',70,12),(1428,'2018-12-26 11:20:50',1,'2018-12-26 11:20:50','d8f0329e3e2844aebf6ef06f6dc42e57',170,12),(1429,'2018-12-26 11:20:51',1,'2018-12-26 11:20:51','d8f0329e3e2844aebf6ef06f6dc42e57',170,12),(1430,'2018-12-26 11:20:55',1,'2018-12-26 11:20:55','d8f0329e3e2844aebf6ef06f6dc42e57',71,12),(1431,'2018-12-26 11:20:55',1,'2018-12-26 11:20:55','d8f0329e3e2844aebf6ef06f6dc42e57',71,12),(1432,'2018-12-26 11:29:23',1,'2018-12-26 11:29:23','d8f0329e3e2844aebf6ef06f6dc42e57',167,19),(1433,'2018-12-26 11:30:21',1,'2018-12-26 11:30:21','d8f0329e3e2844aebf6ef06f6dc42e57',167,19),(1434,'2018-12-26 11:31:00',1,'2018-12-26 11:31:00','d8f0329e3e2844aebf6ef06f6dc42e57',167,19),(1435,'2018-12-26 11:31:32',1,'2018-12-26 11:31:32','d8f0329e3e2844aebf6ef06f6dc42e57',167,19),(1436,'2018-12-26 11:31:56',1,'2018-12-26 11:31:56','d8f0329e3e2844aebf6ef06f6dc42e57',167,19),(1437,'2018-12-26 11:35:01',1,'2018-12-26 11:35:01','d8f0329e3e2844aebf6ef06f6dc42e57',168,12),(1438,'2018-12-26 11:35:01',1,'2018-12-26 11:35:01','d8f0329e3e2844aebf6ef06f6dc42e57',168,12),(1439,'2018-12-26 11:38:49',1,'2018-12-26 11:38:49','d8f0329e3e2844aebf6ef06f6dc42e57',168,12),(1440,'2018-12-26 11:38:49',1,'2018-12-26 11:38:49','d8f0329e3e2844aebf6ef06f6dc42e57',168,12),(1441,'2018-12-26 11:39:33',1,'2018-12-26 11:39:33','d8f0329e3e2844aebf6ef06f6dc42e57',170,12),(1442,'2018-12-26 11:39:33',1,'2018-12-26 11:39:33','d8f0329e3e2844aebf6ef06f6dc42e57',170,12),(1443,'2018-12-26 11:39:37',1,'2018-12-26 11:39:37','d8f0329e3e2844aebf6ef06f6dc42e57',162,12),(1444,'2018-12-26 11:39:37',1,'2018-12-26 11:39:37','d8f0329e3e2844aebf6ef06f6dc42e57',162,12),(1445,'2018-12-26 12:13:19',1,'2018-12-26 12:13:19','d8f0329e3e2844aebf6ef06f6dc42e57',73,89),(1446,'2018-12-26 12:36:24',1,'2018-12-26 12:36:24','d8f0329e3e2844aebf6ef06f6dc42e57',166,103),(1447,'2018-12-26 12:37:10',1,'2018-12-26 12:37:10','d8f0329e3e2844aebf6ef06f6dc42e57',172,103),(1448,'2018-12-26 12:37:23',1,'2018-12-26 12:37:23','d8f0329e3e2844aebf6ef06f6dc42e57',163,103),(1449,'2018-12-26 12:49:34',1,'2018-12-26 12:49:34','d8f0329e3e2844aebf6ef06f6dc42e57',154,19),(1450,'2018-12-26 12:49:44',1,'2018-12-26 12:49:44','d8f0329e3e2844aebf6ef06f6dc42e57',154,21),(1451,'2018-12-26 12:50:11',1,'2018-12-26 12:50:11','d8f0329e3e2844aebf6ef06f6dc42e57',75,21),(1452,'2018-12-26 12:50:21',1,'2018-12-26 12:50:21','d8f0329e3e2844aebf6ef06f6dc42e57',154,21),(1453,'2018-12-26 13:09:01',1,'2018-12-26 13:09:01','d8f0329e3e2844aebf6ef06f6dc42e57',167,19),(1454,'2018-12-26 13:12:55',1,'2018-12-26 13:12:55','d8f0329e3e2844aebf6ef06f6dc42e57',167,19),(1455,'2018-12-26 13:13:55',1,'2018-12-26 13:13:55','d8f0329e3e2844aebf6ef06f6dc42e57',167,19),(1456,'2018-12-26 13:14:33',1,'2018-12-26 13:14:33','d8f0329e3e2844aebf6ef06f6dc42e57',154,19),(1457,'2018-12-26 13:14:43',1,'2018-12-26 13:14:43','d8f0329e3e2844aebf6ef06f6dc42e57',148,19),(1458,'2018-12-26 13:14:51',1,'2018-12-26 13:14:51','d8f0329e3e2844aebf6ef06f6dc42e57',75,19),(1459,'2018-12-26 13:14:53',1,'2018-12-26 13:14:53','d8f0329e3e2844aebf6ef06f6dc42e57',167,109),(1460,'2018-12-26 13:15:39',1,'2018-12-26 13:15:39','d8f0329e3e2844aebf6ef06f6dc42e57',167,19),(1461,'2018-12-26 13:15:49',1,'2018-12-26 13:15:49','d8f0329e3e2844aebf6ef06f6dc42e57',167,40),(1462,'2018-12-26 13:22:42',1,'2018-12-26 13:22:42','d8f0329e3e2844aebf6ef06f6dc42e57',167,109),(1463,'2018-12-26 13:24:17',1,'2018-12-26 13:24:17','d8f0329e3e2844aebf6ef06f6dc42e57',75,109),(1464,'2018-12-26 14:39:45',1,'2018-12-26 14:39:45','d8f0329e3e2844aebf6ef06f6dc42e57',167,40),(1465,'2018-12-26 16:06:27',1,'2018-12-26 16:06:27','d8f0329e3e2844aebf6ef06f6dc42e57',167,40),(1466,'2018-12-26 16:08:32',1,'2018-12-26 16:08:32','d8f0329e3e2844aebf6ef06f6dc42e57',167,40),(1467,'2018-12-26 16:10:28',1,'2018-12-26 16:10:28','d8f0329e3e2844aebf6ef06f6dc42e57',167,40),(1468,'2018-12-26 16:12:46',1,'2018-12-26 16:12:46','d8f0329e3e2844aebf6ef06f6dc42e57',167,40),(1469,'2018-12-26 16:18:42',1,'2018-12-26 16:18:42','d8f0329e3e2844aebf6ef06f6dc42e57',167,109),(1470,'2018-12-26 16:19:32',1,'2018-12-26 16:19:32','d8f0329e3e2844aebf6ef06f6dc42e57',167,40),(1471,'2018-12-26 17:23:18',1,'2018-12-26 17:23:18','d8f0329e3e2844aebf6ef06f6dc42e57',172,19),(1472,'2018-12-26 17:23:52',1,'2018-12-26 17:23:52','d8f0329e3e2844aebf6ef06f6dc42e57',166,19),(1473,'2018-12-26 17:24:02',1,'2018-12-26 17:24:02','d8f0329e3e2844aebf6ef06f6dc42e57',163,19),(1474,'2018-12-26 17:24:51',1,'2018-12-26 17:24:51','d8f0329e3e2844aebf6ef06f6dc42e57',168,19),(1475,'2018-12-26 17:25:08',1,'2018-12-26 17:25:08','d8f0329e3e2844aebf6ef06f6dc42e57',71,19),(1476,'2018-12-26 17:25:17',1,'2018-12-26 17:25:17','d8f0329e3e2844aebf6ef06f6dc42e57',170,19),(1477,'2018-12-26 17:25:23',1,'2018-12-26 17:25:23','d8f0329e3e2844aebf6ef06f6dc42e57',167,19),(1478,'2018-12-26 17:25:37',1,'2018-12-26 17:25:37','d8f0329e3e2844aebf6ef06f6dc42e57',167,19),(1479,'2018-12-26 17:26:07',1,'2018-12-26 17:26:07','d8f0329e3e2844aebf6ef06f6dc42e57',167,19),(1480,'2018-12-26 17:26:13',1,'2018-12-26 17:26:13','d8f0329e3e2844aebf6ef06f6dc42e57',162,19),(1481,'2018-12-26 17:26:19',1,'2018-12-26 17:26:19','d8f0329e3e2844aebf6ef06f6dc42e57',154,19),(1482,'2018-12-26 17:26:31',1,'2018-12-26 17:26:31','d8f0329e3e2844aebf6ef06f6dc42e57',156,19),(1483,'2018-12-26 17:26:37',1,'2018-12-26 17:26:37','d8f0329e3e2844aebf6ef06f6dc42e57',164,19),(1484,'2018-12-26 17:26:50',1,'2018-12-26 17:26:50','d8f0329e3e2844aebf6ef06f6dc42e57',164,19),(1485,'2018-12-26 17:27:06',1,'2018-12-26 17:27:06','d8f0329e3e2844aebf6ef06f6dc42e57',73,19),(1486,'2018-12-26 17:27:14',1,'2018-12-26 17:27:14','d8f0329e3e2844aebf6ef06f6dc42e57',168,19),(1487,'2018-12-26 17:27:38',1,'2018-12-26 17:27:38','d8f0329e3e2844aebf6ef06f6dc42e57',168,19),(1488,'2018-12-26 17:28:01',1,'2018-12-26 17:28:01','d8f0329e3e2844aebf6ef06f6dc42e57',71,19),(1489,'2018-12-26 17:28:12',1,'2018-12-26 17:28:12','d8f0329e3e2844aebf6ef06f6dc42e57',70,19),(1490,'2018-12-26 17:28:20',1,'2018-12-26 17:28:20','d8f0329e3e2844aebf6ef06f6dc42e57',162,19),(1491,'2018-12-26 17:28:36',1,'2018-12-26 17:28:36','d8f0329e3e2844aebf6ef06f6dc42e57',167,19),(1492,'2018-12-26 17:28:52',1,'2018-12-26 17:28:52','d8f0329e3e2844aebf6ef06f6dc42e57',167,19),(1493,'2018-12-26 17:29:21',1,'2018-12-26 17:29:21','d8f0329e3e2844aebf6ef06f6dc42e57',75,19),(1494,'2018-12-26 17:29:33',1,'2018-12-26 17:29:33','d8f0329e3e2844aebf6ef06f6dc42e57',148,19),(1495,'2018-12-26 17:31:21',1,'2018-12-26 17:31:21','d8f0329e3e2844aebf6ef06f6dc42e57',168,18),(1496,'2018-12-26 17:31:31',1,'2018-12-26 17:31:31','d8f0329e3e2844aebf6ef06f6dc42e57',168,18),(1497,'2018-12-26 17:32:25',1,'2018-12-26 17:32:25','d8f0329e3e2844aebf6ef06f6dc42e57',168,18),(1498,'2018-12-26 17:32:35',1,'2018-12-26 17:32:35','d8f0329e3e2844aebf6ef06f6dc42e57',168,18),(1499,'2018-12-26 17:32:52',1,'2018-12-26 17:32:52','d8f0329e3e2844aebf6ef06f6dc42e57',168,18),(1500,'2018-12-26 19:25:17',1,'2018-12-26 19:25:17','d8f0329e3e2844aebf6ef06f6dc42e57',170,18),(1501,'2018-12-26 19:25:26',1,'2018-12-26 19:25:26','d8f0329e3e2844aebf6ef06f6dc42e57',170,18),(1502,'2018-12-26 19:25:38',1,'2018-12-26 19:25:38','d8f0329e3e2844aebf6ef06f6dc42e57',70,18),(1503,'2018-12-26 19:25:50',1,'2018-12-26 19:25:50','d8f0329e3e2844aebf6ef06f6dc42e57',165,18),(1504,'2018-12-26 19:26:15',1,'2018-12-26 19:26:15','d8f0329e3e2844aebf6ef06f6dc42e57',165,18),(1505,'2018-12-26 19:26:24',1,'2018-12-26 19:26:24','d8f0329e3e2844aebf6ef06f6dc42e57',165,18),(1506,'2018-12-26 19:26:39',1,'2018-12-26 19:26:39','d8f0329e3e2844aebf6ef06f6dc42e57',168,18),(1507,'2018-12-26 23:30:26',1,'2018-12-26 23:30:26','d8f0329e3e2844aebf6ef06f6dc42e57',70,113),(1508,'2018-12-26 23:31:36',1,'2018-12-26 23:31:36','d8f0329e3e2844aebf6ef06f6dc42e57',68,113),(1509,'2018-12-27 09:07:21',1,'2018-12-27 09:07:21','d8f0329e3e2844aebf6ef06f6dc42e57',165,104),(1510,'2018-12-27 09:08:46',1,'2018-12-27 09:08:46','d8f0329e3e2844aebf6ef06f6dc42e57',70,104),(1511,'2018-12-27 10:27:34',1,'2018-12-27 10:27:34','d8f0329e3e2844aebf6ef06f6dc42e57',165,19),(1512,'2018-12-27 10:54:30',1,'2018-12-27 10:54:30','d8f0329e3e2844aebf6ef06f6dc42e57',165,19),(1513,'2018-12-27 15:57:27',1,'2018-12-27 15:57:27','d8f0329e3e2844aebf6ef06f6dc42e57',165,19),(1514,'2018-12-27 16:09:39',1,'2018-12-27 16:09:39','d8f0329e3e2844aebf6ef06f6dc42e57',165,19),(1515,'2018-12-27 18:25:13',1,'2018-12-27 18:25:13','d8f0329e3e2844aebf6ef06f6dc42e57',170,18),(1516,'2018-12-27 18:25:31',1,'2018-12-27 18:25:31','d8f0329e3e2844aebf6ef06f6dc42e57',165,18),(1517,'2018-12-27 18:40:36',1,'2018-12-27 18:40:36','d8f0329e3e2844aebf6ef06f6dc42e57',172,19),(1518,'2018-12-27 18:40:55',1,'2018-12-27 18:40:55','d8f0329e3e2844aebf6ef06f6dc42e57',167,19),(1519,'2018-12-27 18:41:29',1,'2018-12-27 18:41:29','d8f0329e3e2844aebf6ef06f6dc42e57',167,19),(1520,'2018-12-27 18:42:57',1,'2018-12-27 18:42:57','d8f0329e3e2844aebf6ef06f6dc42e57',71,19),(1521,'2018-12-27 18:49:46',1,'2018-12-27 18:49:46','d8f0329e3e2844aebf6ef06f6dc42e57',165,19),(1522,'2018-12-27 18:50:50',1,'2018-12-27 18:50:50','d8f0329e3e2844aebf6ef06f6dc42e57',170,19),(1523,'2018-12-27 18:50:56',1,'2018-12-27 18:50:56','d8f0329e3e2844aebf6ef06f6dc42e57',165,19),(1524,'2018-12-27 18:51:09',1,'2018-12-27 18:51:09','d8f0329e3e2844aebf6ef06f6dc42e57',165,19),(1525,'2018-12-27 18:51:27',1,'2018-12-27 18:51:27','d8f0329e3e2844aebf6ef06f6dc42e57',165,19),(1526,'2018-12-27 18:52:30',1,'2018-12-27 18:52:30','d8f0329e3e2844aebf6ef06f6dc42e57',165,18),(1527,'2018-12-27 18:53:22',1,'2018-12-27 18:53:22','d8f0329e3e2844aebf6ef06f6dc42e57',165,18),(1528,'2018-12-27 18:55:35',1,'2018-12-27 18:55:35','d8f0329e3e2844aebf6ef06f6dc42e57',165,18),(1529,'2018-12-27 18:56:33',1,'2018-12-27 18:56:33','d8f0329e3e2844aebf6ef06f6dc42e57',165,18),(1530,'2018-12-27 18:57:39',1,'2018-12-27 18:57:39','d8f0329e3e2844aebf6ef06f6dc42e57',165,18),(1531,'2018-12-27 18:57:57',1,'2018-12-27 18:57:57','d8f0329e3e2844aebf6ef06f6dc42e57',165,18),(1532,'2018-12-28 09:52:22',1,'2018-12-28 09:52:22','d8f0329e3e2844aebf6ef06f6dc42e57',166,43),(1533,'2018-12-28 09:52:52',1,'2018-12-28 09:52:52','d8f0329e3e2844aebf6ef06f6dc42e57',166,43),(1534,'2018-12-28 11:50:03',1,'2018-12-28 11:50:03','d8f0329e3e2844aebf6ef06f6dc42e57',162,116),(1535,'2018-12-28 11:51:04',1,'2018-12-28 11:51:04','d8f0329e3e2844aebf6ef06f6dc42e57',154,116),(1536,'2018-12-28 12:59:43',1,'2018-12-28 12:59:43','d8f0329e3e2844aebf6ef06f6dc42e57',167,118),(1537,'2018-12-28 13:01:00',1,'2018-12-28 13:01:00','d8f0329e3e2844aebf6ef06f6dc42e57',162,118),(1538,'2018-12-28 13:04:55',1,'2018-12-28 13:04:55','d8f0329e3e2844aebf6ef06f6dc42e57',70,118),(1539,'2018-12-28 13:05:30',1,'2018-12-28 13:05:30','d8f0329e3e2844aebf6ef06f6dc42e57',69,118),(1540,'2018-12-28 13:22:40',1,'2018-12-28 13:22:40','d8f0329e3e2844aebf6ef06f6dc42e57',172,20),(1541,'2018-12-28 13:22:50',1,'2018-12-28 13:22:50','d8f0329e3e2844aebf6ef06f6dc42e57',72,20),(1542,'2018-12-28 13:23:28',1,'2018-12-28 13:23:28','d8f0329e3e2844aebf6ef06f6dc42e57',167,20),(1543,'2018-12-28 13:24:45',1,'2018-12-28 13:24:45','d8f0329e3e2844aebf6ef06f6dc42e57',167,119),(1544,'2018-12-28 14:36:21',1,'2018-12-28 14:36:21','d8f0329e3e2844aebf6ef06f6dc42e57',167,119),(1545,'2018-12-28 15:15:35',1,'2018-12-28 15:15:35','d8f0329e3e2844aebf6ef06f6dc42e57',167,119),(1546,'2018-12-28 18:37:56',1,'2018-12-28 18:37:56','d8f0329e3e2844aebf6ef06f6dc42e57',170,120),(1547,'2018-12-28 18:38:48',1,'2018-12-28 18:38:48','d8f0329e3e2844aebf6ef06f6dc42e57',165,120),(1548,'2018-12-28 18:39:45',1,'2018-12-28 18:39:45','d8f0329e3e2844aebf6ef06f6dc42e57',167,120),(1549,'2018-12-29 12:39:21',1,'2018-12-29 12:39:21','d8f0329e3e2844aebf6ef06f6dc42e57',170,43),(1550,'2018-12-29 12:39:46',1,'2018-12-29 12:39:46','d8f0329e3e2844aebf6ef06f6dc42e57',170,18),(1551,'2018-12-29 19:38:55',1,'2018-12-29 19:38:55','d8f0329e3e2844aebf6ef06f6dc42e57',70,121),(1552,'2018-12-30 23:27:01',1,'2018-12-30 23:27:01','d8f0329e3e2844aebf6ef06f6dc42e57',172,43),(1553,'2018-12-30 23:47:10',1,'2018-12-30 23:47:10','d8f0329e3e2844aebf6ef06f6dc42e57',172,31),(1554,'2018-12-30 23:48:20',1,'2018-12-30 23:48:20','d8f0329e3e2844aebf6ef06f6dc42e57',163,31),(1555,'2018-12-30 23:49:15',1,'2018-12-30 23:49:15','d8f0329e3e2844aebf6ef06f6dc42e57',72,31),(1556,'2018-12-30 23:49:33',1,'2018-12-30 23:49:33','d8f0329e3e2844aebf6ef06f6dc42e57',172,31),(1557,'2018-12-30 23:50:11',1,'2018-12-30 23:50:11','d8f0329e3e2844aebf6ef06f6dc42e57',156,31),(1558,'2018-12-30 23:50:31',1,'2018-12-30 23:50:31','d8f0329e3e2844aebf6ef06f6dc42e57',164,31),(1559,'2018-12-30 23:51:10',1,'2018-12-30 23:51:10','d8f0329e3e2844aebf6ef06f6dc42e57',168,31),(1560,'2018-12-31 19:07:50',1,'2018-12-31 19:07:50','d8f0329e3e2844aebf6ef06f6dc42e57',167,21),(1561,'2019-01-01 21:18:39',1,'2019-01-01 21:18:39','d8f0329e3e2844aebf6ef06f6dc42e57',170,19),(1562,'2019-01-01 21:21:32',1,'2019-01-01 21:21:32','d8f0329e3e2844aebf6ef06f6dc42e57',70,19),(1563,'2019-01-01 21:21:44',1,'2019-01-01 21:21:44','d8f0329e3e2844aebf6ef06f6dc42e57',165,19),(1564,'2019-01-01 21:21:51',1,'2019-01-01 21:21:51','d8f0329e3e2844aebf6ef06f6dc42e57',170,19),(1565,'2019-01-01 21:21:57',1,'2019-01-01 21:21:57','d8f0329e3e2844aebf6ef06f6dc42e57',70,19),(1566,'2019-01-01 21:22:05',1,'2019-01-01 21:22:05','d8f0329e3e2844aebf6ef06f6dc42e57',170,19),(1567,'2019-01-02 18:44:13',1,'2019-01-02 18:44:13','d8f0329e3e2844aebf6ef06f6dc42e57',166,18),(1568,'2019-01-03 10:29:52',1,'2019-01-03 10:29:52','d8f0329e3e2844aebf6ef06f6dc42e57',170,19),(1569,'2019-01-03 10:30:00',1,'2019-01-03 10:30:00','d8f0329e3e2844aebf6ef06f6dc42e57',167,19),(1570,'2019-01-03 10:30:16',1,'2019-01-03 10:30:16','d8f0329e3e2844aebf6ef06f6dc42e57',154,19),(1571,'2019-01-03 10:30:42',1,'2019-01-03 10:30:42','d8f0329e3e2844aebf6ef06f6dc42e57',172,19),(1572,'2019-01-04 18:42:25',1,'2019-01-04 18:42:25','d8f0329e3e2844aebf6ef06f6dc42e57',172,19),(1573,'2019-01-04 18:42:28',1,'2019-01-04 18:42:28','d8f0329e3e2844aebf6ef06f6dc42e57',166,19),(1574,'2019-01-05 19:47:38',1,'2019-01-05 19:47:38','d8f0329e3e2844aebf6ef06f6dc42e57',167,19),(1575,'2019-01-05 19:52:06',1,'2019-01-05 19:52:06','d8f0329e3e2844aebf6ef06f6dc42e57',167,19),(1576,'2019-01-05 19:53:16',1,'2019-01-05 19:53:16','d8f0329e3e2844aebf6ef06f6dc42e57',167,19),(1577,'2019-01-05 19:53:29',1,'2019-01-05 19:53:29','d8f0329e3e2844aebf6ef06f6dc42e57',167,19),(1578,'2019-01-05 19:58:16',1,'2019-01-05 19:58:16','d8f0329e3e2844aebf6ef06f6dc42e57',167,19),(1579,'2019-01-05 20:16:45',1,'2019-01-05 20:16:45','d8f0329e3e2844aebf6ef06f6dc42e57',167,19),(1580,'2019-01-05 20:19:07',1,'2019-01-05 20:19:07','d8f0329e3e2844aebf6ef06f6dc42e57',167,19),(1581,'2019-01-05 20:19:35',1,'2019-01-05 20:19:35','d8f0329e3e2844aebf6ef06f6dc42e57',167,19),(1582,'2019-01-05 20:31:42',1,'2019-01-05 20:31:42','d8f0329e3e2844aebf6ef06f6dc42e57',170,19),(1583,'2019-01-05 20:31:59',1,'2019-01-05 20:31:59','d8f0329e3e2844aebf6ef06f6dc42e57',162,19),(1584,'2019-01-05 20:32:12',1,'2019-01-05 20:32:12','d8f0329e3e2844aebf6ef06f6dc42e57',154,19),(1585,'2019-01-05 20:32:28',1,'2019-01-05 20:32:28','d8f0329e3e2844aebf6ef06f6dc42e57',71,19),(1586,'2019-01-05 20:32:46',1,'2019-01-05 20:32:46','d8f0329e3e2844aebf6ef06f6dc42e57',71,19),(1587,'2019-01-05 20:33:48',1,'2019-01-05 20:33:48','d8f0329e3e2844aebf6ef06f6dc42e57',156,19),(1588,'2019-01-05 20:34:19',1,'2019-01-05 20:34:19','d8f0329e3e2844aebf6ef06f6dc42e57',74,19),(1589,'2019-01-05 20:34:28',1,'2019-01-05 20:34:28','d8f0329e3e2844aebf6ef06f6dc42e57',156,19),(1590,'2019-01-05 20:34:50',1,'2019-01-05 20:34:50','d8f0329e3e2844aebf6ef06f6dc42e57',167,19),(1591,'2019-01-05 20:36:28',1,'2019-01-05 20:36:28','d8f0329e3e2844aebf6ef06f6dc42e57',167,19),(1592,'2019-01-05 20:50:02',1,'2019-01-05 20:50:02','d8f0329e3e2844aebf6ef06f6dc42e57',167,20),(1593,'2019-01-05 20:53:11',1,'2019-01-05 20:53:11','d8f0329e3e2844aebf6ef06f6dc42e57',167,20),(1594,'2019-01-05 20:53:51',1,'2019-01-05 20:53:51','d8f0329e3e2844aebf6ef06f6dc42e57',71,20),(1595,'2019-01-05 20:54:46',1,'2019-01-05 20:54:46','d8f0329e3e2844aebf6ef06f6dc42e57',167,19),(1596,'2019-01-05 21:24:43',1,'2019-01-05 21:24:43','d8f0329e3e2844aebf6ef06f6dc42e57',167,19),(1597,'2019-01-05 22:31:54',1,'2019-01-05 22:31:54','d8f0329e3e2844aebf6ef06f6dc42e57',167,19),(1598,'2019-01-06 11:41:13',1,'2019-01-06 11:41:13','d8f0329e3e2844aebf6ef06f6dc42e57',71,118),(1599,'2019-01-06 19:28:04',1,'2019-01-06 19:28:04','d8f0329e3e2844aebf6ef06f6dc42e57',167,20),(1600,'2019-01-08 16:33:00',1,'2019-01-08 16:33:00','d8f0329e3e2844aebf6ef06f6dc42e57',154,26),(1601,'2019-01-09 09:03:56',1,'2019-01-09 09:03:56','d8f0329e3e2844aebf6ef06f6dc42e57',170,12),(1602,'2019-01-09 09:04:08',1,'2019-01-09 09:04:08','d8f0329e3e2844aebf6ef06f6dc42e57',170,12),(1603,'2019-01-09 09:04:11',1,'2019-01-09 09:04:11','d8f0329e3e2844aebf6ef06f6dc42e57',71,12),(1604,'2019-01-09 09:04:24',1,'2019-01-09 09:04:24','d8f0329e3e2844aebf6ef06f6dc42e57',70,12),(1605,'2019-01-09 09:25:23',1,'2019-01-09 09:25:23','be2c510b1b5440dc8550c404031e6035',55,11),(1606,'2019-01-09 09:25:23',1,'2019-01-09 09:25:23','be2c510b1b5440dc8550c404031e6035',55,11),(1607,'2019-01-09 09:25:39',1,'2019-01-09 09:25:39','be2c510b1b5440dc8550c404031e6035',64,11),(1608,'2019-01-09 09:25:39',1,'2019-01-09 09:25:39','be2c510b1b5440dc8550c404031e6035',64,11),(1609,'2019-01-09 09:30:30',1,'2019-01-09 09:30:30','be2c510b1b5440dc8550c404031e6035',55,11),(1610,'2019-01-09 09:30:30',1,'2019-01-09 09:30:30','be2c510b1b5440dc8550c404031e6035',55,11),(1611,'2019-01-09 09:30:35',1,'2019-01-09 09:30:35','be2c510b1b5440dc8550c404031e6035',62,11),(1612,'2019-01-09 09:30:35',1,'2019-01-09 09:30:35','be2c510b1b5440dc8550c404031e6035',62,11),(1613,'2019-01-09 09:30:47',1,'2019-01-09 09:30:47','be2c510b1b5440dc8550c404031e6035',55,11),(1614,'2019-01-09 10:11:36',1,'2019-01-09 10:11:36','be2c510b1b5440dc8550c404031e6035',64,11),(1615,'2019-01-09 10:11:36',1,'2019-01-09 10:11:36','be2c510b1b5440dc8550c404031e6035',64,11),(1616,'2019-01-09 10:16:36',1,'2019-01-09 10:16:36','be2c510b1b5440dc8550c404031e6035',55,11),(1617,'2019-01-09 10:16:37',1,'2019-01-09 10:16:37','be2c510b1b5440dc8550c404031e6035',55,11),(1618,'2019-01-09 10:16:44',1,'2019-01-09 10:16:44','be2c510b1b5440dc8550c404031e6035',62,11),(1619,'2019-01-09 10:16:44',1,'2019-01-09 10:16:44','be2c510b1b5440dc8550c404031e6035',62,11),(1620,'2019-01-09 10:17:06',1,'2019-01-09 10:17:06','be2c510b1b5440dc8550c404031e6035',55,11),(1621,'2019-01-09 10:17:06',1,'2019-01-09 10:17:06','be2c510b1b5440dc8550c404031e6035',55,11),(1622,'2019-01-09 11:58:37',1,'2019-01-09 11:58:37','be2c510b1b5440dc8550c404031e6035',66,11),(1623,'2019-01-09 11:58:37',1,'2019-01-09 11:58:37','be2c510b1b5440dc8550c404031e6035',66,11),(1624,'2019-01-09 14:03:36',1,'2019-01-09 14:03:36','d8f0329e3e2844aebf6ef06f6dc42e57',167,128),(1625,'2019-01-09 14:54:00',1,'2019-01-09 14:54:00','be2c510b1b5440dc8550c404031e6035',65,11),(1626,'2019-01-09 14:54:00',1,'2019-01-09 14:54:00','be2c510b1b5440dc8550c404031e6035',65,11),(1627,'2019-01-09 15:01:42',1,'2019-01-09 15:01:42','be2c510b1b5440dc8550c404031e6035',66,11),(1628,'2019-01-09 15:01:42',1,'2019-01-09 15:01:42','be2c510b1b5440dc8550c404031e6035',66,11),(1629,'2019-01-09 15:01:46',1,'2019-01-09 15:01:46','be2c510b1b5440dc8550c404031e6035',55,11),(1630,'2019-01-09 15:01:46',1,'2019-01-09 15:01:46','be2c510b1b5440dc8550c404031e6035',55,11),(1631,'2019-01-09 15:01:50',1,'2019-01-09 15:01:50','be2c510b1b5440dc8550c404031e6035',62,11),(1632,'2019-01-09 15:01:51',1,'2019-01-09 15:01:51','be2c510b1b5440dc8550c404031e6035',62,11),(1633,'2019-01-09 15:01:58',1,'2019-01-09 15:01:58','be2c510b1b5440dc8550c404031e6035',55,11),(1634,'2019-01-09 15:01:59',1,'2019-01-09 15:01:59','be2c510b1b5440dc8550c404031e6035',66,11),(1635,'2019-01-09 15:05:22',1,'2019-01-09 15:05:22','be2c510b1b5440dc8550c404031e6035',55,11),(1636,'2019-01-09 15:05:22',1,'2019-01-09 15:05:22','be2c510b1b5440dc8550c404031e6035',55,11),(1637,'2019-01-09 15:05:35',1,'2019-01-09 15:05:35','be2c510b1b5440dc8550c404031e6035',65,11),(1638,'2019-01-09 15:05:35',1,'2019-01-09 15:05:35','be2c510b1b5440dc8550c404031e6035',65,11),(1639,'2019-01-09 15:05:38',1,'2019-01-09 15:05:38','be2c510b1b5440dc8550c404031e6035',67,11),(1640,'2019-01-09 15:05:38',1,'2019-01-09 15:05:38','be2c510b1b5440dc8550c404031e6035',67,11),(1641,'2019-01-09 15:05:42',1,'2019-01-09 15:05:42','be2c510b1b5440dc8550c404031e6035',65,11),(1642,'2019-01-09 15:16:09',1,'2019-01-09 15:16:09','be2c510b1b5440dc8550c404031e6035',67,11),(1643,'2019-01-09 15:16:09',1,'2019-01-09 15:16:09','be2c510b1b5440dc8550c404031e6035',67,11),(1644,'2019-01-09 15:16:16',1,'2019-01-09 15:16:16','be2c510b1b5440dc8550c404031e6035',66,11),(1645,'2019-01-09 15:16:16',1,'2019-01-09 15:16:16','be2c510b1b5440dc8550c404031e6035',66,11),(1646,'2019-01-09 15:16:23',1,'2019-01-09 15:16:23','be2c510b1b5440dc8550c404031e6035',66,11),(1647,'2019-01-09 15:16:23',1,'2019-01-09 15:16:23','be2c510b1b5440dc8550c404031e6035',66,11),(1648,'2019-01-21 15:28:44',1,'2019-01-21 15:28:44','4afd59eac1084c999371d28d06534a75',175,6),(1649,'2019-01-21 15:28:47',1,'2019-01-21 15:28:47','4afd59eac1084c999371d28d06534a75',176,6),(1650,'2019-01-21 15:28:48',1,'2019-01-21 15:28:48','4afd59eac1084c999371d28d06534a75',176,6),(1651,'2019-01-21 15:28:49',1,'2019-01-21 15:28:49','4afd59eac1084c999371d28d06534a75',175,6),(1652,'2019-01-21 15:45:06',1,'2019-01-21 15:45:06','4afd59eac1084c999371d28d06534a75',176,6),(1653,'2019-01-21 15:45:06',1,'2019-01-21 15:45:06','4afd59eac1084c999371d28d06534a75',176,6),(1654,'2019-01-21 15:45:20',1,'2019-01-21 15:45:20','4afd59eac1084c999371d28d06534a75',176,6),(1655,'2019-01-21 15:45:20',1,'2019-01-21 15:45:20','4afd59eac1084c999371d28d06534a75',176,6),(1656,'2019-01-21 18:22:43',1,'2019-01-21 18:22:43','4afd59eac1084c999371d28d06534a75',175,6),(1657,'2019-01-21 18:22:43',1,'2019-01-21 18:22:43','4afd59eac1084c999371d28d06534a75',175,6),(1658,'2019-01-21 18:23:27',1,'2019-01-21 18:23:27','4afd59eac1084c999371d28d06534a75',175,6),(1659,'2019-01-21 18:23:27',1,'2019-01-21 18:23:27','4afd59eac1084c999371d28d06534a75',175,6),(1660,'2019-01-21 18:37:06',1,'2019-01-21 18:37:06','4afd59eac1084c999371d28d06534a75',175,6),(1661,'2019-01-21 19:26:55',1,'2019-01-21 19:26:55','4afd59eac1084c999371d28d06534a75',175,6),(1662,'2019-01-22 22:53:05',1,'2019-01-22 22:53:05','be2c510b1b5440dc8550c404031e6035',55,11),(1663,'2019-01-22 22:55:07',1,'2019-01-22 22:55:07','be2c510b1b5440dc8550c404031e6035',55,11),(1664,'2019-01-22 23:00:53',1,'2019-01-22 23:00:53','be2c510b1b5440dc8550c404031e6035',64,11),(1665,'2019-01-22 23:01:00',1,'2019-01-22 23:01:00','be2c510b1b5440dc8550c404031e6035',64,11),(1666,'2019-01-22 23:01:00',1,'2019-01-22 23:01:00','be2c510b1b5440dc8550c404031e6035',64,11),(1667,'2019-01-22 23:05:22',1,'2019-01-22 23:05:22','be2c510b1b5440dc8550c404031e6035',55,11),(1668,'2019-01-23 00:06:58',1,'2019-01-23 00:06:58','be2c510b1b5440dc8550c404031e6035',55,11),(1669,'2019-01-23 00:06:58',1,'2019-01-23 00:06:58','be2c510b1b5440dc8550c404031e6035',55,11),(1670,'2019-01-23 00:07:13',1,'2019-01-23 00:07:13','be2c510b1b5440dc8550c404031e6035',55,11),(1671,'2019-01-23 00:07:13',1,'2019-01-23 00:07:13','be2c510b1b5440dc8550c404031e6035',55,11),(1672,'2019-01-23 00:27:15',1,'2019-01-23 00:27:15','be2c510b1b5440dc8550c404031e6035',64,11),(1673,'2019-01-23 00:28:37',1,'2019-01-23 00:28:37','be2c510b1b5440dc8550c404031e6035',55,11),(1674,'2019-01-23 00:30:14',1,'2019-01-23 00:30:14','be2c510b1b5440dc8550c404031e6035',55,11),(1675,'2019-01-23 00:31:06',1,'2019-01-23 00:31:06','be2c510b1b5440dc8550c404031e6035',55,11),(1676,'2019-01-23 00:34:16',1,'2019-01-23 00:34:16','be2c510b1b5440dc8550c404031e6035',62,11),(1677,'2019-01-23 00:36:59',1,'2019-01-23 00:36:59','be2c510b1b5440dc8550c404031e6035',55,11),(1678,'2019-01-23 00:37:04',1,'2019-01-23 00:37:04','be2c510b1b5440dc8550c404031e6035',65,11),(1679,'2019-01-23 00:37:16',1,'2019-01-23 00:37:16','be2c510b1b5440dc8550c404031e6035',65,11),(1680,'2019-01-23 00:44:20',1,'2019-01-23 00:44:20','be2c510b1b5440dc8550c404031e6035',67,11),(1681,'2019-01-23 00:49:15',1,'2019-01-23 00:49:15','be2c510b1b5440dc8550c404031e6035',64,11),(1682,'2019-01-23 00:51:48',1,'2019-01-23 00:51:48','be2c510b1b5440dc8550c404031e6035',55,11),(1683,'2019-01-23 00:52:58',1,'2019-01-23 00:52:58','be2c510b1b5440dc8550c404031e6035',64,11),(1684,'2019-01-23 00:55:17',1,'2019-01-23 00:55:17','be2c510b1b5440dc8550c404031e6035',64,11),(1685,'2019-01-23 01:31:00',1,'2019-01-23 01:31:00','be2c510b1b5440dc8550c404031e6035',55,11),(1686,'2019-01-23 01:31:20',1,'2019-01-23 01:31:20','be2c510b1b5440dc8550c404031e6035',55,11),(1687,'2019-01-23 01:31:36',1,'2019-01-23 01:31:36','be2c510b1b5440dc8550c404031e6035',55,11),(1688,'2019-01-23 01:33:12',1,'2019-01-23 01:33:12','be2c510b1b5440dc8550c404031e6035',55,11),(1689,'2019-01-23 01:33:55',1,'2019-01-23 01:33:55','be2c510b1b5440dc8550c404031e6035',55,11),(1690,'2019-01-23 01:34:30',1,'2019-01-23 01:34:30','be2c510b1b5440dc8550c404031e6035',55,11),(1691,'2019-01-23 01:44:40',1,'2019-01-23 01:44:40','be2c510b1b5440dc8550c404031e6035',55,6),(1692,'2019-01-23 01:44:41',1,'2019-01-23 01:44:41','be2c510b1b5440dc8550c404031e6035',55,6),(1693,'2019-01-23 01:50:36',1,'2019-01-23 01:50:36','be2c510b1b5440dc8550c404031e6035',55,6),(1694,'2019-01-23 01:50:36',1,'2019-01-23 01:50:36','be2c510b1b5440dc8550c404031e6035',55,6),(1695,'2019-01-23 01:52:07',1,'2019-01-23 01:52:07','be2c510b1b5440dc8550c404031e6035',55,11),(1696,'2019-01-23 17:19:05',1,'2019-01-23 17:19:05','be2c510b1b5440dc8550c404031e6035',62,11),(1697,'2019-01-23 17:19:34',1,'2019-01-23 17:19:34','be2c510b1b5440dc8550c404031e6035',64,11),(1698,'2019-01-23 17:19:40',1,'2019-01-23 17:19:40','be2c510b1b5440dc8550c404031e6035',55,11),(1699,'2019-01-23 17:20:23',1,'2019-01-23 17:20:23','be2c510b1b5440dc8550c404031e6035',55,11),(1700,'2019-01-23 17:20:32',1,'2019-01-23 17:20:32','be2c510b1b5440dc8550c404031e6035',55,11),(1701,'2019-01-23 17:20:40',1,'2019-01-23 17:20:40','be2c510b1b5440dc8550c404031e6035',62,11),(1702,'2019-01-23 19:16:29',1,'2019-01-23 19:16:29','798fcb91187549a5b3b9338b0e8d9485',110,6),(1703,'2019-01-23 19:16:29',1,'2019-01-23 19:16:29','798fcb91187549a5b3b9338b0e8d9485',110,6),(1704,'2019-01-24 11:19:33',1,'2019-01-24 11:19:33','be2c510b1b5440dc8550c404031e6035',64,11),(1705,'2019-01-24 11:24:27',1,'2019-01-24 11:24:27','be2c510b1b5440dc8550c404031e6035',62,6),(1706,'2019-01-24 11:24:49',1,'2019-01-24 11:24:49','be2c510b1b5440dc8550c404031e6035',64,11),(1707,'2019-01-24 11:29:50',1,'2019-01-24 11:29:50','be2c510b1b5440dc8550c404031e6035',64,11),(1708,'2019-01-24 11:35:08',1,'2019-01-24 11:35:08','be2c510b1b5440dc8550c404031e6035',64,11),(1709,'2019-01-24 11:37:02',1,'2019-01-24 11:37:02','be2c510b1b5440dc8550c404031e6035',64,11),(1710,'2019-01-24 11:38:26',1,'2019-01-24 11:38:26','be2c510b1b5440dc8550c404031e6035',64,11),(1711,'2019-01-24 11:40:58',1,'2019-01-24 11:40:58','be2c510b1b5440dc8550c404031e6035',64,11);

/*Table structure for table `sh_goods` */

DROP TABLE IF EXISTS `sh_goods`;

CREATE TABLE `sh_goods` (
  `id` bigint(20) NOT NULL AUTO_INCREMENT COMMENT '主键ID',
  `create_time` datetime NOT NULL COMMENT '创建时间',
  `optlock` bigint(20) NOT NULL DEFAULT '1' COMMENT '乐观锁',
  `update_time` datetime NOT NULL COMMENT '修改时间',
  `name` varchar(120) DEFAULT NULL COMMENT '名字',
  `goods_sn` varchar(60) DEFAULT NULL COMMENT '商品序列号',
  `category_id` bigint(20) DEFAULT NULL COMMENT '商品所属分类',
  `brand_id` int(11) DEFAULT NULL COMMENT '品牌id',
  `is_on_sale` int(11) DEFAULT '1' COMMENT '是否上架',
  `is_delete` int(11) DEFAULT '0' COMMENT '是否下架',
  `is_on_spec` int(11) DEFAULT '0' COMMENT '是否启用商品规格',
  `is_new` int(11) DEFAULT '0' COMMENT '是否新品',
  `is_limited` int(11) DEFAULT '0' COMMENT '是否限购',
  `is_hot` int(11) DEFAULT '0' COMMENT '是否热卖',
  `is_show_stock` int(11) DEFAULT '1' COMMENT '是否显示库存',
  `is_show_sell_volume` int(11) DEFAULT '1' COMMENT '是否显示销量',
  `retail_price` decimal(19,2) DEFAULT NULL COMMENT '零售价格',
  `market_price` decimal(19,2) DEFAULT NULL COMMENT '市场价',
  `primary_pic_url` varchar(255) DEFAULT NULL COMMENT '商品图片',
  `sort_order` int(11) DEFAULT NULL COMMENT '排序',
  `sell_volume` int(11) DEFAULT NULL COMMENT '销量',
  `type_pay` int(11) DEFAULT NULL COMMENT '支付类型(01:货到付款;02：微信支付;03：会员卡支付)',
  `type_reduce_stock` int(11) DEFAULT NULL COMMENT '减库存方式',
  `goods_desc` text COMMENT '商品描述',
  `stock_number` int(11) DEFAULT NULL COMMENT '库存',
  `goods_brief` varchar(255) DEFAULT NULL COMMENT '商品简述',
  `list_pic_url` varchar(2000) DEFAULT NULL COMMENT '商品列表图',
  `appid` varchar(255) DEFAULT NULL,
  PRIMARY KEY (`id`),
  KEY `FKrvjgdpin35anr16fvurm4kxwa` (`category_id`),
  CONSTRAINT `FKrvjgdpin35anr16fvurm4kxwa` FOREIGN KEY (`category_id`) REFERENCES `sh_goods_category` (`id`)
) ENGINE=InnoDB AUTO_INCREMENT=177 DEFAULT CHARSET=utf8mb4 COMMENT='商品信息';

/*Data for the table `sh_goods` */

insert  into `sh_goods`(`id`,`create_time`,`optlock`,`update_time`,`name`,`goods_sn`,`category_id`,`brand_id`,`is_on_sale`,`is_delete`,`is_on_spec`,`is_new`,`is_limited`,`is_hot`,`is_show_stock`,`is_show_sell_volume`,`retail_price`,`market_price`,`primary_pic_url`,`sort_order`,`sell_volume`,`type_pay`,`type_reduce_stock`,`goods_desc`,`stock_number`,`goods_brief`,`list_pic_url`,`appid`) values (54,'2018-10-21 16:58:58',1,'2018-10-21 21:32:53','卡特彼勒 305.5E2 挖掘机 ','f5793aab81bc4fd0af2ca42047040935',26,7,1,0,0,1,0,1,1,1,'100000.00','100000.00','http://image.enfunly.com/upload/shgoods/201810211540112280981_6697.png',1,100000,2,3,'<p><a style=\"background-color: transparent; color: rgb(214, 0, 0); cursor: pointer; font-family: Times New Roman; font-size: 12px; font-style: normal; font-variant: normal; font-weight: 400; letter-spacing: normal; line-height: 30px; orphans: 2; text-align: center; text-decoration: underline; text-indent: 0px; text-transform: none; -webkit-text-stroke-width: 0px; white-space: normal; word-spacing: 0px;\" href=\"https://product.cehome.com/preview_image/7387_380_230067/\"><img style=\"border-bottom-color: rgb(214, 0, 0); border-bottom-style: none; border-bottom-width: 0px; border-image-outset: 0; border-image-repeat: stretch; border-image-slice: 100%; border-image-source: none; border-image-width: 1; border-left-color: rgb(214, 0, 0); border-left-style: none; border-left-width: 0px; border-right-color: rgb(214, 0, 0); border-right-style: none; border-right-width: 0px; border-top-color: rgb(214, 0, 0); border-top-style: none; border-top-width: 0px; clear: both; display: block; height: 100px; margin-bottom: 0px; margin-left: 0px; margin-right: -0.23px; margin-top: 0px;\" src=\"http://image.enfunly.com/upload/ueditor/image/20181021/1540128770066053164.jpg\"/></a></p><br/>',1,'让我们携手CAT神挖,','http://image.enfunly.com/upload/shgoods/201810211540112301271_1617.png','7a8aff06e0a441b58dab8ea17d9509f7'),(55,'2018-10-22 09:31:18',1,'2018-10-22 09:31:18','凤凰仙都门票','cc36c4c1a07f42468e3f49a65d7015b0',28,8,1,0,0,1,0,1,1,1,'20.00','15.00','http://image.enfunly.com/upload/shgoods/201810221540171789183_6917.jpg',1,100,2,3,'<p><a style=\"background-color: transparent; color: rgb(214, 0, 0); cursor: pointer; font-family: Times New Roman; font-size: 12px; font-style: normal; font-variant: normal; font-weight: 400; letter-spacing: normal; line-height: 30px; orphans: 2; text-align: center; text-decoration: underline; text-indent: 0px; text-transform: none; -webkit-text-stroke-width: 0px; white-space: normal; word-spacing: 0px;\" href=\"https://product.cehome.com/preview_image/7387_380_230067/\"><img style=\"border-bottom-color: rgb(214, 0, 0); border-bottom-style: none; border-bottom-width: 0px; border-image-outset: 0; border-image-repeat: stretch; border-image-slice: 100%; border-image-source: none; border-image-width: 1; border-left-color: rgb(214, 0, 0); border-left-style: none; border-left-width: 0px; border-right-color: rgb(214, 0, 0); border-right-style: none; border-right-width: 0px; border-top-color: rgb(214, 0, 0); border-top-style: none; border-top-width: 0px; clear: both; display: block; height: 100px; margin-bottom: 0px; margin-left: 0px; margin-right: -0.23px; margin-top: 0px;\" src=\"http://image.enfunly.com/upload/ueditor/image/20181021/1540128770066053164.jpg\"/></a></p><br/>',100,'凤凰仙都体验式山庄座落于漳州西北郊之漳州最高峰——天宝国有林场后之青山湖，是一个集农业风情、种植文化、科普教育、休闲度假、运动健身为一体的体验式山庄。','http://image.enfunly.com/upload/shgoods/201810221540171809463_8119.jpg','be2c510b1b5440dc8550c404031e6035'),(56,'2018-10-29 09:13:00',1,'2018-10-29 09:13:00','奔驰','499a6f8548bf4892a3f3e20bca0b5ae4',30,9,1,0,0,1,0,1,1,1,'333333.00','355555.00','http://image.enfunly.com/upload/shgoods/201810291540775431677_0433.jpg',1,1,2,3,'<p>汽车</p>',3,'商品描述','http://image.enfunly.com/upload/shgoods/201810291540775494567_8305.jpg,http://image.enfunly.com/upload/shgoods/201810291540775494567_8305.jpg','d3cd796be2e341039cf3b9e4c79a57aa'),(57,'2018-11-02 10:00:22',1,'2018-11-02 10:00:22','测试商品','c7c122b528124b7fb6202403becbe8ca',26,7,1,0,0,1,0,1,1,1,NULL,NULL,'http://image.enfunly.com/upload/shgoods/201811021541124006318_0904.png',1,NULL,2,3,'<p>请填写</p>',NULL,'请填写请填写请填写','http://image.enfunly.com/upload/shgoods/201811021541124008809_6730.png','7a8aff06e0a441b58dab8ea17d9509f7'),(58,'2018-11-02 10:35:52',1,'2018-11-02 10:35:52','商品名称','4de60fc4769a4d6982701bfc582ce8ef',26,NULL,1,0,0,1,0,1,1,1,NULL,NULL,'http://image.enfunly.com/upload/shgoods/201811021541126143201_9473.png',1,NULL,2,3,'<p>111111111111111111111</p>',NULL,'1111111111111111','http://image.enfunly.com/upload/shgoods/201811021541126145732_0959.png','7a8aff06e0a441b58dab8ea17d9509f7'),(59,'2018-11-02 10:41:00',1,'2018-11-02 10:41:00','123123','ee8f627e70bc4074931ee238d7a76d7d',26,NULL,1,0,0,1,0,1,1,1,NULL,NULL,'http://image.enfunly.com/upload/shgoods/201811021541126450682_3595.jpg',1,NULL,2,3,'<p>请填写</p>',NULL,'123123123123213','http://image.enfunly.com/upload/shgoods/201811021541126445201_0137.jpg','7a8aff06e0a441b58dab8ea17d9509f7'),(60,'2018-11-02 10:50:11',1,'2018-11-02 10:50:11','test--q3r','f638eee535d047908bff44059045dfdf',26,NULL,1,0,0,1,0,1,1,1,'1120.00','120.00','http://image.enfunly.com/upload/shgoods/201811021541126989225_1485.jpg',1,120,2,3,'<p>请填写ta</p>',1101,'test','http://image.enfunly.com/upload/shgoods/201811021541127002655_3574.jpg','7a8aff06e0a441b58dab8ea17d9509f7'),(61,'2018-11-04 14:52:15',1,'2018-11-04 14:52:15','卡特彼勒 305.5E2 挖掘机 ','8aca4d7632d94b80bbf89b0c9b998d44',26,7,1,0,0,1,0,1,1,1,'100000.00','100000.00','http://image.enfunly.com/upload/shgoods/201810211540112280981_6697.png',1,100000,2,3,'<p><img src=\"http://image.enfunly.com/upload/ueditor/image/20181104/1541314329077021019.jpg\" title=\"3611371527678187\" alt=\"详情页1.jpg\"/></p>',1,'让我们携手CAT神挖,','http://image.enfunly.com/upload/shgoods/201810211540112301271_1617.png','7a8aff06e0a441b58dab8ea17d9509f7'),(62,'2018-11-04 14:53:57',1,'2018-12-09 19:07:31','凤凰仙都门票','406be6eed26f459ca884e30e56dad498',28,8,0,0,0,1,0,1,1,1,'0.01','15.00','http://image.enfunly.com/upload/shgoods/201810221540171789183_6917.jpg',1,100,2,3,'<p><img src=\"http://image.enfunly.com/upload/ueditor/image/20181104/1541314418678020340.jpg\" title=\"9371957533724074\" alt=\"详情页1.jpg\"/></p>',100,'凤凰仙都体验式山庄座落于漳州西北郊之漳州最高峰——天宝国有林场后之青山湖，是一个集农业风情、种植文化、科普教育、休闲度假、运动健身为一体的体验式山庄。','http://image.enfunly.com/upload/shgoods/201810221540171809463_8119.jpg','be2c510b1b5440dc8550c404031e6035'),(63,'2018-11-06 11:05:50',1,'2018-11-06 11:05:50','凤凰仙都门票','a54d378cb2dc43a49da12c34ed89615b',28,8,1,1,1,1,0,1,1,1,'0.01','15.00','http://image.enfunly.com/upload/shgoods/201810221540171789183_6917.jpg',1,100,2,3,'<p>凤凰仙都体验式山庄座落于漳州西北郊之漳州最高峰——天宝国有林场后之青山湖，是一个集农业风情、种植文化、科普教育、休闲度假、运动健身为一体的体验式山庄。</p>',100,'凤凰仙都体验式山庄座落于漳州西北郊之漳州最高峰——天宝国有林场后之青山湖，是一个集农业风情、种植文化、科普教育、休闲度假、运动健身为一体的体验式山庄。','http://image.enfunly.com/upload/shgoods/201810221540171809463_8119.jpg','be2c510b1b5440dc8550c404031e6035'),(64,'2018-11-06 11:06:28',1,'2018-12-26 09:25:23','凤凰仙都门票123','27ef801f09744623909306ce6fca652a',28,8,1,0,1,1,0,1,1,1,'0.01','15.00','http://image.enfunly.com/upload/shgoods/201810221540171789183_6917.jpg',1,100,2,3,'<p>凤凰仙都体验式山庄座落于漳州西北郊之漳州最高峰——天宝国有林场后之青山湖，是一个集农业风情、种植文化、科普教育、休闲度假、运动健身为一体的体验式山庄。</p><p><video class=\"edui-upload-video  vjs-default-skin video-js\" controls=\"\" preload=\"none\" width=\"420\" height=\"280\" src=\"http://image.enfunly.com/upload/ueditor/video/20181226/1545787484251095340.mp4\" data-setup=\"{}\"></video></p>',100,'凤凰仙都体验式山庄座落于漳州西北郊之漳州最高峰——天宝国有林场后之青山湖，是一个集农业风情、种植文化、科普教育、休闲度假、运动健身为一体的体验式山庄。','http://image.enfunly.com/upload/shgoods/201810221540171809463_8119.jpg','be2c510b1b5440dc8550c404031e6035'),(65,'2018-11-06 14:53:54',1,'2018-11-06 14:53:54','凤凰仙都门票','564c6647c154422bbcc324b94809c57f',28,8,1,0,0,1,0,1,1,1,'0.01','15.00','http://image.enfunly.com/upload/shgoods/201810221540171789183_6917.jpg',1,100,2,3,'<p>凤凰仙都体验式山庄座落于漳州西北郊之漳州最高峰——天宝国有林场后之青山湖，是一个集农业风情、种植文化、科普教育、休闲度假、运动健身为一体的体验式山庄。</p>',100,'凤凰仙都体验式山庄座落于漳州西北郊之漳州最高峰——天宝国有林场后之青山湖，是一个集农业风情、种植文化、科普教育、休闲度假、运动健身为一体的体验式山庄。','http://image.enfunly.com/upload/shgoods/201810221540171809463_8119.jpg','be2c510b1b5440dc8550c404031e6035'),(66,'2018-11-06 14:54:11',1,'2018-11-09 14:14:00','凤凰仙都门票3333','8a183e3fb9b64fcead6617fedce6ad88',28,8,1,1,0,1,0,1,1,1,'0.01','15.00','http://image.enfunly.com/upload/shgoods/201810221540171789183_6917.jpg',1,100,2,3,'<p>凤凰仙都体验式山庄座落于漳州西北郊之漳州最高峰——天宝国有林场后之青山湖，是一个集农业风情、种植文化、科普教育、休闲度假、运动健身为一体的体验式山庄。</p>',100,'凤凰仙都体验式山庄座落于漳州西北郊之漳州最高峰——天宝国有林场后之青山湖，是一个集农业风情、种植文化、科普教育、休闲度假、运动健身为一体的体验式山庄。','http://image.enfunly.com/upload/shgoods/201810221540171809463_8119.jpg','be2c510b1b5440dc8550c404031e6035'),(67,'2018-11-06 14:57:47',1,'2018-12-26 09:23:38','1凤凰仙都门票4444','687d623b892f49fd9cd04618676363ea',28,8,1,0,0,0,0,1,1,1,'1.01','15.00','http://image.enfunly.com/upload/shgoods/201810221540171789183_6917.jpg',1,100,2,3,'<p>凤凰仙都体验式山庄座落于漳州西北郊之漳州最高峰——天宝国有林场后之青山湖，是一个集农业风情、种植文化、科普教育、休闲度假、运动健身为一体的体验式山庄。</p>',100,'凤凰仙都体验式山庄座落于漳州西北郊之漳州最高峰——天宝国有林场后之青山湖，是一个集农业风情、种植文化、科普教育、休闲度假、运动健身为一体的体验式山庄。','http://image.enfunly.com/upload/shgoods/201810221540171809463_8119.jpg','be2c510b1b5440dc8550c404031e6035'),(68,'2018-11-06 23:43:09',1,'2018-12-07 13:52:21','鹰训一期','1ab8a81448e3466ba162f70e1ba92ac8',35,NULL,0,0,0,0,0,0,1,1,'158.00','198.00','http://image.enfunly.com/upload/shgoods/201811071541569295475_0193.jpg',1,10,2,3,'<p><img src=\"http://image.enfunly.com/upload/ueditor/image/20181106/1541518943588025897.jpg\" title=\"8931718476634878\" alt=\"鹰训一期_01.jpg\"/><img src=\"http://image.enfunly.com/upload/ueditor/image/20181106/1541518951276054777.jpg\" title=\"395280855639883\" alt=\"鹰训一期_02.jpg\"/><img src=\"http://image.enfunly.com/upload/ueditor/image/20181106/1541518954449084412.jpg\" title=\"40348062124072317\" alt=\"鹰训一期_03.jpg\"/><img src=\"http://image.enfunly.com/upload/ueditor/image/20181106/1541518960496032741.jpg\" title=\"2896967304675204\" alt=\"鹰训一期_04.jpg\"/><img src=\"http://image.enfunly.com/upload/ueditor/image/20181106/1541518963635000630.jpg\" title=\"17567914786267868\" alt=\"鹰训一期_05.jpg\"/><img src=\"http://image.enfunly.com/upload/ueditor/image/20181106/1541518966955024225.jpg\" title=\"838173454290885\" alt=\"鹰训一期_06.jpg\"/><img src=\"http://image.enfunly.com/upload/ueditor/image/20181106/1541518972834006770.jpg\" title=\"40393163315988554\" alt=\"鹰训一期_07.jpg\"/><img src=\"http://image.enfunly.com/upload/ueditor/image/20181106/1541518976710052086.jpg\" title=\"4179179246541399\" alt=\"鹰训一期_08.jpg\"/><img src=\"http://image.enfunly.com/upload/ueditor/image/20181106/1541518981958013885.jpg\" title=\"8742895806230111\" alt=\"鹰训一期_09.jpg\"/></p>',9999,'单兵战术训练会员区','http://image.enfunly.com/upload/shgoods/201811071541569351703_6449.jpg','d8f0329e3e2844aebf6ef06f6dc42e57'),(69,'2018-11-07 00:15:43',1,'2018-12-09 17:21:03','鹰训二期','ecbc1453957449898b008fb18f16b7af',35,NULL,0,0,0,1,0,1,1,1,'288.00','2368.00','http://image.enfunly.com/upload/shgoods/201811071541569524936_5586.jpg',1,10,2,3,'<p><img src=\"http://image.enfunly.com/upload/ueditor/image/20181107/1541520916240035620.jpg\" title=\"17056173780225959\" alt=\"鹰训二期_01.jpg\"/><img src=\"http://image.enfunly.com/upload/ueditor/image/20181107/1541520919439068424.jpg\" title=\"4655042368259779\" alt=\"鹰训二期_02.jpg\"/><img src=\"http://image.enfunly.com/upload/ueditor/image/20181107/1541520922555017621.jpg\" title=\"30909196447245204\" alt=\"鹰训二期_03.jpg\"/><img src=\"http://image.enfunly.com/upload/ueditor/image/20181107/1541520928130018036.jpg\" title=\"6619849328882855\" alt=\"鹰训二期_04.jpg\"/><img src=\"http://image.enfunly.com/upload/ueditor/image/20181107/1541520931015075878.jpg\" title=\"70865748465537945\" alt=\"鹰训二期_05.jpg\"/><img src=\"http://image.enfunly.com/upload/ueditor/image/20181107/1541520933678030198.jpg\" title=\"18202762197869172\" alt=\"鹰训二期_06.jpg\"/><img src=\"http://image.enfunly.com/upload/ueditor/image/20181107/1541520936684083809.jpg\" title=\"447089565340133\" alt=\"鹰训二期_07.jpg\"/></p>',999,'单兵战术训练会员区','blob:http://www.enfunly.com/e61582a0-3bd6-418a-ad87-95f147f2d0df','d8f0329e3e2844aebf6ef06f6dc42e57'),(70,'2018-11-07 00:17:23',1,'2018-12-25 14:09:20','鹰训三期','c37b93e2788f4de19195fdd7b703176f',35,NULL,1,0,0,1,0,1,1,1,'368.00','588.00','http://image.enfunly.com/upload/shgoods/201811071541569752744_5762.jpg',3,36,2,3,'<p><img src=\"http://image.enfunly.com/upload/ueditor/image/20181107/1541521011675075271.jpg\" title=\"5564283214765663\" alt=\"鹰训三期_01.jpg\"/><img src=\"http://image.enfunly.com/upload/ueditor/image/20181107/1541521014564017069.jpg\" title=\"9772823427146695\" alt=\"鹰训三期_02.jpg\"/><img src=\"http://image.enfunly.com/upload/ueditor/image/20181107/1541521018291006810.jpg\" title=\"8153374787667424\" alt=\"鹰训三期_03.jpg\"/><img src=\"http://image.enfunly.com/upload/ueditor/image/20181107/1541521021059038202.jpg\" title=\"3968372828120602\" alt=\"鹰训三期_04.jpg\"/><img src=\"http://image.enfunly.com/upload/ueditor/image/20181107/1541521025042046257.jpg\" title=\"7105858895325468\" alt=\"鹰训三期_04.jpg\"/><img src=\"http://image.enfunly.com/upload/ueditor/image/20181107/1541521027995029809.jpg\" title=\"5449135434204806\" alt=\"鹰训三期_05.jpg\"/><img src=\"http://image.enfunly.com/upload/ueditor/image/20181107/1541521033685006586.jpg\" title=\"5552636973186695\" alt=\"鹰训三期_06.jpg\"/><img src=\"http://image.enfunly.com/upload/ueditor/image/20181107/1541521036763088198.jpg\" title=\"9019694467525784\" alt=\"鹰训三期_07.jpg\"/>请填写</p><p style=\"display: none;\"><br/></p>',999,'       冬令营火热内招学员\n还给孩子一片天空，任他们自由飞翔！','http://image.enfunly.com/upload/shgoods/201811071541569833064_8157.jpg','d8f0329e3e2844aebf6ef06f6dc42e57'),(71,'2018-11-07 00:20:10',1,'2018-12-09 17:03:49','吃鸡战场','226d299267fe47779977db7203b25872',66,NULL,1,0,0,0,0,1,1,1,'69.00','69.00','http://image.enfunly.com/upload/shgoods/201812011543632698841_1211.jpg',4,10,2,3,'<p><img src=\"http://image.enfunly.com/upload/ueditor/image/20181107/1541521173783070056.jpg\" title=\"3259417029925087\" alt=\"吃鸡战场_01.jpg\"/><img src=\"http://image.enfunly.com/upload/ueditor/image/20181107/1541521177847034102.jpg\" title=\"9511901992371962\" alt=\"吃鸡战场_02.jpg\"/><img src=\"http://image.enfunly.com/upload/ueditor/image/20181107/1541521180614068877.jpg\" title=\"7826090346430608\" alt=\"吃鸡战场_03.jpg\"/><img src=\"http://image.enfunly.com/upload/ueditor/image/20181107/1541521183282044827.jpg\" title=\"72008511785313485\" alt=\"吃鸡战场_04.jpg\"/><img src=\"http://image.enfunly.com/upload/ueditor/image/20181107/1541521185733004460.jpg\" title=\"6144143816193204\" alt=\"吃鸡战场_05.jpg\"/></p>',999,'老司机们刺激战场等你上车，有你更精彩！','http://image.enfunly.com/upload/shgoods/201812011543633326251_9103.png','d8f0329e3e2844aebf6ef06f6dc42e57'),(72,'2018-11-07 00:31:01',1,'2018-12-09 17:58:06','“天空农场”亲子活动','610682e417834cb990077a6921b21178',33,NULL,0,0,0,0,0,0,1,1,'88.00','88.00','http://image.enfunly.com/upload/shgoods/201811071541568823423_0725.jpg',1,10,2,3,'<p><img src=\"http://image.enfunly.com/upload/ueditor/image/20181107/1541569112120008898.jpg\" title=\"3408252885684878\" alt=\"亲子_01.jpg\"/><img src=\"http://image.enfunly.com/upload/ueditor/image/20181107/1541521849733091454.jpg\" title=\"5640880133620252\" alt=\"亲子_02.jpg\"/><img src=\"http://image.enfunly.com/upload/ueditor/image/20181107/1541521852651020861.jpg\" title=\"6531406829100491\" alt=\"亲子_03.jpg\"/><img src=\"http://image.enfunly.com/upload/ueditor/image/20181107/1541521855586039736.jpg\" title=\"6756147704045923\" alt=\"亲子_04.jpg\"/></p>',999,'湾悦城亲子互动刺激战场 让亲子更亲近','http://image.enfunly.com/upload/shgoods/201812011543633273506_6620.jpg','d8f0329e3e2844aebf6ef06f6dc42e57'),(73,'2018-11-07 00:33:28',1,'2018-12-04 20:41:29','企业拓训（普通）','7f058b141ab346c1894a67f0ed7dc4e3',39,NULL,1,0,0,0,0,0,1,1,'188.00','188.00','http://image.enfunly.com/upload/shgoods/201812011543633149331_4851.jpg',1,10,2,3,'<p><img src=\"http://image.enfunly.com/upload/ueditor/image/20181107/1541521989146080163.jpg\" title=\"8076885245957258\" alt=\"企业拓训_01.jpg\"/><img src=\"http://image.enfunly.com/upload/ueditor/image/20181107/1541521992449050290.jpg\" title=\"23477215678964712\" alt=\"企业拓训_02.jpg\"/><img src=\"http://image.enfunly.com/upload/ueditor/image/20181107/1541521995396072820.jpg\" title=\"6134270213368414\" alt=\"企业拓训_03.jpg\"/><img src=\"http://image.enfunly.com/upload/ueditor/image/20181107/1541521998036092880.jpg\" title=\"33787536367091843\" alt=\"企业拓训_04.jpg\"/><img src=\"http://image.enfunly.com/upload/ueditor/image/20181107/1541522000762075547.jpg\" title=\"9336943487827513\" alt=\"企业拓训_05.jpg\"/><img src=\"http://image.enfunly.com/upload/ueditor/image/20181107/1541522003795084602.jpg\" title=\"546474516963106\" alt=\"企业拓训_06.jpg\"/></p>',999,'让企业的员工在团队的活动中，认识到团队的力量；将员工们的心拧成一股绳！','http://image.enfunly.com/upload/shgoods/201812011543633144781_5777.jpg','d8f0329e3e2844aebf6ef06f6dc42e57'),(74,'2018-11-07 00:35:11',1,'2018-12-04 20:41:20','企业拓训（高级）','3979380347f24f2da7f91e65ca4b8be5',39,NULL,1,0,0,0,0,0,1,1,'208.00','208.00','http://image.enfunly.com/upload/shgoods/201812011543632192746_0242.jpg',1,10,2,3,'<p><img src=\"http://image.enfunly.com/upload/ueditor/image/20181107/1541553809851067930.jpg\" title=\"4457875489614852\" style=\"white-space: normal;\"/><img src=\"http://image.enfunly.com/upload/ueditor/image/20181107/1541553810528073813.jpg\" style=\"\" title=\"9195004665410219\"/></p><p><img src=\"http://image.enfunly.com/upload/ueditor/image/20181107/1541553811063065162.jpg\" title=\"2466135867264965\" style=\"white-space: normal;\"/><img src=\"http://image.enfunly.com/upload/ueditor/image/20181107/1541553812789009186.jpg\" title=\"6634058409819763\" style=\"white-space: normal;\"/></p><p><img src=\"http://image.enfunly.com/upload/ueditor/image/20181107/1541553813608091405.jpg\" title=\"1485092724962388\" style=\"white-space: normal;\"/><img src=\"http://image.enfunly.com/upload/ueditor/image/20181107/1541553814035054191.jpg\" style=\"\" title=\"428191075630745\"/></p><p><br/></p><p><br/></p><p><br/></p><p><br/></p>',999,'让企业的员工在团队的活动中，认识到团队的力量；将员工们的心拧成一股绳！','http://image.enfunly.com/upload/shgoods/201812011543632804992_0058.jpg','d8f0329e3e2844aebf6ef06f6dc42e57'),(75,'2018-11-07 00:43:27',1,'2018-12-07 13:57:57','“凤凰仙都军旅俱乐部”吃鸡战场（活动一）','5f2b798f357948b4aaf0e228fe80103a',37,NULL,2,0,0,0,0,0,1,1,'128.00','128.00','http://image.enfunly.com/upload/shgoods/201811071541552855025_4521.jpg',1,10,2,3,'<p><img src=\"http://image.enfunly.com/upload/ueditor/image/20181107/1541522626573027387.jpg\" title=\"5203856564200149\" alt=\"中秋特惠_01.jpg\"/><img src=\"http://image.enfunly.com/upload/ueditor/image/20181107/1541522631078020108.jpg\" title=\"20112880936665313\" alt=\"中秋特惠_02.jpg\"/><img src=\"http://image.enfunly.com/upload/ueditor/image/20181107/1541522633516073405.jpg\" title=\"8712438857069693\" alt=\"中秋特惠_03.jpg\"/><img src=\"http://image.enfunly.com/upload/ueditor/image/20181107/1541522639045097166.jpg\" title=\"11038591321512404\" alt=\"中秋特惠_03.jpg\"/><img src=\"http://image.enfunly.com/upload/ueditor/image/20181107/1541522675341039924.jpg\" title=\"5881364738838537\" alt=\"中秋特惠_04.jpg\"/><img src=\"http://image.enfunly.com/upload/ueditor/image/20181107/1541522642297027211.jpg\" title=\"5040388431134975\" alt=\"中秋特惠_05.jpg\"/><img src=\"http://image.enfunly.com/upload/ueditor/image/20181107/1541522644970053699.jpg\" title=\"18316428345508007\" alt=\"中秋特惠_06.jpg\"/><img src=\"http://image.enfunly.com/upload/ueditor/image/20181107/1541522648028031044.jpg\" title=\"6979022548221426\" alt=\"中秋特惠_07.jpg\"/></p>',999,'凤凰仙都金秋\"吃鸡战场+烧烤“特惠季（活动一）','http://image.enfunly.com/upload/shgoods/201812011543632484428_2062.jpg','d8f0329e3e2844aebf6ef06f6dc42e57'),(88,'2018-11-28 14:12:00',1,'2018-11-29 20:55:19','玫瑰鲜花艺术蛋糕','aa422e0c3b1b48fda70019cbcc5e8c73',56,NULL,1,0,1,0,0,0,1,1,'148.00','148.00','http://image.enfunly.com/upload/shgoods/201811281543415943884_7539.jpg',14,0,2,3,'<p>采用法国进口奶油，新鲜土鸡蛋，每日现买水果，</p><p>配方不添加泡打粉、塔塔粉等不良添加剂，食用放心！</p><p><br/></p><p><strong>购买须知：</strong></p><p>鲜花艺术蛋糕，默认原味戚风蛋糕，需要替换可可，红丝绒，抹茶，可联系客服；</p><p>所有奶油蛋糕都有水果夹层，默认芒果、哈密瓜夹层，如替换联系客服。</p><p>ps：有芒果过敏的亲记得备注换水果哦~</p>',99,'采用法国进口奶油，新鲜土鸡蛋，每日现买水果，配方不添加泡打粉、塔塔粉等不良添加剂，食用放心！\n鲜花艺术蛋糕，默认原味戚风蛋糕，需要替换可可，红丝绒，抹茶，可联系客服；\n所有奶油蛋糕都有水果夹层，默认芒果、哈密瓜夹层，如替换联系客服。\n','http://image.enfunly.com/upload/shgoods/201811281543416114724_1493.jpg','798fcb91187549a5b3b9338b0e8d9485'),(89,'2018-11-28 22:21:13',1,'2018-11-29 21:13:39','鲜花艺术蛋糕','281b48c67d204665b5b64ec87ac8543b',56,NULL,1,0,1,0,0,0,1,1,'148.00','148.00','http://image.enfunly.com/upload/shgoods/201811281543415321293_1929.jpg',16,0,2,3,'<p>采用法国进口奶油，新鲜土鸡蛋，每日现买水果，</p><p>配方不添加泡打粉、塔塔粉等不良添加剂，食用放心！</p><p><br/></p><p>购买须知：</p><p>鲜花艺术蛋糕，默认原味戚风蛋糕，需要替换可可，红丝绒，抹茶，可联系客服；</p><p>所有奶油蛋糕都有水果夹层，默认芒果、哈密瓜夹层，如替换联系客服。</p><p>ps：有芒果过敏的亲记得备注换水果哦~</p><p><br/></p>',99,'鲜花艺术蛋糕','http://image.enfunly.com/upload/shgoods/201811281543415327567_0775.jpg','798fcb91187549a5b3b9338b0e8d9485'),(90,'2018-11-28 22:22:02',1,'2018-11-29 21:13:31','鲜花艺术蛋糕','a4cc5f323790462fb28dabbbf2b78dd2',56,NULL,1,0,1,1,0,0,1,1,'148.00','148.00','http://image.enfunly.com/upload/shgoods/201811281543415218492_0360.jpg',15,0,2,3,'<p>采用法国进口奶油，新鲜土鸡蛋，每日现买水果，</p><p>配方不添加泡打粉、塔塔粉等不良添加剂，食用放心！</p><p><br/></p><p>购买须知：</p><p>鲜花艺术蛋糕，默认原味戚风蛋糕，需要替换可可，红丝绒，抹茶，可联系客服；</p><p>所有奶油蛋糕都有水果夹层，默认芒果、哈密瓜夹层，如替换联系客服。</p><p>ps：有芒果过敏的亲记得备注换水果哦~</p><p><br/></p>',99,'鲜花艺术蛋糕','http://image.enfunly.com/upload/shgoods/201811281543415224271_8004.jpg','798fcb91187549a5b3b9338b0e8d9485'),(91,'2018-11-28 22:35:50',1,'2018-11-29 12:51:56','棉花艺术蛋糕','dc392b2598d7426883229bbc9a1a2c05',56,NULL,1,0,1,1,0,1,1,1,'148.00','148.00','http://image.enfunly.com/upload/shgoods/201811281543415585054_8761.jpg',13,NULL,2,3,'<p>采用法国进口奶油，新鲜土鸡蛋，每日现买水果，</p><p>配方不添加泡打粉、塔塔粉等不良添加剂，食用放心！</p><p><br/></p><p>购买须知：</p><p>鲜花艺术蛋糕，默认原味戚风蛋糕，需要替换可可，红丝绒，抹茶，可联系客服；</p><p>所有奶油蛋糕都有水果夹层，默认芒果、哈密瓜夹层，如替换联系客服。</p><p>ps：有芒果过敏的亲记得备注换水果哦~</p><p><br/></p>',99,'ins棉花艺术插花蛋糕','http://image.enfunly.com/upload/shgoods/201811281543415607390_2610.jpg','798fcb91187549a5b3b9338b0e8d9485'),(92,'2018-11-29 11:03:48',1,'2018-11-29 13:28:59','ins灰色系气球蛋糕','f971fc30b5dd41d1b72e946b1db45914',56,NULL,1,0,1,1,0,1,1,1,'148.00','148.00','http://image.enfunly.com/upload/shgoods/201811291543469333419_1392.jpg',1,NULL,2,3,'<p>采用法国进口奶油，新鲜土鸡蛋，每日现买水果，</p><p>配方不添加泡打粉、塔塔粉等不良添加剂，食用放心！</p><p><br/></p><p>购买须知：</p><p>鲜花艺术蛋糕，默认原味戚风蛋糕，需要替换可可，红丝绒，抹茶，可联系客服；</p><p>所有奶油蛋糕都有水果夹层，默认芒果、哈密瓜夹层，如替换联系客服。</p><p>ps：有芒果过敏的亲记得备注换水果哦~</p><p><br/></p>',3,'灰色系蛋糕','http://image.enfunly.com/upload/shgoods/201811291543469337718_6210.jpg,http://image.enfunly.com/upload/shgoods/201811291543469337718_6210.jpg','798fcb91187549a5b3b9338b0e8d9485'),(93,'2018-11-29 11:05:04',1,'2018-11-29 13:28:05','ins灰色火烈鸟蛋糕','aff36c90881e4ecd903568311f1de581',56,NULL,1,0,1,1,0,1,1,1,'148.00','148.00','http://image.enfunly.com/upload/shgoods/201811291543469271409_6969.jpg',2,NULL,2,3,'<p>采用法国进口奶油，新鲜土鸡蛋，每日现买水果，</p><p>配方不添加泡打粉、塔塔粉等不良添加剂，食用放心！</p><p><br/></p><p>购买须知：</p><p>鲜花艺术蛋糕，默认原味戚风蛋糕，需要替换可可，红丝绒，抹茶，可联系客服；</p><p>所有奶油蛋糕都有水果夹层，默认芒果、哈密瓜夹层，如替换联系客服。</p><p>ps：有芒果过敏的亲记得备注换水果哦~</p><p><br/></p>',3,'灰色系蛋糕','http://image.enfunly.com/upload/shgoods/201811291543469276655_6196.jpg,http://image.enfunly.com/upload/shgoods/201811291543469276655_6196.jpg','798fcb91187549a5b3b9338b0e8d9485'),(94,'2018-11-29 11:06:24',1,'2018-11-29 13:25:38','皇冠蛋糕','2e3859ecdeb34499932ec8f713b493a3',56,NULL,1,0,1,1,0,1,1,1,'148.00','148.00','http://image.enfunly.com/upload/shgoods/201811291543466566769_1593.jpg',4,NULL,2,3,'<p>采用法国进口奶油，新鲜土鸡蛋，每日现买水果，</p><p>配方不添加泡打粉、塔塔粉等不良添加剂，食用放心！</p><p><br/></p><p>购买须知：</p><p>鲜花艺术蛋糕，默认原味戚风蛋糕，需要替换可可，红丝绒，抹茶，可联系客服；</p><p>所有奶油蛋糕都有水果夹层，默认芒果、哈密瓜夹层，如替换联系客服。</p><p>ps：有芒果过敏的亲记得备注换水果哦~</p><p><br/></p>',3,'灰色系蛋糕','http://image.enfunly.com/upload/shgoods/201811291543466571575_6991.jpg','798fcb91187549a5b3b9338b0e8d9485'),(95,'2018-11-29 12:41:15',1,'2018-11-29 13:25:49','皇冠鲜花蛋糕','016af542482c43ce8aab717602139878',56,NULL,1,0,1,1,0,1,1,1,'148.00','148.00','http://image.enfunly.com/upload/shgoods/201811291543466600919_4961.jpg',3,NULL,2,3,'<p>采用法国进口奶油，新鲜土鸡蛋，每日现买水果，</p><p>配方不添加泡打粉、塔塔粉等不良添加剂，食用放心！</p><p><br/></p><p>购买须知：</p><p>鲜花艺术蛋糕，默认原味戚风蛋糕，需要替换可可，红丝绒，抹茶，可联系客服；</p><p>所有奶油蛋糕都有水果夹层，默认芒果、哈密瓜夹层，如替换联系客服。</p><p>ps：有芒果过敏的亲记得备注换水果哦~</p><p><br/></p>',3,'灰色系蛋糕','http://image.enfunly.com/upload/shgoods/201811291543466610626_2546.jpg','798fcb91187549a5b3b9338b0e8d9485'),(96,'2018-11-29 12:47:19',1,'2018-11-29 13:25:18','ins黄色皇冠气球蛋糕','7a0da1bd1ee145078574f98778ab017e',56,NULL,1,0,1,1,0,1,1,1,'148.00','148.00','http://image.enfunly.com/upload/shgoods/201811291543466820469_7368.jpg',6,NULL,2,3,'<p>采用法国进口奶油，新鲜土鸡蛋，每日现买水果，</p><p>配方不添加泡打粉、塔塔粉等不良添加剂，食用放心！</p><p><br/></p><p>购买须知：</p><p>鲜花艺术蛋糕，默认原味戚风蛋糕，需要替换可可，红丝绒，抹茶，可联系客服；</p><p>所有奶油蛋糕都有水果夹层，默认芒果、哈密瓜夹层，如替换联系客服。</p><p>ps：有芒果过敏的亲记得备注换水果哦~</p><p><br/></p>',3,'灰色系蛋糕','http://image.enfunly.com/upload/shgoods/201811291543466813993_9279.jpg','798fcb91187549a5b3b9338b0e8d9485'),(97,'2018-11-29 13:05:11',1,'2018-11-29 13:05:11','公主蛋糕','fcd46c45d29f4b14b1b9b662e40657bb',56,NULL,1,0,1,1,0,0,1,1,'148.00','148.00','http://image.enfunly.com/upload/shgoods/201811291543467632231_7815.jpg',7,NULL,2,3,'<p>采用法国进口奶油，新鲜土鸡蛋，每日现买水果，</p><p>配方不添加泡打粉、塔塔粉等不良添加剂，食用放心！</p><p><br/></p><p>购买须知：</p><p>鲜花艺术蛋糕，默认原味戚风蛋糕，需要替换可可，红丝绒，抹茶，可联系客服；</p><p>所有奶油蛋糕都有水果夹层，默认芒果、哈密瓜夹层，如替换联系客服。</p><p>ps：有芒果过敏的亲记得备注换水果哦~</p><p><br/></p>',2,'采用法国进口奶油，新鲜土鸡蛋，每日现买水果，\n配方不添加泡打粉、塔塔粉等不良添加剂，食用放心！\n\n购买须知：\n鲜花艺术蛋糕，默认原味戚风蛋糕，需要替换可可，红丝绒，抹茶，可联系客服；\n所有奶油蛋糕都有水果夹层，默认芒果、哈密瓜夹层，如替换联系客服。\nps：有芒果过敏的亲记得备注换水果哦~','http://image.enfunly.com/upload/shgoods/201811291543467677278_8824.jpg','798fcb91187549a5b3b9338b0e8d9485'),(98,'2018-11-29 13:08:15',1,'2018-11-29 13:08:15','粉红豹','fc414eb73e584f5396713ef0b3a25ccf',56,NULL,1,0,1,1,0,0,1,1,'148.00','148.00','http://image.enfunly.com/upload/shgoods/201811291543467977645_1156.jpg',8,1,2,3,'<p>采用法国进口奶油，新鲜土鸡蛋，每日现买水果，</p><p>配方不添加泡打粉、塔塔粉等不良添加剂，食用放心！</p><p><br/></p><p>购买须知：</p><p>鲜花艺术蛋糕，默认原味戚风蛋糕，需要替换可可，红丝绒，抹茶，可联系客服；</p><p>所有奶油蛋糕都有水果夹层，默认芒果、哈密瓜夹层，如替换联系客服。</p><p>ps：有芒果过敏的亲记得备注换水果哦~</p><p><br/></p>',1,'顽皮豹蛋糕','http://image.enfunly.com/upload/shgoods/201811291543467996155_6802.jpg','798fcb91187549a5b3b9338b0e8d9485'),(99,'2018-11-29 13:10:20',1,'2018-11-29 13:30:36','小香车蛋糕','529abf1f981b4815955de00b890b0721',56,NULL,1,0,1,1,0,0,1,1,'148.00','148.00','http://image.enfunly.com/upload/shgoods/201811291543469430771_3126.jpg',9,1,2,3,'<p>采用法国进口奶油，新鲜土鸡蛋，每日现买水果，</p><p>配方不添加泡打粉、塔塔粉等不良添加剂，食用放心！</p><p><br/></p><p>购买须知：</p><p>鲜花艺术蛋糕，默认原味戚风蛋糕，需要替换可可，红丝绒，抹茶，可联系客服；</p><p>所有奶油蛋糕都有水果夹层，默认芒果、哈密瓜夹层，如替换联系客服。</p><p>ps：有芒果过敏的亲记得备注换水果哦~</p><p><br/></p>',1,'小香车','http://image.enfunly.com/upload/shgoods/201811291543469433208_1981.jpg,http://image.enfunly.com/upload/shgoods/201811291543469433208_1981.jpg','798fcb91187549a5b3b9338b0e8d9485'),(100,'2018-11-29 13:11:25',1,'2018-11-29 13:15:28','火烈鸟蛋糕','dc7399c36cc84863b8f87eaaee1bf173',56,NULL,1,0,1,1,0,0,1,1,'148.00','148.00','http://image.enfunly.com/upload/shgoods/201811291543468524146_3782.jpg',10,1,2,3,'<p>采用法国进口奶油，新鲜土鸡蛋，每日现买水果，</p><p>配方不添加泡打粉、塔塔粉等不良添加剂，食用放心！</p><p><br/></p><p>购买须知：</p><p>鲜花艺术蛋糕，默认原味戚风蛋糕，需要替换可可，红丝绒，抹茶，可联系客服；</p><p>所有奶油蛋糕都有水果夹层，默认芒果、哈密瓜夹层，如替换联系客服。</p><p>ps：有芒果过敏的亲记得备注换水果哦~</p><p><br/></p>',1,'小香车','http://image.enfunly.com/upload/shgoods/201811291543468520091_0798.jpg','798fcb91187549a5b3b9338b0e8d9485'),(101,'2018-11-29 13:14:12',1,'2018-11-29 13:14:25','火烈鸟羽毛蛋糕','7c1c1bba9c1e494b9787dae673967c97',56,NULL,1,0,1,1,0,0,1,1,'148.00','148.00','http://image.enfunly.com/upload/shgoods/201811291543468425949_8962.jpg',11,1,2,3,'<p>采用法国进口奶油，新鲜土鸡蛋，每日现买水果，</p><p>配方不添加泡打粉、塔塔粉等不良添加剂，食用放心！</p><p><br/></p><p>购买须知：</p><p>鲜花艺术蛋糕，默认原味戚风蛋糕，需要替换可可，红丝绒，抹茶，可联系客服；</p><p>所有奶油蛋糕都有水果夹层，默认芒果、哈密瓜夹层，如替换联系客服。</p><p>ps：有芒果过敏的亲记得备注换水果哦~</p><p><br/></p>',1,'小香车','http://image.enfunly.com/upload/shgoods/201811291543468432906_5492.jpg','798fcb91187549a5b3b9338b0e8d9485'),(102,'2018-11-29 13:19:13',1,'2018-11-29 13:19:13','火烈鸟玫瑰花蛋糕','7804139d7965450fb47101b8095439e8',56,NULL,1,0,1,1,0,0,1,1,'148.00','148.00','http://image.enfunly.com/upload/shgoods/201811291543468690533_5973.jpg',12,1,2,3,'<p>采用法国进口奶油，新鲜土鸡蛋，每日现买水果，</p><p>配方不添加泡打粉、塔塔粉等不良添加剂，食用放心！</p><p><br/></p><p>购买须知：</p><p>鲜花艺术蛋糕，默认原味戚风蛋糕，需要替换可可，红丝绒，抹茶，可联系客服；</p><p>所有奶油蛋糕都有水果夹层，默认芒果、哈密瓜夹层，如替换联系客服。</p><p>ps：有芒果过敏的亲记得备注换水果哦~</p><p><br/></p>',1,'小香车','http://image.enfunly.com/upload/shgoods/201811291543468695641_3966.jpg','798fcb91187549a5b3b9338b0e8d9485'),(103,'2018-11-29 13:24:21',1,'2018-11-29 13:25:09','爱就像蓝天白云','45f4721a7ce24f029696eebb35d5b433',56,NULL,1,0,1,1,0,0,1,1,'148.00','148.00','http://image.enfunly.com/upload/shgoods/201811291543469037960_4024.jpg',5,1,2,3,'<p>采用法国进口奶油，新鲜土鸡蛋，每日现买水果，</p><p>配方不添加泡打粉、塔塔粉等不良添加剂，食用放心！</p><p><br/></p><p>购买须知：</p><p>鲜花艺术蛋糕，默认原味戚风蛋糕，需要替换可可，红丝绒，抹茶，可联系客服；</p><p>所有奶油蛋糕都有水果夹层，默认芒果、哈密瓜夹层，如替换联系客服。</p><p>ps：有芒果过敏的亲记得备注换水果哦~</p><p><br/></p>',1,'小香车','http://image.enfunly.com/upload/shgoods/201811291543469045501_9629.jpg','798fcb91187549a5b3b9338b0e8d9485'),(104,'2018-11-29 13:50:59',1,'2018-11-29 13:50:59','祝寿蛋糕','c76cde0dd312461b904d1da9cb580e9d',59,NULL,1,0,1,1,0,0,1,1,'148.00','148.00','http://image.enfunly.com/upload/shgoods/201811291543470614841_1013.jpg',6,1,2,3,'<p>采用法国进口奶油，新鲜土鸡蛋，每日现买水果，</p><p>配方不添加泡打粉、塔塔粉等不良添加剂，食用放心！</p><p><br/></p><p>购买须知：</p><p>鲜花艺术蛋糕，默认原味戚风蛋糕，需要替换可可，红丝绒，抹茶，可联系客服；</p><p>所有奶油蛋糕都有水果夹层，默认芒果、哈密瓜夹层，如替换联系客服。</p><p>ps：有芒果过敏的亲记得备注换水果哦~</p><p><br/></p>',1,'小香车','http://image.enfunly.com/upload/shgoods/201811291543470639342_9829.jpg','798fcb91187549a5b3b9338b0e8d9485'),(105,'2018-11-29 13:52:59',1,'2018-11-29 13:52:59','祝寿蛋糕','456038ef002a4a9dac09f68b73276d24',59,NULL,1,0,1,1,0,0,1,1,'148.00','148.00','http://image.enfunly.com/upload/shgoods/201811291543470743892_7366.jpg',5,1,2,3,'<p>采用法国进口奶油，新鲜土鸡蛋，每日现买水果，</p><p>配方不添加泡打粉、塔塔粉等不良添加剂，食用放心！</p><p><br/></p><p>购买须知：</p><p>鲜花艺术蛋糕，默认原味戚风蛋糕，需要替换可可，红丝绒，抹茶，可联系客服；</p><p>所有奶油蛋糕都有水果夹层，默认芒果、哈密瓜夹层，如替换联系客服。</p><p>ps：有芒果过敏的亲记得备注换水果哦~</p><p><br/></p>',1,'小香车','http://image.enfunly.com/upload/shgoods/201811291543470759257_7775.jpg','798fcb91187549a5b3b9338b0e8d9485'),(106,'2018-11-29 13:55:12',1,'2018-11-29 13:55:12','抽签蛋糕','dbee5f2f9b6e4de6bde4c721cbfd79b0',59,NULL,1,0,1,1,0,0,1,1,'148.00','148.00','http://image.enfunly.com/upload/shgoods/201811291543470885322_9058.jpg',4,1,2,3,'<p>采用法国进口奶油，新鲜土鸡蛋，每日现买水果，</p><p>配方不添加泡打粉、塔塔粉等不良添加剂，食用放心！</p><p><br/></p><p>购买须知：</p><p>鲜花艺术蛋糕，默认原味戚风蛋糕，需要替换可可，红丝绒，抹茶，可联系客服；</p><p>所有奶油蛋糕都有水果夹层，默认芒果、哈密瓜夹层，如替换联系客服。</p><p>ps：有芒果过敏的亲记得备注换水果哦~</p><p><br/></p>',1,'小香车','http://image.enfunly.com/upload/shgoods/201811291543470893917_5357.jpg,http://image.enfunly.com/upload/shgoods/201811291543470893917_5357.jpg','798fcb91187549a5b3b9338b0e8d9485'),(107,'2018-11-29 13:56:08',1,'2018-11-29 13:56:22','人民币蛋糕','34056552a3064fdf8b3a30f39fb48801',59,NULL,1,0,1,1,0,0,1,1,'148.00','148.00','http://image.enfunly.com/upload/shgoods/201811291543470944294_4738.jpg',3,1,2,3,'<p>采用法国进口奶油，新鲜土鸡蛋，每日现买水果，</p><p>配方不添加泡打粉、塔塔粉等不良添加剂，食用放心！</p><p><br/></p><p>购买须知：</p><p>鲜花艺术蛋糕，默认原味戚风蛋糕，需要替换可可，红丝绒，抹茶，可联系客服；</p><p>所有奶油蛋糕都有水果夹层，默认芒果、哈密瓜夹层，如替换联系客服。</p><p>ps：有芒果过敏的亲记得备注换水果哦~</p><p><br/></p>',1,'小香车','http://image.enfunly.com/upload/shgoods/201811291543470951003_4311.jpg','798fcb91187549a5b3b9338b0e8d9485'),(108,'2018-11-29 13:59:49',1,'2018-11-29 14:00:00','祝寿蛋糕','d6ea0c1ea52e44bb95db693271f54969',59,NULL,1,0,1,1,0,0,1,1,'148.00','148.00','http://image.enfunly.com/upload/shgoods/201811291543471180183_5423.jpg',2,1,2,3,'<p>采用法国进口奶油，新鲜土鸡蛋，每日现买水果，</p><p>配方不添加泡打粉、塔塔粉等不良添加剂，食用放心！</p><p><br/></p><p>购买须知：</p><p>鲜花艺术蛋糕，默认原味戚风蛋糕，需要替换可可，红丝绒，抹茶，可联系客服；</p><p>所有奶油蛋糕都有水果夹层，默认芒果、哈密瓜夹层，如替换联系客服。</p><p>ps：有芒果过敏的亲记得备注换水果哦~</p><p><br/></p>',1,'小香车','http://image.enfunly.com/upload/shgoods/201811291543471186616_3686.jpg','798fcb91187549a5b3b9338b0e8d9485'),(109,'2018-11-29 14:00:51',1,'2018-11-29 14:00:51','欧元祝寿蛋糕','fd356e828e844f43820388175063c39c',59,NULL,1,0,1,1,0,0,1,1,'148.00','148.00','http://image.enfunly.com/upload/shgoods/201811291543471232723_3564.jpg',4,1,2,3,'<p>采用法国进口奶油，新鲜土鸡蛋，每日现买水果，</p><p>配方不添加泡打粉、塔塔粉等不良添加剂，食用放心！</p><p><br/></p><p>购买须知：</p><p>鲜花艺术蛋糕，默认原味戚风蛋糕，需要替换可可，红丝绒，抹茶，可联系客服；</p><p>所有奶油蛋糕都有水果夹层，默认芒果、哈密瓜夹层，如替换联系客服。</p><p>ps：有芒果过敏的亲记得备注换水果哦~</p><p><br/></p>',1,'小香车','http://image.enfunly.com/upload/shgoods/201811291543471236687_8467.jpg','798fcb91187549a5b3b9338b0e8d9485'),(110,'2018-11-29 14:04:23',1,'2018-11-29 14:05:24','水果祝寿蛋糕','7e8cabd53ed84caba2b5c5f4769d924d',58,NULL,1,0,1,1,0,0,1,1,'148.00','148.00','http://image.enfunly.com/upload/shgoods/201811291543471436409_9631.jpg',22,1,2,3,'<p>采用法国进口奶油，新鲜土鸡蛋，每日现买水果，</p><p>配方不添加泡打粉、塔塔粉等不良添加剂，食用放心！</p><p><br/></p><p>购买须知：</p><p>鲜花艺术蛋糕，默认原味戚风蛋糕，需要替换可可，红丝绒，抹茶，可联系客服；</p><p>所有奶油蛋糕都有水果夹层，默认芒果、哈密瓜夹层，如替换联系客服。</p><p>ps：有芒果过敏的亲记得备注换水果哦~</p><p><br/></p>',1,'小香车','http://image.enfunly.com/upload/shgoods/201811291543471445942_0314.jpg','798fcb91187549a5b3b9338b0e8d9485'),(111,'2018-11-29 14:05:09',1,'2018-11-29 14:05:09','水果蛋糕','6b8116b929754de2880bf6c774953e71',58,NULL,1,0,1,1,0,0,1,1,'148.00','148.00','http://image.enfunly.com/upload/shgoods/201811291543471490729_2942.jpg',21,1,2,3,'<p>采用法国进口奶油，新鲜土鸡蛋，每日现买水果，</p><p>配方不添加泡打粉、塔塔粉等不良添加剂，食用放心！</p><p><br/></p><p>购买须知：</p><p>鲜花艺术蛋糕，默认原味戚风蛋糕，需要替换可可，红丝绒，抹茶，可联系客服；</p><p>所有奶油蛋糕都有水果夹层，默认芒果、哈密瓜夹层，如替换联系客服。</p><p>ps：有芒果过敏的亲记得备注换水果哦~</p><p><br/></p>',1,'小香车','http://image.enfunly.com/upload/shgoods/201811291543471496695_8832.jpg','798fcb91187549a5b3b9338b0e8d9485'),(112,'2018-11-29 14:06:07',1,'2018-11-29 14:06:28','汪汪队蛋糕','b333d42d67fa494491f0d127d1655ff7',58,NULL,1,0,1,1,0,0,1,1,'148.00','148.00','http://image.enfunly.com/upload/shgoods/201811291543471544396_2523.jpg',20,1,2,3,'<p>采用法国进口奶油，新鲜土鸡蛋，每日现买水果，</p><p>配方不添加泡打粉、塔塔粉等不良添加剂，食用放心！</p><p><br/></p><p>购买须知：</p><p>鲜花艺术蛋糕，默认原味戚风蛋糕，需要替换可可，红丝绒，抹茶，可联系客服；</p><p>所有奶油蛋糕都有水果夹层，默认芒果、哈密瓜夹层，如替换联系客服。</p><p>ps：有芒果过敏的亲记得备注换水果哦~</p><p><br/></p>',1,'小香车','http://image.enfunly.com/upload/shgoods/201811291543471549587_2270.jpg','798fcb91187549a5b3b9338b0e8d9485'),(113,'2018-11-29 14:07:14',1,'2018-11-29 14:07:14','熊蛋糕','396bbdaf28e2451787acb6edbac92c95',58,NULL,1,0,1,1,0,0,1,1,'148.00','148.00','http://image.enfunly.com/upload/shgoods/201811291543471609592_2250.jpg',19,1,2,3,'<p>采用法国进口奶油，新鲜土鸡蛋，每日现买水果，</p><p>配方不添加泡打粉、塔塔粉等不良添加剂，食用放心！</p><p><br/></p><p>购买须知：</p><p>鲜花艺术蛋糕，默认原味戚风蛋糕，需要替换可可，红丝绒，抹茶，可联系客服；</p><p>所有奶油蛋糕都有水果夹层，默认芒果、哈密瓜夹层，如替换联系客服。</p><p>ps：有芒果过敏的亲记得备注换水果哦~</p><p><br/></p>',1,'小香车','http://image.enfunly.com/upload/shgoods/201811291543471601197_0725.jpg','798fcb91187549a5b3b9338b0e8d9485'),(114,'2018-11-29 14:10:43',1,'2018-11-29 14:11:33','双层蛋糕','33c1b0d4a5364139aff6b6ef84e49214',58,NULL,1,0,1,1,0,0,1,1,'148.00','148.00','http://image.enfunly.com/upload/shgoods/201811291543471811336_6777.jpg',18,1,2,3,'<p>采用法国进口奶油，新鲜土鸡蛋，每日现买水果，</p><p>配方不添加泡打粉、塔塔粉等不良添加剂，食用放心！</p><p><br/></p><p>购买须知：</p><p>鲜花艺术蛋糕，默认原味戚风蛋糕，需要替换可可，红丝绒，抹茶，可联系客服；</p><p>所有奶油蛋糕都有水果夹层，默认芒果、哈密瓜夹层，如替换联系客服。</p><p>ps：有芒果过敏的亲记得备注换水果哦~</p><p><br/></p>',1,'小香车','http://image.enfunly.com/upload/shgoods/201811291543471816010_1367.jpg','798fcb91187549a5b3b9338b0e8d9485'),(115,'2018-11-29 14:11:22',1,'2018-11-29 14:11:48','双层蛋糕','f62ba047c6f6421da30a9472443fde9d',58,NULL,1,0,1,1,0,0,1,1,'148.00','148.00','http://image.enfunly.com/upload/shgoods/201811291543471873183_4418.jpg',17,1,2,3,'<p>采用法国进口奶油，新鲜土鸡蛋，每日现买水果，</p><p>配方不添加泡打粉、塔塔粉等不良添加剂，食用放心！</p><p><br/></p><p>购买须知：</p><p>鲜花艺术蛋糕，默认原味戚风蛋糕，需要替换可可，红丝绒，抹茶，可联系客服；</p><p>所有奶油蛋糕都有水果夹层，默认芒果、哈密瓜夹层，如替换联系客服。</p><p>ps：有芒果过敏的亲记得备注换水果哦~</p><p><br/></p>',1,'小香车','http://image.enfunly.com/upload/shgoods/201811291543471878514_2451.jpg','798fcb91187549a5b3b9338b0e8d9485'),(116,'2018-11-29 14:15:41',1,'2018-11-29 14:16:15','蓝色公主蛋糕','f5fe9b6db5c54617b69f1b1360be2e50',58,NULL,1,0,1,1,0,0,1,1,'148.00','148.00','http://image.enfunly.com/upload/shgoods/201811291543472075362_1540.jpg',16,1,2,3,'<p>采用法国进口奶油，新鲜土鸡蛋，每日现买水果，</p><p>配方不添加泡打粉、塔塔粉等不良添加剂，食用放心！</p><p><br/></p><p>购买须知：</p><p>鲜花艺术蛋糕，默认原味戚风蛋糕，需要替换可可，红丝绒，抹茶，可联系客服；</p><p>所有奶油蛋糕都有水果夹层，默认芒果、哈密瓜夹层，如替换联系客服。</p><p>ps：有芒果过敏的亲记得备注换水果哦~</p><p><br/></p>',1,'小香车','http://image.enfunly.com/upload/shgoods/201811291543472092062_8011.jpg','798fcb91187549a5b3b9338b0e8d9485'),(117,'2018-11-29 14:17:28',1,'2018-11-29 14:17:28','冰雪奇缘玻璃球蛋糕','781d8744a9f549d48d92704c80a58cad',58,NULL,1,0,1,1,0,0,1,1,'148.00','148.00','http://image.enfunly.com/upload/shgoods/201811291543472230558_6160.jpg',15,1,2,3,'<p>采用法国进口奶油，新鲜土鸡蛋，每日现买水果，</p><p>配方不添加泡打粉、塔塔粉等不良添加剂，食用放心！</p><p><br/></p><p>购买须知：</p><p>鲜花艺术蛋糕，默认原味戚风蛋糕，需要替换可可，红丝绒，抹茶，可联系客服；</p><p>所有奶油蛋糕都有水果夹层，默认芒果、哈密瓜夹层，如替换联系客服。</p><p>ps：有芒果过敏的亲记得备注换水果哦~</p><p><br/></p>',1,'小香车','http://image.enfunly.com/upload/shgoods/201811291543472234438_5503.jpg','798fcb91187549a5b3b9338b0e8d9485'),(118,'2018-11-29 14:18:42',1,'2018-11-29 14:18:42','美国队长蛋糕','ef9ef663dead48479d7d038520f5aaea',58,NULL,1,0,1,1,0,0,1,1,'148.00','148.00','http://image.enfunly.com/upload/shgoods/201811291543472291735_6105.jpg',14,1,2,3,'<p>采用法国进口奶油，新鲜土鸡蛋，每日现买水果，</p><p>配方不添加泡打粉、塔塔粉等不良添加剂，食用放心！</p><p><br/></p><p>购买须知：</p><p>鲜花艺术蛋糕，默认原味戚风蛋糕，需要替换可可，红丝绒，抹茶，可联系客服；</p><p>所有奶油蛋糕都有水果夹层，默认芒果、哈密瓜夹层，如替换联系客服。</p><p>ps：有芒果过敏的亲记得备注换水果哦~</p><p><br/></p>',1,'小香车','http://image.enfunly.com/upload/shgoods/201811291543472298209_2209.jpg','798fcb91187549a5b3b9338b0e8d9485'),(119,'2018-11-29 14:19:35',1,'2018-11-29 14:19:35','灌篮高手蛋糕','41cabb9b013c46078a48089a5c97864a',58,NULL,1,0,1,1,0,0,1,1,'148.00','148.00','http://image.enfunly.com/upload/shgoods/201811291543472349981_9061.jpg',13,1,2,3,'<p>采用法国进口奶油，新鲜土鸡蛋，每日现买水果，</p><p>配方不添加泡打粉、塔塔粉等不良添加剂，食用放心！</p><p><br/></p><p>购买须知：</p><p>鲜花艺术蛋糕，默认原味戚风蛋糕，需要替换可可，红丝绒，抹茶，可联系客服；</p><p>所有奶油蛋糕都有水果夹层，默认芒果、哈密瓜夹层，如替换联系客服。</p><p>ps：有芒果过敏的亲记得备注换水果哦~</p><p><br/></p>',1,'小香车','http://image.enfunly.com/upload/shgoods/201811291543472372976_0411.jpg','798fcb91187549a5b3b9338b0e8d9485'),(120,'2018-11-29 14:20:28',1,'2018-11-29 14:20:28','美国队长蛋糕','df95378b05e54ce191ed0d80fcc0f6b4',58,NULL,1,0,1,1,0,0,1,1,'148.00','148.00','http://image.enfunly.com/upload/shgoods/201811291543472393056_1317.jpg',12,1,2,3,'<p>采用法国进口奶油，新鲜土鸡蛋，每日现买水果，</p><p>配方不添加泡打粉、塔塔粉等不良添加剂，食用放心！</p><p><br/></p><p>购买须知：</p><p>鲜花艺术蛋糕，默认原味戚风蛋糕，需要替换可可，红丝绒，抹茶，可联系客服；</p><p>所有奶油蛋糕都有水果夹层，默认芒果、哈密瓜夹层，如替换联系客服。</p><p>ps：有芒果过敏的亲记得备注换水果哦~</p><p><br/></p>',1,'小香车','http://image.enfunly.com/upload/shgoods/201811291543472388551_9143.jpg','798fcb91187549a5b3b9338b0e8d9485'),(121,'2018-11-29 14:21:14',1,'2018-11-29 14:21:14','小猪佩奇蛋糕','bb0510b3a2c547339bca94e550331959',58,NULL,1,0,1,1,0,0,1,1,'148.00','148.00','http://image.enfunly.com/upload/shgoods/201811291543472444505_1874.jpg',11,1,2,3,'<p>采用法国进口奶油，新鲜土鸡蛋，每日现买水果，</p><p>配方不添加泡打粉、塔塔粉等不良添加剂，食用放心！</p><p><br/></p><p>购买须知：</p><p>鲜花艺术蛋糕，默认原味戚风蛋糕，需要替换可可，红丝绒，抹茶，可联系客服；</p><p>所有奶油蛋糕都有水果夹层，默认芒果、哈密瓜夹层，如替换联系客服。</p><p>ps：有芒果过敏的亲记得备注换水果哦~</p><p><br/></p>',1,'小香车','http://image.enfunly.com/upload/shgoods/201811291543472458119_1802.jpg','798fcb91187549a5b3b9338b0e8d9485'),(122,'2018-11-29 14:22:25',1,'2018-11-29 14:22:25','冰雪奇缘蛋糕','c3aa6771d62048a0bcf345c9ad8d6d84',58,NULL,1,0,1,1,0,0,1,1,'148.00','148.00','http://image.enfunly.com/upload/shgoods/201811291543472531784_0336.jpg',10,1,2,3,'<p>采用法国进口奶油，新鲜土鸡蛋，每日现买水果，</p><p>配方不添加泡打粉、塔塔粉等不良添加剂，食用放心！</p><p><br/></p><p>购买须知：</p><p>鲜花艺术蛋糕，默认原味戚风蛋糕，需要替换可可，红丝绒，抹茶，可联系客服；</p><p>所有奶油蛋糕都有水果夹层，默认芒果、哈密瓜夹层，如替换联系客服。</p><p>ps：有芒果过敏的亲记得备注换水果哦~</p><p><br/></p>',1,'小香车','http://image.enfunly.com/upload/shgoods/201811291543472541873_3537.jpg','798fcb91187549a5b3b9338b0e8d9485'),(123,'2018-11-29 14:23:19',1,'2018-11-29 14:23:19','蓝天白云蛋糕','e44d9c015dca40978c3fd4f8bed25f15',58,NULL,1,0,1,1,0,0,1,1,'148.00','148.00','http://image.enfunly.com/upload/shgoods/201811291543472560729_1085.jpg',9,1,2,3,'<p>采用法国进口奶油，新鲜土鸡蛋，每日现买水果，</p><p>配方不添加泡打粉、塔塔粉等不良添加剂，食用放心！</p><p><br/></p><p>购买须知：</p><p>鲜花艺术蛋糕，默认原味戚风蛋糕，需要替换可可，红丝绒，抹茶，可联系客服；</p><p>所有奶油蛋糕都有水果夹层，默认芒果、哈密瓜夹层，如替换联系客服。</p><p>ps：有芒果过敏的亲记得备注换水果哦~</p><p><br/></p>',1,'小香车','http://image.enfunly.com/upload/shgoods/201811291543472577825_1193.jpg','798fcb91187549a5b3b9338b0e8d9485'),(124,'2018-11-29 14:24:15',1,'2018-11-29 14:24:15','hellokitty蛋糕','60b0b096ee3d4ccb9b54a6ccbecbb9a3',58,NULL,1,0,1,1,0,0,1,1,'148.00','148.00','http://image.enfunly.com/upload/shgoods/201811291543472646618_3669.jpg',8,1,2,3,'<p>采用法国进口奶油，新鲜土鸡蛋，每日现买水果，</p><p>配方不添加泡打粉、塔塔粉等不良添加剂，食用放心！</p><p><br/></p><p>购买须知：</p><p>鲜花艺术蛋糕，默认原味戚风蛋糕，需要替换可可，红丝绒，抹茶，可联系客服；</p><p>所有奶油蛋糕都有水果夹层，默认芒果、哈密瓜夹层，如替换联系客服。</p><p>ps：有芒果过敏的亲记得备注换水果哦~</p><p><br/></p>',1,'小香车','http://image.enfunly.com/upload/shgoods/201811291543472653353_6976.jpg','798fcb91187549a5b3b9338b0e8d9485'),(125,'2018-11-29 14:25:04',1,'2018-11-29 14:25:04','黄色公主皇冠蛋糕','d674c25da6dc4507b834aee472eca0fa',58,NULL,1,0,1,1,0,0,1,1,'148.00','148.00','http://image.enfunly.com/upload/shgoods/201811291543472675814_4549.jpg',7,1,2,3,'<p>采用法国进口奶油，新鲜土鸡蛋，每日现买水果，</p><p>配方不添加泡打粉、塔塔粉等不良添加剂，食用放心！</p><p><br/></p><p>购买须知：</p><p>鲜花艺术蛋糕，默认原味戚风蛋糕，需要替换可可，红丝绒，抹茶，可联系客服；</p><p>所有奶油蛋糕都有水果夹层，默认芒果、哈密瓜夹层，如替换联系客服。</p><p>ps：有芒果过敏的亲记得备注换水果哦~</p><p><br/></p>',1,'小香车','http://image.enfunly.com/upload/shgoods/201811291543472670514_3969.jpg','798fcb91187549a5b3b9338b0e8d9485'),(126,'2018-11-29 14:25:56',1,'2018-11-29 14:25:56','王子黄色蛋糕','5727af0312cb4c99ab5d6b04107d17f7',58,NULL,1,0,1,1,0,0,1,1,'148.00','148.00','http://image.enfunly.com/upload/shgoods/201811291543472739019_5662.jpg',6,1,2,3,'<p>采用法国进口奶油，新鲜土鸡蛋，每日现买水果，</p><p>配方不添加泡打粉、塔塔粉等不良添加剂，食用放心！</p><p><br/></p><p>购买须知：</p><p>鲜花艺术蛋糕，默认原味戚风蛋糕，需要替换可可，红丝绒，抹茶，可联系客服；</p><p>所有奶油蛋糕都有水果夹层，默认芒果、哈密瓜夹层，如替换联系客服。</p><p>ps：有芒果过敏的亲记得备注换水果哦~</p><p><br/></p>',1,'小香车','http://image.enfunly.com/upload/shgoods/201811291543472754225_3295.jpg','798fcb91187549a5b3b9338b0e8d9485'),(127,'2018-11-29 14:26:49',1,'2018-11-29 14:26:49','鸡宝宝蛋糕','f1a14cae42ce47838b2a7fcb3d6a9215',58,NULL,1,0,1,1,0,0,1,1,'148.00','148.00','http://image.enfunly.com/upload/shgoods/201811291543472771170_1699.jpg',5,1,2,3,'<p>采用法国进口奶油，新鲜土鸡蛋，每日现买水果，</p><p>配方不添加泡打粉、塔塔粉等不良添加剂，食用放心！</p><p><br/></p><p>购买须知：</p><p>鲜花艺术蛋糕，默认原味戚风蛋糕，需要替换可可，红丝绒，抹茶，可联系客服；</p><p>所有奶油蛋糕都有水果夹层，默认芒果、哈密瓜夹层，如替换联系客服。</p><p>ps：有芒果过敏的亲记得备注换水果哦~</p><p><br/></p>',1,'小香车','http://image.enfunly.com/upload/shgoods/201811291543472787615_8313.jpg','798fcb91187549a5b3b9338b0e8d9485'),(128,'2018-11-29 16:14:30',1,'2018-11-29 16:14:30','米妮蛋糕','58f338f1f8d847f2ad1b3f082115fcc6',58,NULL,1,0,1,1,0,0,1,1,'148.00','148.00','http://image.enfunly.com/upload/shgoods/201811291543479255921_8391.jpg',4,1,2,3,'<p>采用法国进口奶油，新鲜土鸡蛋，每日现买水果，</p><p>配方不添加泡打粉、塔塔粉等不良添加剂，食用放心！</p><p><br/></p><p>购买须知：</p><p>鲜花艺术蛋糕，默认原味戚风蛋糕，需要替换可可，红丝绒，抹茶，可联系客服；</p><p>所有奶油蛋糕都有水果夹层，默认芒果、哈密瓜夹层，如替换联系客服。</p><p>ps：有芒果过敏的亲记得备注换水果哦~</p><p><br/></p>',1,'小香车','http://image.enfunly.com/upload/shgoods/201811291543479263604_8901.jpg','798fcb91187549a5b3b9338b0e8d9485'),(129,'2018-11-29 16:15:19',1,'2018-11-29 16:15:19','米奇蛋糕','a61efe9454d547c39311cd5daea92202',58,NULL,1,0,1,1,0,0,1,1,'148.00','148.00','http://image.enfunly.com/upload/shgoods/201811291543479291874_3223.jpg',3,1,2,3,'<p>采用法国进口奶油，新鲜土鸡蛋，每日现买水果，</p><p>配方不添加泡打粉、塔塔粉等不良添加剂，食用放心！</p><p><br/></p><p>购买须知：</p><p>鲜花艺术蛋糕，默认原味戚风蛋糕，需要替换可可，红丝绒，抹茶，可联系客服；</p><p>所有奶油蛋糕都有水果夹层，默认芒果、哈密瓜夹层，如替换联系客服。</p><p>ps：有芒果过敏的亲记得备注换水果哦~</p><p><br/></p>',1,'小香车','http://image.enfunly.com/upload/shgoods/201811291543479285324_9302.jpg','798fcb91187549a5b3b9338b0e8d9485'),(130,'2018-11-29 16:21:15',1,'2018-11-29 16:21:15','HelloKitty蛋糕','1a97418d2597417d919ce03ecbb15c7f',58,NULL,1,0,1,1,0,0,1,1,'148.00','148.00','http://image.enfunly.com/upload/shgoods/201811291543479600551_4504.jpg',2,1,2,3,'<p>采用法国进口奶油，新鲜土鸡蛋，每日现买水果，</p><p>配方不添加泡打粉、塔塔粉等不良添加剂，食用放心！</p><p><br/></p><p>购买须知：</p><p>鲜花艺术蛋糕，默认原味戚风蛋糕，需要替换可可，红丝绒，抹茶，可联系客服；</p><p>所有奶油蛋糕都有水果夹层，默认芒果、哈密瓜夹层，如替换联系客服。</p><p>ps：有芒果过敏的亲记得备注换水果哦~</p><p><br/></p>',1,'小香车','http://image.enfunly.com/upload/shgoods/201811291543479667341_6881.jpg,http://image.enfunly.com/upload/shgoods/201811291543479667341_6881.jpg','798fcb91187549a5b3b9338b0e8d9485'),(131,'2018-11-29 16:34:50',1,'2018-11-29 16:34:50','星球蛋糕','9fbd16acbd454789ba54547463a14ee6',58,NULL,1,0,1,1,0,0,1,1,'148.00','148.00','http://image.enfunly.com/upload/shgoods/201811291543479734458_2323.jpg',1,1,2,3,'<p>采用法国进口奶油，新鲜土鸡蛋，每日现买水果，</p><p>配方不添加泡打粉、塔塔粉等不良添加剂，食用放心！</p><p><br/></p><p>购买须知：</p><p>鲜花艺术蛋糕，默认原味戚风蛋糕，需要替换可可，红丝绒，抹茶，可联系客服；</p><p>所有奶油蛋糕都有水果夹层，默认芒果、哈密瓜夹层，如替换联系客服。</p><p>ps：有芒果过敏的亲记得备注换水果哦~</p><p><br/></p>',1,'小香车','http://image.enfunly.com/upload/shgoods/201811291543480305626_2283.jpg,http://image.enfunly.com/upload/shgoods/201811291543480305626_2283.jpg,http://image.enfunly.com/upload/shgoods/201811291543480305626_2283.jpg,http://image.enfunly.com/upload/shgoods/201811291543480305626_2283.jpg,http://image.enfunly.com/upload/shgoods/201811291543480305626_2283.jpg,http://image.enfunly.com/upload/shgoods/201811291543480305626_2283.jpg','798fcb91187549a5b3b9338b0e8d9485'),(132,'2018-11-29 17:01:52',1,'2018-11-29 17:01:52','费列罗奥利奥咸奶油蛋糕','b803158529df4a56a3afef8d0921febd',57,NULL,1,0,1,1,0,0,1,1,'148.00','148.00','http://image.enfunly.com/upload/shgoods/201811291543482055700_1804.jpg',12,1,2,3,'<p>采用法国进口奶油，新鲜土鸡蛋，每日现买水果，</p><p>配方不添加泡打粉、塔塔粉等不良添加剂，食用放心！</p><p><br/></p><p>购买须知：</p><p>鲜花艺术蛋糕，默认原味戚风蛋糕，需要替换可可，红丝绒，抹茶，可联系客服；</p><p>所有奶油蛋糕都有水果夹层，默认芒果、哈密瓜夹层，如替换联系客服。</p><p>ps：有芒果过敏的亲记得备注换水果哦~</p><p><br/></p>',1,'小香车','http://image.enfunly.com/upload/shgoods/201811291543482088298_1119.jpg','798fcb91187549a5b3b9338b0e8d9485'),(133,'2018-11-29 17:05:13',1,'2018-11-29 17:05:13','暴富款蛋糕','82187ef30c104fdb84b0f21acd904870',57,NULL,1,0,1,1,0,0,1,1,'148.00','148.00','http://image.enfunly.com/upload/shgoods/201811291543482287810_2358.jpg',11,1,2,3,'<p>采用法国进口奶油，新鲜土鸡蛋，每日现买水果，</p><p>配方不添加泡打粉、塔塔粉等不良添加剂，食用放心！</p><p><br/></p><p>购买须知：</p><p>鲜花艺术蛋糕，默认原味戚风蛋糕，需要替换可可，红丝绒，抹茶，可联系客服；</p><p>所有奶油蛋糕都有水果夹层，默认芒果、哈密瓜夹层，如替换联系客服。</p><p>ps：有芒果过敏的亲记得备注换水果哦~</p><p><br/></p>',1,'小香车','http://image.enfunly.com/upload/shgoods/201811291543482310199_9525.jpg','798fcb91187549a5b3b9338b0e8d9485'),(134,'2018-11-29 17:34:16',1,'2018-11-29 17:34:16','跑车款奥利奥咸奶油蛋糕','da2bd408f586446d9c65d466bf23669d',57,NULL,1,0,1,1,0,0,1,1,'148.00','148.00','http://image.enfunly.com/upload/shgoods/201811291543483860301_3201.jpg',8,1,2,3,'<p>采用法国进口奶油，新鲜土鸡蛋，每日现买水果，</p><p>配方不添加泡打粉、塔塔粉等不良添加剂，食用放心！</p><p><br/></p><p>购买须知：</p><p>鲜花艺术蛋糕，默认原味戚风蛋糕，需要替换可可，红丝绒，抹茶，可联系客服；</p><p>所有奶油蛋糕都有水果夹层，默认芒果、哈密瓜夹层，如替换联系客服。</p><p>ps：有芒果过敏的亲记得备注换水果哦~</p><p><br/></p>',1,'小香车','http://image.enfunly.com/upload/shgoods/201811291543483905377_4578.jpg,http://image.enfunly.com/upload/shgoods/201811291543483905377_4578.jpg','798fcb91187549a5b3b9338b0e8d9485'),(135,'2018-11-29 17:36:13',1,'2018-11-29 17:37:42','金元宝奥利奥咸奶油蛋糕','d045cae3139f47a7aa512fe1f6e742d8',57,NULL,1,0,1,1,0,0,1,1,'148.00','148.00','http://image.enfunly.com/upload/shgoods/201811291543484150766_1728.jpg',10,1,2,3,'<p>采用法国进口奶油，新鲜土鸡蛋，每日现买水果，</p><p>配方不添加泡打粉、塔塔粉等不良添加剂，食用放心！</p><p><br/></p><p>购买须知：</p><p>鲜花艺术蛋糕，默认原味戚风蛋糕，需要替换可可，红丝绒，抹茶，可联系客服；</p><p>所有奶油蛋糕都有水果夹层，默认芒果、哈密瓜夹层，如替换联系客服。</p><p>ps：有芒果过敏的亲记得备注换水果哦~</p><p><br/></p>',1,'小香车','http://image.enfunly.com/upload/shgoods/201811291543484171635_5912.jpg','798fcb91187549a5b3b9338b0e8d9485'),(136,'2018-11-29 17:42:37',1,'2018-11-29 17:42:37','跑车蛋糕','15602958c4304db08f24ed855c5a4fdd',57,NULL,1,0,1,1,0,0,1,1,'148.00','148.00','http://image.enfunly.com/upload/shgoods/201811291543484509278_4137.jpg',9,1,2,3,'<p>采用法国进口奶油，新鲜土鸡蛋，每日现买水果，</p><p>配方不添加泡打粉、塔塔粉等不良添加剂，食用放心！</p><p><br/></p><p>购买须知：</p><p>鲜花艺术蛋糕，默认原味戚风蛋糕，需要替换可可，红丝绒，抹茶，可联系客服；</p><p>所有奶油蛋糕都有水果夹层，默认芒果、哈密瓜夹层，如替换联系客服。</p><p>ps：有芒果过敏的亲记得备注换水果哦~</p><p><br/></p>',1,'小香车','http://image.enfunly.com/upload/shgoods/201811291543484539365_3600.jpg','798fcb91187549a5b3b9338b0e8d9485'),(137,'2018-11-29 17:43:47',1,'2018-11-29 17:43:47','灰色系吉普车蛋糕','f09988c50c774bb6a48bc63d4a399966',57,NULL,1,0,1,1,0,0,1,1,'148.00','148.00','http://image.enfunly.com/upload/shgoods/201811291543484603375_2710.jpg',9,1,2,3,'<p>采用法国进口奶油，新鲜土鸡蛋，每日现买水果，</p><p>配方不添加泡打粉、塔塔粉等不良添加剂，食用放心！</p><p><br/></p><p>购买须知：</p><p>鲜花艺术蛋糕，默认原味戚风蛋糕，需要替换可可，红丝绒，抹茶，可联系客服；</p><p>所有奶油蛋糕都有水果夹层，默认芒果、哈密瓜夹层，如替换联系客服。</p><p>ps：有芒果过敏的亲记得备注换水果哦~</p><p><br/></p>',1,'小香车','http://image.enfunly.com/upload/shgoods/201811291543484623563_7480.jpg','798fcb91187549a5b3b9338b0e8d9485'),(138,'2018-11-29 17:45:57',1,'2018-11-29 17:49:18','青色系吉普车蛋糕','f9aadec498114ea990693848a20333f3',57,NULL,1,0,1,1,0,0,1,1,'148.00','148.00','http://image.enfunly.com/upload/shgoods/201811291543484663032_5026.jpg',6,1,2,3,'<p>采用法国进口奶油，新鲜土鸡蛋，每日现买水果，</p><p>配方不添加泡打粉、塔塔粉等不良添加剂，食用放心！</p><p><br/></p><p>购买须知：</p><p>鲜花艺术蛋糕，默认原味戚风蛋糕，需要替换可可，红丝绒，抹茶，可联系客服；</p><p>所有奶油蛋糕都有水果夹层，默认芒果、哈密瓜夹层，如替换联系客服。</p><p>ps：有芒果过敏的亲记得备注换水果哦~</p><p><br/></p>',1,'小香车','http://image.enfunly.com/upload/shgoods/201811291543484754984_8812.jpg','798fcb91187549a5b3b9338b0e8d9485'),(139,'2018-11-29 17:48:20',1,'2018-11-29 17:53:58','科比NBA篮球蛋糕','bf5bd4d7795446c1b5c45a70eda2c191',57,NULL,1,0,1,1,0,0,1,1,'148.00','148.00','http://image.enfunly.com/upload/shgoods/201811291543484866869_8078.jpg',5,1,2,3,'<p>采用法国进口奶油，新鲜土鸡蛋，每日现买水果，</p><p>配方不添加泡打粉、塔塔粉等不良添加剂，食用放心！</p><p><br/></p><p>购买须知：</p><p>鲜花艺术蛋糕，默认原味戚风蛋糕，需要替换可可，红丝绒，抹茶，可联系客服；</p><p>所有奶油蛋糕都有水果夹层，默认芒果、哈密瓜夹层，如替换联系客服。</p><p>ps：有芒果过敏的亲记得备注换水果哦~</p><p><br/></p>',1,'小香车','http://image.enfunly.com/upload/shgoods/201811291543484872761_6001.jpg','798fcb91187549a5b3b9338b0e8d9485'),(140,'2018-11-29 18:06:54',1,'2018-11-29 18:06:54','绝地求生吃鸡蛋糕','6667587a4d154953826790d515ba9b54',57,NULL,1,0,1,1,0,1,1,1,'148.00','148.00','http://image.enfunly.com/upload/shgoods/201811291543485298884_1948.jpg',4,1,2,3,'<p>采用法国进口奶油，新鲜土鸡蛋，每日现买水果，</p><p>配方不添加泡打粉、塔塔粉等不良添加剂，食用放心！</p><p><br/></p><p>购买须知：</p><p>鲜花艺术蛋糕，默认原味戚风蛋糕，需要替换可可，红丝绒，抹茶，可联系客服；</p><p>所有奶油蛋糕都有水果夹层，默认芒果、哈密瓜夹层，如替换联系客服。</p><p>ps：有芒果过敏的亲记得备注换水果哦~</p><p><br/></p>',1,'采用法国进口奶油，新鲜土鸡蛋，每日现买水果，\n配方不添加泡打粉、塔塔粉等不良添加剂，食用放心！\n\n购买须知：\n鲜花艺术蛋糕，默认原味戚风蛋糕，需要替换可可，红丝绒，抹茶，可联系客服；\n所有奶油蛋糕都有水果夹层，默认芒果、哈密瓜夹层，如替换联系客服。\nps：有芒果过敏的亲记得备注换水果哦~','http://image.enfunly.com/upload/shgoods/201811291543485318608_4181.jpg','798fcb91187549a5b3b9338b0e8d9485'),(141,'2018-11-29 18:08:15',1,'2018-11-29 18:08:15','发财蛋糕','bd477908ee9f438fad876a431f87da83',57,NULL,1,0,1,1,0,0,1,1,'148.00','148.00','http://image.enfunly.com/upload/shgoods/201811291543486083812_4528.jpg',3,1,2,3,'<p>采用法国进口奶油，新鲜土鸡蛋，每日现买水果，</p><p>配方不添加泡打粉、塔塔粉等不良添加剂，食用放心！</p><p><br/></p><p>购买须知：</p><p>鲜花艺术蛋糕，默认原味戚风蛋糕，需要替换可可，红丝绒，抹茶，可联系客服；</p><p>所有奶油蛋糕都有水果夹层，默认芒果、哈密瓜夹层，如替换联系客服。</p><p>ps：有芒果过敏的亲记得备注换水果哦~</p><p><br/></p>',1,'采用法国进口奶油，新鲜土鸡蛋，每日现买水果，\n配方不添加泡打粉、塔塔粉等不良添加剂，食用放心！\n\n购买须知：\n鲜花艺术蛋糕，默认原味戚风蛋糕，需要替换可可，红丝绒，抹茶，可联系客服；\n所有奶油蛋糕都有水果夹层，默认芒果、哈密瓜夹层，如替换联系客服。\nps：有芒果过敏的亲记得备注换水果哦~','http://image.enfunly.com/upload/shgoods/201811291543486090534_2579.jpg','798fcb91187549a5b3b9338b0e8d9485'),(142,'2018-11-29 18:09:07',1,'2018-11-29 18:09:07','大吉大利 晚上吃鸡','46f45c3c7743419381997f058075461a',57,NULL,1,0,1,1,0,0,1,1,'148.00','148.00','http://image.enfunly.com/upload/shgoods/201811291543486110294_1683.jpg',2,1,2,3,'<p>采用法国进口奶油，新鲜土鸡蛋，每日现买水果，</p><p>配方不添加泡打粉、塔塔粉等不良添加剂，食用放心！</p><p><br/></p><p>购买须知：</p><p>鲜花艺术蛋糕，默认原味戚风蛋糕，需要替换可可，红丝绒，抹茶，可联系客服；</p><p>所有奶油蛋糕都有水果夹层，默认芒果、哈密瓜夹层，如替换联系客服。</p><p>ps：有芒果过敏的亲记得备注换水果哦~</p><p><br/></p>',1,'采用法国进口奶油，新鲜土鸡蛋，每日现买水果，\n配方不添加泡打粉、塔塔粉等不良添加剂，食用放心！\n\n购买须知：\n鲜花艺术蛋糕，默认原味戚风蛋糕，需要替换可可，红丝绒，抹茶，可联系客服；\n所有奶油蛋糕都有水果夹层，默认芒果、哈密瓜夹层，如替换联系客服。\nps：有芒果过敏的亲记得备注换水果哦~','http://image.enfunly.com/upload/shgoods/201811291543486104740_8138.jpg','798fcb91187549a5b3b9338b0e8d9485'),(143,'2018-11-29 18:10:42',1,'2018-11-29 18:10:42','威士忌系列','24474b2987af4008a4970d60c587567a',57,NULL,1,0,1,1,0,0,1,1,'148.00','148.00','http://image.enfunly.com/upload/shgoods/201811291543486214597_3526.jpg',1,1,2,3,'<p>采用法国进口奶油，新鲜土鸡蛋，每日现买水果，</p><p>配方不添加泡打粉、塔塔粉等不良添加剂，食用放心！</p><p><br/></p><p>购买须知：</p><p>鲜花艺术蛋糕，默认原味戚风蛋糕，需要替换可可，红丝绒，抹茶，可联系客服；</p><p>所有奶油蛋糕都有水果夹层，默认芒果、哈密瓜夹层，如替换联系客服。</p><p>ps：有芒果过敏的亲记得备注换水果哦~</p><p><br/></p>',1,'采用法国进口奶油，新鲜土鸡蛋，每日现买水果，\n配方不添加泡打粉、塔塔粉等不良添加剂，食用放心！\n\n购买须知：\n鲜花艺术蛋糕，默认原味戚风蛋糕，需要替换可可，红丝绒，抹茶，可联系客服；\n所有奶油蛋糕都有水果夹层，默认芒果、哈密瓜夹层，如替换联系客服。\nps：有芒果过敏的亲记得备注换水果哦~','http://image.enfunly.com/upload/shgoods/201811291543486221513_6463.jpg','798fcb91187549a5b3b9338b0e8d9485'),(144,'2018-11-29 18:15:48',1,'2018-11-29 18:15:48','爆浆珍珠蛋糕','9195d1c1a1a94011a5659350ddd77317',60,NULL,1,0,1,1,0,0,1,1,'148.00','148.00','http://image.enfunly.com/upload/shgoods/201811291543486338483_4864.jpg',4,1,2,3,'<p><br/></p><p>采用法国进口奶油，新鲜土鸡蛋，每日现买水果，</p><p>配方不添加泡打粉、塔塔粉等不良添加剂，食用放心！</p><p><br/></p>',1,'采用法国进口奶油，新鲜土鸡蛋，每日现买水果，\n配方不添加泡打粉、塔塔粉等不良添加剂，食用放心！\n','http://image.enfunly.com/upload/shgoods/201811291543486460495_2071.jpg,http://image.enfunly.com/upload/shgoods/201811291543486460495_2071.jpg','798fcb91187549a5b3b9338b0e8d9485'),(145,'2018-11-29 18:17:35',1,'2018-11-29 18:17:35','爆浆海盐芝士蛋糕','4cd0e1284f964d2d8eeeab58a6ae021d',60,NULL,1,0,1,1,0,0,1,1,'148.00','148.00','http://image.enfunly.com/upload/shgoods/201811291543486614072_1865.jpg',3,1,2,3,'<p><br/></p><p>采用法国进口奶油，新鲜土鸡蛋，每日现买水果，</p><p>配方不添加泡打粉、塔塔粉等不良添加剂，食用放心！</p><p><br/></p>',1,'采用法国进口奶油，新鲜土鸡蛋，每日现买水果，\n配方不添加泡打粉、塔塔粉等不良添加剂，食用放心！\n','http://image.enfunly.com/upload/shgoods/201811291543486624518_2054.jpg','798fcb91187549a5b3b9338b0e8d9485'),(146,'2018-11-29 18:18:46',1,'2018-11-29 18:18:46','爆浆可可脏蛋糕','40149935b0434a748f1b3b50777b8321',60,NULL,1,0,1,1,0,0,1,1,'148.00','148.00','http://image.enfunly.com/upload/shgoods/201811291543486702088_3338.jpg',2,1,2,3,'<p><br/></p><p>采用法国进口奶油，新鲜土鸡蛋，每日现买水果，</p><p>配方不添加泡打粉、塔塔粉等不良添加剂，食用放心！</p><p><br/></p>',1,'采用法国进口奶油，新鲜土鸡蛋，每日现买水果，\n配方不添加泡打粉、塔塔粉等不良添加剂，食用放心！\n','http://image.enfunly.com/upload/shgoods/201811291543486708721_9538.jpg','798fcb91187549a5b3b9338b0e8d9485'),(147,'2018-11-29 18:19:57',1,'2018-12-05 22:44:26','费列罗奥利奥鲜奶油蛋糕','3212115a9d7f48e697db6104ef1ffac9',60,NULL,1,0,1,1,0,0,1,1,'148.00','148.00','http://image.enfunly.com/upload/shgoods/201811291543486784477_1169.jpg',1,1,2,3,'<p><br/></p><p>采用法国进口奶油，新鲜土鸡蛋，每日现买水果，</p><p>配方不添加泡打粉、塔塔粉等不良添加剂，食用放心！</p><p><br/></p>',1,'采用法国进口奶油，新鲜土鸡蛋，每日现买水果，\n配方不添加泡打粉、塔塔粉等不良添加剂，食用放心！\n','http://image.enfunly.com/upload/shgoods/201811291543486792680_0932.jpg','798fcb91187549a5b3b9338b0e8d9485'),(148,'2018-12-02 14:31:13',1,'2018-12-07 13:58:21','“凤凰仙都军旅俱乐部”吃鸡战场（活动二）','c1108fea693c4edcb402e7bc0503874e',37,NULL,2,0,0,0,0,0,1,1,'78.00','78.00','http://image.enfunly.com/upload/shgoods/201812021543732062207_0571.jpg',1,10,2,3,'<p><img src=\"http://image.enfunly.com/upload/ueditor/image/20181202/1543732247379066825.jpg\" title=\"3200574289871715\" alt=\"中秋特惠_01.jpg\"/><img src=\"http://image.enfunly.com/upload/ueditor/image/20181202/1543732251771004091.jpg\" title=\"494341069173857\" alt=\"中秋特惠_02.jpg\"/><img src=\"http://image.enfunly.com/upload/ueditor/image/20181202/1543732254867053984.jpg\" title=\"6513178501481247\" alt=\"中秋特惠_03.jpg\"/><img src=\"http://image.enfunly.com/upload/ueditor/image/20181202/1543732257007086284.jpg\" title=\"979505379416411\" alt=\"中秋特惠_04.jpg\"/><img src=\"http://image.enfunly.com/upload/ueditor/image/20181202/1543732259392078693.jpg\" title=\"33719134715959053\" alt=\"中秋特惠_05.jpg\"/><img src=\"http://image.enfunly.com/upload/ueditor/image/20181202/1543732261469017658.jpg\" title=\"4107404608629297\" alt=\"中秋特惠_06.jpg\"/><img src=\"http://image.enfunly.com/upload/ueditor/image/20181202/1543732263496046057.jpg\" title=\"4530715688174892\" alt=\"中秋特惠_07.jpg\"/></p>',999,'凤凰仙都金秋\"吃鸡战场+烧烤“特惠季（活动二）','blob:http://www.enfunly.com/842cc363-718d-4fbb-b529-d01f5126ce91','d8f0329e3e2844aebf6ef06f6dc42e57'),(149,'2018-12-05 23:13:45',1,'2018-12-05 23:13:45','玫瑰鲜花','18ec9c915e144e19b31da54784f3d313',61,NULL,1,0,0,1,0,1,1,1,'188.00','188.00','http://image.enfunly.com/upload/shgoods/201812051544022639444_1651.jpg',1,1,2,3,'<p>鲜花速递同城花店配送生日送妈妈康乃馨手提花篮花盒玫瑰花</p>',1,'鲜花速递同城花店配送生日送妈妈康乃馨手提花篮花盒玫瑰花','http://image.enfunly.com/upload/shgoods/201812051544022761821_3769.jpg','5bea456761b64da081c8e7aae0a47e8d'),(150,'2018-12-05 23:18:35',1,'2018-12-05 23:18:35','百合花同城速递','795b9d66a316423a8bd83cb1150ca842',62,NULL,1,0,0,1,0,1,1,1,'188.00','188.00','http://image.enfunly.com/upload/shgoods/201812051544022931239_5841.jpg',1,1,2,3,'<h3 class=\"tb-main-title\" style=\"margin: 0px; padding: 0px; font-size: 16px; min-height: 21px; line-height: 21px; color: rgb(60, 60, 60); font-family: tahoma, arial, &quot;Hiragino Sans GB&quot;, 宋体, sans-serif; white-space: normal; background-color: rgb(255, 255, 255);\">同城鲜花速递香水百合花束送女友妈妈生日送闺蜜朋友配送店</h3><p><br/></p>',1,'同城鲜花速递香水百合花束送女友妈妈生日送闺蜜朋友配送店','http://image.enfunly.com/upload/shgoods/201812051544022947097_4829.jpg','5bea456761b64da081c8e7aae0a47e8d'),(151,'2018-12-05 23:20:23',1,'2018-12-05 23:20:23','香水玫瑰同城速递','cffb33eb281f4fd6ba487f9a4b74c0a4',62,NULL,1,0,0,1,0,1,1,1,'188.00','188.00','http://image.enfunly.com/upload/shgoods/201812051544023128282_9287.jpg',1,1,2,3,'<h3 class=\"tb-main-title\" style=\"margin: 0px; padding: 0px; font-size: 16px; min-height: 21px; line-height: 21px; color: rgb(60, 60, 60); font-family: tahoma, arial, &quot;Hiragino Sans GB&quot;, 宋体, sans-serif; white-space: normal; background-color: rgb(255, 255, 255);\">同城鲜花速递香水玫瑰花束送女友妈妈生日送闺蜜朋友配送店</h3><p><br/></p>',1,'同城鲜花速递香水玫瑰花束送女友妈妈生日送闺蜜朋友配送店','blob:http://www.enfunly.com/68002de1-c97a-4dd3-a35b-0685584aebba','5bea456761b64da081c8e7aae0a47e8d'),(152,'2018-12-05 23:22:46',1,'2018-12-05 23:22:46','鲜花花束同城速递','8c18df4f32724406a936c2fcc52f7ff0',62,NULL,1,0,0,1,0,1,1,1,'188.00','188.00','http://image.enfunly.com/upload/shgoods/201812051544023349963_1431.jpg',1,1,2,3,'<h3 class=\"tb-main-title\" style=\"margin: 0px; padding: 0px; font-size: 16px; min-height: 21px; line-height: 21px; color: rgb(60, 60, 60); font-family: tahoma, arial, &quot;Hiragino Sans GB&quot;, 宋体, sans-serif; white-space: normal; background-color: rgb(255, 255, 255);\">同城鲜花速递香水玫瑰花束送女友妈妈生日送闺蜜朋友配送店</h3><p><br/></p>',1,'同城鲜花速递香水玫瑰花束送女友妈妈生日送闺蜜朋友配送店','http://image.enfunly.com/upload/shgoods/201812051544023357205_1460.jpg','5bea456761b64da081c8e7aae0a47e8d'),(153,'2018-12-05 23:22:54',1,'2018-12-05 23:22:54','鲜花花束同城速递','4e223b40e4bc4fb4974c47bb5305673f',62,NULL,1,1,0,1,0,1,1,1,'188.00','188.00','http://image.enfunly.com/upload/shgoods/201812051544023349963_1431.jpg',1,1,2,3,'<h3 class=\"tb-main-title\" style=\"margin: 0px; padding: 0px; font-size: 16px; min-height: 21px; line-height: 21px; color: rgb(60, 60, 60); font-family: tahoma, arial, &quot;Hiragino Sans GB&quot;, 宋体, sans-serif; white-space: normal; background-color: rgb(255, 255, 255);\">同城鲜花速递香水玫瑰花束送女友妈妈生日送闺蜜朋友配送店</h3><p><br/></p>',1,'同城鲜花速递香水玫瑰花束送女友妈妈生日送闺蜜朋友配送店','http://image.enfunly.com/upload/shgoods/201812051544023357205_1460.jpg','5bea456761b64da081c8e7aae0a47e8d'),(154,'2018-12-07 12:06:39',1,'2018-12-25 14:11:58','年度会员','8bb11e45d2ee4f88a82019e440968a43',37,NULL,1,0,0,1,0,1,1,1,'120.00','580.00','http://image.enfunly.com/upload/shgoods/201812071544157528788_5890.jpg',1,193,2,3,'<p style=\"text-align: center;\">年度合伙人：</p><p style=\"margin-top: 0px; margin-bottom: 0px; padding: 0px; clear: both; font-family: &#39;Helvetica Neue&#39;, Helvetica, &#39;Hiragino Sans GB&#39;, &#39;Microsoft YaHei&#39;, Arial, sans-serif; font-size: medium; font-variant-ligatures: normal; orphans: 2; white-space: normal; widows: 2; text-align: center;\">1：全年免费综合打靶练习</p><p style=\"margin-top: 0px; margin-bottom: 0px; padding: 0px; clear: both; font-family: &#39;Helvetica Neue&#39;, Helvetica, &#39;Hiragino Sans GB&#39;, &#39;Microsoft YaHei&#39;, Arial, sans-serif; font-size: medium; font-variant-ligatures: normal; orphans: 2; white-space: normal; widows: 2;\"><br/></p><p style=\"margin-top: 0px; margin-bottom: 0px; padding: 0px; clear: both; font-family: &#39;Helvetica Neue&#39;, Helvetica, &#39;Hiragino Sans GB&#39;, &#39;Microsoft YaHei&#39;, Arial, sans-serif; font-size: medium; font-variant-ligatures: normal; orphans: 2; white-space: normal; widows: 2; text-align: center;\">2：普通真人CS练习</p><p style=\"margin-top: 0px; margin-bottom: 0px; padding: 0px; clear: both; font-family: &#39;Helvetica Neue&#39;, Helvetica, &#39;Hiragino Sans GB&#39;, &#39;Microsoft YaHei&#39;, Arial, sans-serif; font-size: medium; font-variant-ligatures: normal; orphans: 2; white-space: normal; widows: 2;\"><br/></p><p style=\"margin-top: 0px; margin-bottom: 0px; padding: 0px; clear: both; font-family: &#39;Helvetica Neue&#39;, Helvetica, &#39;Hiragino Sans GB&#39;, &#39;Microsoft YaHei&#39;, Arial, sans-serif; font-size: medium; font-variant-ligatures: normal; orphans: 2; white-space: normal; widows: 2; text-align: center;\">3：可参与任何散户拼团赛</p><p style=\"margin-top: 0px; margin-bottom: 0px; padding: 0px; clear: both; font-family: &#39;Helvetica Neue&#39;, Helvetica, &#39;Hiragino Sans GB&#39;, &#39;Microsoft YaHei&#39;, Arial, sans-serif; font-size: medium; font-variant-ligatures: normal; orphans: 2; white-space: normal; widows: 2;\"><br/></p><p style=\"margin-top: 0px; margin-bottom: 0px; padding: 0px; clear: both; font-family: &#39;Helvetica Neue&#39;, Helvetica, &#39;Hiragino Sans GB&#39;, &#39;Microsoft YaHei&#39;, Arial, sans-serif; font-size: medium; font-variant-ligatures: normal; orphans: 2; white-space: normal; widows: 2; text-align: center;\">4：年会员组织活动，组织者不收任何费用</p><p style=\"margin-top: 0px; margin-bottom: 0px; padding: 0px; clear: both; font-family: &#39;Helvetica Neue&#39;, Helvetica, &#39;Hiragino Sans GB&#39;, &#39;Microsoft YaHei&#39;, Arial, sans-serif; font-size: medium; font-variant-ligatures: normal; orphans: 2; white-space: normal; widows: 2;\"><br/></p><p style=\"margin-top: 0px; margin-bottom: 0px; padding: 0px; clear: both; font-family: &#39;Helvetica Neue&#39;, Helvetica, &#39;Hiragino Sans GB&#39;, &#39;Microsoft YaHei&#39;, Arial, sans-serif; font-size: medium; font-variant-ligatures: normal; orphans: 2; white-space: normal; widows: 2; text-align: center;\">5：俱乐部任何收费项目都统一7折</p><p style=\"margin-top: 0px; margin-bottom: 0px; padding: 0px; clear: both; font-family: &#39;Helvetica Neue&#39;, Helvetica, &#39;Hiragino Sans GB&#39;, &#39;Microsoft YaHei&#39;, Arial, sans-serif; font-size: medium; font-variant-ligatures: normal; orphans: 2; white-space: normal; widows: 2;\"><br/></p><p style=\"margin-top: 0px; margin-bottom: 0px; padding: 0px; clear: both; font-family: &#39;Helvetica Neue&#39;, Helvetica, &#39;Hiragino Sans GB&#39;, &#39;Microsoft YaHei&#39;, Arial, sans-serif; font-size: medium; font-variant-ligatures: normal; orphans: 2; white-space: normal; widows: 2; text-align: center;\">6：凡是公司开发出的俱乐部统一通用</p><p style=\"margin-top: 0px; margin-bottom: 0px; padding: 0px; clear: both; font-family: &#39;Helvetica Neue&#39;, Helvetica, &#39;Hiragino Sans GB&#39;, &#39;Microsoft YaHei&#39;, Arial, sans-serif; font-size: medium; font-variant-ligatures: normal; orphans: 2; white-space: normal; widows: 2;\"><br/></p><p style=\"margin-top: 0px; margin-bottom: 0px; padding: 0px; clear: both; font-family: &#39;Helvetica Neue&#39;, Helvetica, &#39;Hiragino Sans GB&#39;, &#39;Microsoft YaHei&#39;, Arial, sans-serif; font-size: medium; font-variant-ligatures: normal; orphans: 2; white-space: normal; widows: 2; text-align: center;\">7：特定公益性活动优先邀请</p><p><br/></p><p><br/></p><ol class=\"custom_cn1 list-paddingleft-1\"><li class=\"list-cn-2-1 list-cn1-paddingleft-1\"><p style=\"text-align: center;\"><span style=\"font-size: 24px; background-color: rgb(255, 0, 0);\"><strong>俱乐部位置</strong></span></p></li><li class=\"list-cn-2-2 list-cn1-paddingleft-1\"><p style=\"text-align: center;\"><img width=\"530\" height=\"340\" src=\"http://api.map.baidu.com/staticimage?center=117.56584,24.634606&zoom=11&width=530&height=340&markers=117.589232,24.634614\"/><br/></p></li></ol><p><br/></p><p style=\"text-align: center;\"><span style=\"color: rgb(0, 176, 80); background-color: rgb(255, 0, 0);\"><strong>漳州凤凰仙都军旅俱乐部</strong></span></p><p style=\"text-align: center;\"><span style=\"font-size: 24px; color: rgb(0, 112, 192);\">我们的会员</span><br/></p><p style=\"text-align: center;\"><img src=\"http://image.enfunly.com/upload/ueditor/image/20181210/1544418410623014011.jpg\" style=\"\" title=\"3708980514609994\"/></p><p style=\"text-align: center;\"><img src=\"http://image.enfunly.com/upload/ueditor/image/20181210/1544418411071027576.jpg\" style=\"\" title=\"849889676265385\"/></p><p style=\"text-align: center;\"><img src=\"http://image.enfunly.com/upload/ueditor/image/20181210/1544418411441024237.jpg\" style=\"\" title=\"10043760569784255\"/></p><p style=\"text-align: center;\"><img src=\"http://image.enfunly.com/upload/ueditor/image/20181210/1544418414075041321.jpg\" style=\"\" title=\"6476719177062559\"/></p><p style=\"text-align: center;\"><img src=\"http://image.enfunly.com/upload/ueditor/image/20181210/1544418415277042373.jpg\" style=\"\" title=\"40313871676552226\"/></p><p style=\"text-align: center;\"><img src=\"http://image.enfunly.com/upload/ueditor/image/20181210/1544418419198024890.jpg\" style=\"\" title=\"162131817522843\"/></p><p style=\"text-align: center;\"><img src=\"http://image.enfunly.com/upload/ueditor/image/20181210/1544418420893018194.jpg\" style=\"\" title=\"1534357628857289\"/></p><p style=\"white-space: normal; text-align: center;\"><span style=\"font-size: 24px; color: rgb(0, 176, 80);\">&nbsp;友情提示</span></p><p style=\"white-space: normal; text-align: center;\"><br/></p><p style=\"white-space: normal;\"><br/></p><p style=\"white-space: normal; text-align: center;\">凡是公司开发出的俱乐部都统一通用</p><p style=\"white-space: normal;\"><br/></p><p style=\"white-space: normal; text-align: center;\"><br/></p><p style=\"white-space: normal; text-align: center;\"><br/></p><p style=\"text-align: center;\"><img src=\"http://image.enfunly.com/upload/ueditor/image/20181210/1544418619101029304.jpg\" title=\"8874672445170168\" alt=\"微信图片_20180418221058_副本.jpg\"/></p>',5000,'成为年度会员相当于成为我们的合伙人\n','http://image.enfunly.com/upload/shgoods/201812071544157514214_7607.jpg','d8f0329e3e2844aebf6ef06f6dc42e57'),(155,'2018-12-07 17:41:04',1,'2018-12-07 17:41:04','青少年爱国敬老','58adfba7e171468da3fa542a690931b4',64,NULL,0,0,0,1,0,1,1,1,'100.00','158.00','http://image.enfunly.com/upload/shgoods/201812071544175298985_2148.jpg',1,200,2,3,'<p><img src=\"http://image.enfunly.com/upload/ueditor/image/20181207/1544175462849068447.jpg\" style=\"\" title=\"4645259659934005\"/></p><p><img src=\"http://image.enfunly.com/upload/ueditor/image/20181207/1544175463073003555.jpg\" style=\"\" title=\"5221888220221237\"/></p><p><img src=\"http://image.enfunly.com/upload/ueditor/image/20181207/1544175463100097789.jpg\" style=\"\" title=\"13050031833489384\"/></p><p><img src=\"http://image.enfunly.com/upload/ueditor/image/20181207/1544175464316073071.jpg\" style=\"\" title=\"4753338977278687\"/></p><p><img src=\"http://image.enfunly.com/upload/ueditor/image/20181207/1544175465784057457.jpg\" style=\"\" title=\"3059601280290329\"/></p><p><img src=\"http://image.enfunly.com/upload/ueditor/image/20181207/1544175607421031714.jpg\" style=\"\" title=\"7612800633804206\"/></p><p><img src=\"http://image.enfunly.com/upload/ueditor/image/20181207/1544175607080025752.jpg\" style=\"\" title=\"5250862010118917\"/></p><p><img src=\"http://image.enfunly.com/upload/ueditor/image/20181207/1544175607320062169.jpg\" style=\"\" title=\"3176233535190596\"/></p><p><img src=\"http://image.enfunly.com/upload/ueditor/image/20181207/1544175609080062992.jpg\" style=\"\" title=\"3024863294289737\"/></p><p><br/></p>',500,'国防教育：青少年爱国主义和敬老为主题','http://image.enfunly.com/upload/shgoods/201812071544175344814_4142.jpg','d8f0329e3e2844aebf6ef06f6dc42e57'),(156,'2018-12-07 21:24:09',1,'2018-12-07 21:24:09','平安部门主管','bc02716fe80d4e65a060f595fa35466b',39,NULL,1,0,0,1,0,0,1,1,'0.00','0.00','http://image.enfunly.com/upload/shgoods/201812071544187701483_9338.gif',1,0,2,3,'<p style=\"text-align: center;\"><span style=\"font-size: 24px; color: rgb(146, 208, 80);\"><strong>武装奔袭案例回顾</strong></span></p><p><font color=\"#92d050\"><span style=\"font-size: 24px;\"><b>十个项目组成的课目：</b></span></font></p><p>桥头阻击战+护送弹药+尖兵侦察+雷区取水+穿越毒区+雷区排爆+跋山涉水+缅甸桥+英雄救美+伤员护送</p><p><img src=\"http://image.enfunly.com/upload/ueditor/image/20181207/1544188377492049494.jpg\" style=\"\" title=\"7761573547082935\"/></p><p><img src=\"http://image.enfunly.com/upload/ueditor/image/20181207/1544188377712009298.jpg\" style=\"\" title=\"5016752686571281\"/></p><p><img src=\"http://image.enfunly.com/upload/ueditor/image/20181207/1544188377658018440.jpg\" style=\"\" title=\"686464538436365\"/></p><p><img src=\"http://image.enfunly.com/upload/ueditor/image/20181207/1544188378750050617.jpg\" style=\"\" title=\"3370080259034932\"/></p><p><img src=\"http://image.enfunly.com/upload/ueditor/image/20181207/1544188379625076550.jpg\" style=\"\" title=\"862562875657329\"/></p><p><img src=\"http://image.enfunly.com/upload/ueditor/image/20181207/1544188379148040310.jpg\" style=\"\" title=\"40625369752903\"/></p><p><img src=\"http://image.enfunly.com/upload/ueditor/image/20181207/1544188381237073676.jpg\" style=\"\" title=\"10447424477135646\"/></p><p><img src=\"http://image.enfunly.com/upload/ueditor/image/20181207/1544188383939000502.jpg\" style=\"\" title=\"516097961745466\"/></p><p><img src=\"http://image.enfunly.com/upload/ueditor/image/20181207/1544188381967038546.jpg\" style=\"\" title=\"25391255330793892\"/></p><p><img src=\"http://image.enfunly.com/upload/ueditor/image/20181207/1544188387431015098.jpg\" style=\"\" title=\"4650580958957094\"/></p><p><img src=\"http://image.enfunly.com/upload/ueditor/image/20181207/1544188386791044213.jpg\" style=\"\" title=\"2109328172803843\"/></p><p><img src=\"http://image.enfunly.com/upload/ueditor/image/20181207/1544188391638027694.jpg\" style=\"\" title=\"80454612040306965\"/></p><p><img src=\"http://image.enfunly.com/upload/ueditor/image/20181207/1544188388527066750.jpg\" style=\"\" title=\"8625739072405058\"/></p><p style=\"text-align: center;\"><span style=\"font-size: 24px; color: rgb(255, 0, 0); background-color: rgb(0, 176, 80);\">真正玩出花样的CS</span><br/></p><p style=\"text-align: center;\"><span style=\"font-size: 24px; color: rgb(0, 176, 240); background-color: rgb(255, 0, 0);\">有没有冲动的感觉<video class=\"edui-upload-video  vjs-default-skin video-js\" controls=\"\" preload=\"none\" width=\"420\" height=\"279\" src=\"http://image.enfunly.com/upload/ueditor/video/20181207/1544188734845049131.mp4\" data-setup=\"{}\"></video></span></p>',0,'我为你们导演；每个人都是主角！','http://image.enfunly.com/upload/shgoods/201812071544189039987_5134.jpg,http://image.enfunly.com/upload/shgoods/201812071544189039987_5134.jpg','d8f0329e3e2844aebf6ef06f6dc42e57'),(161,'2018-12-09 14:09:29',1,'2018-12-09 16:28:13','丛林CS','172bb20455c84e2eba7930b1a759970e',37,NULL,2,1,0,0,0,1,1,1,'98.00','188.00','http://image.enfunly.com/upload/shgoods/201812091544319550399_8571.jpg',3,100,2,3,'<p style=\"text-align: center;\"><span style=\"font-size: 24px;\"><strong>小编带你回顾一下前期的活动氛围</strong></span></p><p style=\"text-align: center;\"><span style=\"font-size: 24px;\"><strong>一个哨声我们集结了！</strong></span></p><p style=\"text-align: center;\"><span style=\"font-size: 24px;\"><strong>穿上迷彩服的我们男同志就别说有多帅，女同志的靓丽更是一道风景线</strong></span></p><p style=\"text-align: center;\"><span style=\"font-size: 24px;\"><strong><img src=\"http://image.enfunly.com/upload/ueditor/image/20181209/1544335177425090847.jpg\" title=\"11150959676631155\" alt=\"微信图片_20181009220417.jpg\"/><img src=\"http://image.enfunly.com/upload/ueditor/image/20181209/1544335177974072192.jpg\" title=\"19043382469966675\" alt=\"微信图片_20181009220352.jpg\"/>有没有被冲动的脑烧！这只是一部份，对了他们来前很多都是不认识的，都是散体报的名。</strong></span></p><p style=\"text-align: center;\"><span style=\"font-size: 24px;\"><strong>有人会说不认识不好玩</strong></span></p><p><span style=\"font-size: 24px;\"><strong>没关系这个任务交给教官，接下来教官就在给你们想办法让你们打成一片！</strong></span></p><p><span style=\"font-size: 24px;\"><strong><img src=\"http://image.enfunly.com/upload/ueditor/image/20181209/1544335178361039051.jpg\" title=\"25284977636787785\" alt=\"微信图片_20181209131543.jpg\"/>有没有像放羊一样，没关系熟悉总要有过程</strong></span></p><p><span style=\"font-size: 24px;\"><strong><img src=\"http://image.enfunly.com/upload/ueditor/image/20181209/1544335179203065339.jpg\" title=\"5723370249550154\" alt=\"微信图片_20181209131036.jpg\"/>我们先来打开一下局面让大家不在尴尬</strong></span></p><p><span style=\"font-size: 24px;\"><strong><img src=\"http://image.enfunly.com/upload/ueditor/image/20181209/1544335181162085944.jpg\" title=\"790356249386267\" alt=\"微信图片_20181209131043.jpg\"/>s</strong></span></p><p><img src=\"http://image.enfunly.com/upload/ueditor/image/20181209/1544335182521027613.jpg\" style=\"\" title=\"70973139644111925\"/></p><p><img src=\"http://image.enfunly.com/upload/ueditor/image/20181209/1544335183379072473.jpg\" style=\"\" title=\"4625375015507948\"/></p><p><img src=\"http://image.enfunly.com/upload/ueditor/image/20181209/1544335184514040110.jpg\" style=\"\" title=\"31867722803489905\"/></p><p>接下来我们看看，他们现在以不再是陌生人了！</p><p><img src=\"http://image.enfunly.com/upload/ueditor/image/20181209/1544335185917014380.jpg\" style=\"\" title=\"369308782634828\"/></p><p><img src=\"http://image.enfunly.com/upload/ueditor/image/20181209/1544335187163025869.jpg\" style=\"\" title=\"9931238564968984\"/></p><p><img src=\"http://image.enfunly.com/upload/ueditor/image/20181209/1544335188547085466.jpg\" style=\"\" title=\"7429866019506166\"/></p><p>不急，更好的总是留在后面<br/></p><p><img src=\"http://image.enfunly.com/upload/ueditor/image/20181209/1544335189656061745.jpg\" style=\"\" title=\"4687249706760206\"/></p><p><img src=\"http://image.enfunly.com/upload/ueditor/image/20181209/1544335190622000622.jpg\" style=\"\" title=\"5477590593896139\"/></p><p><img src=\"http://image.enfunly.com/upload/ueditor/image/20181209/1544335191207003656.jpg\" style=\"\" title=\"3509853609714647\"/></p><p><img src=\"http://image.enfunly.com/upload/ueditor/image/20181209/1544335192359047861.jpg\" style=\"\" title=\"24015581227784323\"/></p><p><img src=\"http://image.enfunly.com/upload/ueditor/image/20181209/1544335193427039137.jpg\" style=\"\" title=\"7122522985262907\"/></p><p><img src=\"http://image.enfunly.com/upload/ueditor/image/20181209/1544335194339020606.jpg\" style=\"\" title=\"9469520199399673\"/></p><p><img src=\"http://image.enfunly.com/upload/ueditor/image/20181209/1544335196015090956.jpg\" style=\"\" title=\"22077442926038107\"/></p><p><img src=\"http://image.enfunly.com/upload/ueditor/image/20181209/1544335198250044161.jpg\" style=\"\" title=\"8011903896251431\"/></p><p><img src=\"http://image.enfunly.com/upload/ueditor/image/20181209/1544335199497096062.jpg\" style=\"\" title=\"1700383354066416\"/></p><p><img src=\"http://image.enfunly.com/upload/ueditor/image/20181209/1544335201146073616.jpg\" style=\"\" title=\"8399701277381122\"/></p><p><img src=\"http://image.enfunly.com/upload/ueditor/image/20181209/1544335203409075219.jpg\" style=\"\" title=\"7922893642132896\"/></p><p><img src=\"http://image.enfunly.com/upload/ueditor/image/20181209/1544335205669064335.jpg\" style=\"\" title=\"8281705263340085\"/></p><p><img src=\"http://image.enfunly.com/upload/ueditor/image/20181209/1544335206655090462.jpg\" style=\"\" title=\"6821420703723627\"/></p><p>有没有被酷倒！<br/></p><p>重点不在这，重点是我们的场地有足够的空间，不会限制一个小地方，更不会想跑没地方跑，想躲没地躲。更不会围在一个地方乱打！</p><p>一场恶战好，我们是不是来点好吃好喝的，请跟教官走吧！</p><p><img src=\"http://image.enfunly.com/upload/ueditor/image/20181209/1544335207100080754.jpg\" style=\"\" title=\"994452855080525\"/></p><p><img src=\"http://image.enfunly.com/upload/ueditor/image/20181209/1544335207856059816.jpg\" style=\"\" title=\"996869074463817\"/></p><p><img src=\"http://image.enfunly.com/upload/ueditor/image/20181209/1544335208836014364.jpg\" style=\"\" title=\"4796104104549706\"/></p><p><img src=\"http://image.enfunly.com/upload/ueditor/image/20181209/1544335209403061775.jpg\" style=\"\" title=\"8375003520524626\"/></p><p><img src=\"http://image.enfunly.com/upload/ueditor/image/20181209/1544335210329027583.jpg\" style=\"\" title=\"1400951308365972\"/></p><p><img src=\"http://image.enfunly.com/upload/ueditor/image/20181209/1544335211249015584.jpg\" style=\"\" title=\"9093371526855368\"/></p><p><span style=\"font-size: 20px;\">自己动手烧烤！<br/></span></p><p><span style=\"font-size: 20px;\">一场CS下来，玩的开心是不是又多了一群朋友呢！！</span></p><p><span style=\"font-size: 24px;\"><br/></span></p><p><span style=\"font-size: 24px;\">声明：</span></p><p><span style=\"font-size: 24px;\">本活动属散体报名，敬请购票时注明场次</span></p><p><span style=\"font-size: 24px;\">活动当日必须穿运动鞋</span></p><p><span style=\"font-size: 24px;\">购票后不作退票处理</span></p><p><span style=\"font-size: 24px;\">购票时请私下报身份证和电话号给工作人员购买保险</span></p><p><span style=\"font-size: 24px;\">活动当天9点准时在漳州凤凰仙都军旅俱乐部集合，如有迟到请事先与工作人员报备！</span></p><p style=\"text-align: center;\"><span style=\"font-size: 24px;\">12月份</span></p><p><span style=\"font-size: 20px; color: rgb(255, 255, 255); background-color: rgb(0, 176, 240);\">12月16日</span></p><p><span style=\"font-size: 20px; color: rgb(12, 12, 12); background-color: rgb(255, 0, 0);\">12月23日</span></p><p><span style=\"font-size: 20px; color: rgb(255, 0, 0); background-color: rgb(0, 176, 80);\">12月30日</span></p><p style=\"text-align: center;\"><span style=\"font-size: 20px; color: rgb(255, 0, 0); background-color: rgb(0, 176, 80);\"><img src=\"http://image.enfunly.com/upload/ueditor/image/20181209/1544335500445026620.jpg\" title=\"4594715192071846\" alt=\"微信图片_20181209140317_副本.jpg\"/></span></p><p><span style=\"font-size: 20px; color: rgb(255, 0, 0); background-color: rgb(0, 176, 80);\"><br/></span></p><p style=\"text-align: center;\"><span style=\"font-size: 20px; color: rgb(255, 0, 0); background-color: rgb(0, 176, 80);\">请加入我</span></p>',500,'当硝烟迷漫枪声不断，子弹横飞那一片刻，这才是主战场！\n交友 +刺激战场+烧烤\n\n\ne\n','http://image.enfunly.com/upload/shgoods/201812091544319663972_6199.jpg','d8f0329e3e2844aebf6ef06f6dc42e57'),(162,'2018-12-09 14:11:07',1,'2018-12-09 16:56:20','刺激战场+交友互动+烧烤','fc23c729d4c94febabad59aaa9ec0b9c',37,NULL,1,0,0,1,0,1,1,1,'98.00','188.00','http://image.enfunly.com/upload/shgoods/201812091544319550399_8571.jpg',3,100,2,3,'<p style=\"text-align: center;\"><span style=\"font-size: 24px;\"><strong>小编带你回顾一下前期的活动氛围</strong></span></p><p style=\"text-align: center;\"><span style=\"font-size: 24px;\"><strong>一个哨声我们集结了！</strong></span></p><p style=\"text-align: center;\"><span style=\"font-size: 24px;\"><strong>穿上迷彩服的我们男同志就别说有多帅，女同志的靓丽更是一道风景线</strong></span></p><p style=\"text-align: center;\"><span style=\"font-size: 24px;\"><strong><img src=\"http://image.enfunly.com/upload/ueditor/image/20181209/1544335177425090847.jpg\" title=\"11150959676631155\" alt=\"微信图片_20181009220417.jpg\"/><img src=\"http://image.enfunly.com/upload/ueditor/image/20181209/1544335177974072192.jpg\" title=\"19043382469966675\" alt=\"微信图片_20181009220352.jpg\"/>有没有被冲动的脑烧！这只是一部份，对了他们来前很多都是不认识的，都是散体报的名。</strong></span></p><p style=\"text-align: center;\"><span style=\"font-size: 24px;\"><strong>有人会说不认识不好玩</strong></span></p><p><span style=\"font-size: 24px;\"><strong>没关系这个任务交给教官，接下来教官就在给你们想办法让你们打成一片！</strong></span></p><p><span style=\"font-size: 24px;\"><strong><img src=\"http://image.enfunly.com/upload/ueditor/image/20181209/1544335178361039051.jpg\" title=\"25284977636787785\" alt=\"微信图片_20181209131543.jpg\"/>有没有像放羊一样，没关系熟悉总要有过程</strong></span></p><p><span style=\"font-size: 24px;\"><strong><img src=\"http://image.enfunly.com/upload/ueditor/image/20181209/1544335179203065339.jpg\" title=\"5723370249550154\" alt=\"微信图片_20181209131036.jpg\"/>我们先来打开一下局面让大家不在尴尬</strong></span></p><p><span style=\"font-size: 24px;\"><strong><img src=\"http://image.enfunly.com/upload/ueditor/image/20181209/1544335181162085944.jpg\" title=\"790356249386267\" alt=\"微信图片_20181209131043.jpg\"/>s</strong></span></p><p><img src=\"http://image.enfunly.com/upload/ueditor/image/20181209/1544335182521027613.jpg\" style=\"\" title=\"70973139644111925\"/></p><p><img src=\"http://image.enfunly.com/upload/ueditor/image/20181209/1544335183379072473.jpg\" style=\"\" title=\"4625375015507948\"/></p><p><img src=\"http://image.enfunly.com/upload/ueditor/image/20181209/1544335184514040110.jpg\" style=\"\" title=\"31867722803489905\"/></p><p>接下来我们看看，他们现在以不再是陌生人了！</p><p><img src=\"http://image.enfunly.com/upload/ueditor/image/20181209/1544335185917014380.jpg\" style=\"\" title=\"369308782634828\"/></p><p><img src=\"http://image.enfunly.com/upload/ueditor/image/20181209/1544335187163025869.jpg\" style=\"\" title=\"9931238564968984\"/></p><p><img src=\"http://image.enfunly.com/upload/ueditor/image/20181209/1544335188547085466.jpg\" style=\"\" title=\"7429866019506166\"/></p><p>不急，更好的总是留在后面<br/></p><p><img src=\"http://image.enfunly.com/upload/ueditor/image/20181209/1544335189656061745.jpg\" style=\"\" title=\"4687249706760206\"/></p><p><img src=\"http://image.enfunly.com/upload/ueditor/image/20181209/1544335190622000622.jpg\" style=\"\" title=\"5477590593896139\"/></p><p><img src=\"http://image.enfunly.com/upload/ueditor/image/20181209/1544335191207003656.jpg\" style=\"\" title=\"3509853609714647\"/></p><p><img src=\"http://image.enfunly.com/upload/ueditor/image/20181209/1544335192359047861.jpg\" style=\"\" title=\"24015581227784323\"/></p><p><img src=\"http://image.enfunly.com/upload/ueditor/image/20181209/1544335193427039137.jpg\" style=\"\" title=\"7122522985262907\"/></p><p><img src=\"http://image.enfunly.com/upload/ueditor/image/20181209/1544335194339020606.jpg\" style=\"\" title=\"9469520199399673\"/></p><p><img src=\"http://image.enfunly.com/upload/ueditor/image/20181209/1544335196015090956.jpg\" style=\"\" title=\"22077442926038107\"/></p><p><img src=\"http://image.enfunly.com/upload/ueditor/image/20181209/1544335198250044161.jpg\" style=\"\" title=\"8011903896251431\"/></p><p><img src=\"http://image.enfunly.com/upload/ueditor/image/20181209/1544335199497096062.jpg\" style=\"\" title=\"1700383354066416\"/></p><p><img src=\"http://image.enfunly.com/upload/ueditor/image/20181209/1544335201146073616.jpg\" style=\"\" title=\"8399701277381122\"/></p><p><img src=\"http://image.enfunly.com/upload/ueditor/image/20181209/1544335203409075219.jpg\" style=\"\" title=\"7922893642132896\"/></p><p><img src=\"http://image.enfunly.com/upload/ueditor/image/20181209/1544335205669064335.jpg\" style=\"\" title=\"8281705263340085\"/></p><p><img src=\"http://image.enfunly.com/upload/ueditor/image/20181209/1544335206655090462.jpg\" style=\"\" title=\"6821420703723627\"/></p><p>有没有被酷倒！<br/></p><p>重点不在这，重点是我们的场地有足够的空间，不会限制一个小地方，更不会想跑没地方跑，想躲没地躲。更不会围在一个地方乱打！</p><p>一场恶战好，我们是不是来点好吃好喝的，请跟教官走吧！</p><p><img src=\"http://image.enfunly.com/upload/ueditor/image/20181209/1544335207100080754.jpg\" style=\"\" title=\"994452855080525\"/></p><p><img src=\"http://image.enfunly.com/upload/ueditor/image/20181209/1544335207856059816.jpg\" style=\"\" title=\"996869074463817\"/></p><p><img src=\"http://image.enfunly.com/upload/ueditor/image/20181209/1544335208836014364.jpg\" style=\"\" title=\"4796104104549706\"/></p><p><img src=\"http://image.enfunly.com/upload/ueditor/image/20181209/1544335209403061775.jpg\" style=\"\" title=\"8375003520524626\"/></p><p><img src=\"http://image.enfunly.com/upload/ueditor/image/20181209/1544335210329027583.jpg\" style=\"\" title=\"1400951308365972\"/></p><p><img src=\"http://image.enfunly.com/upload/ueditor/image/20181209/1544335211249015584.jpg\" style=\"\" title=\"9093371526855368\"/></p><p><span style=\"font-size: 20px;\">自己动手烧烤！<br/></span></p><p><span style=\"font-size: 20px;\">一场CS下来，玩的开心是不是又多了一群朋友呢！！</span></p><p><span style=\"font-size: 24px;\"><br/></span></p><p><span style=\"font-size: 24px;\">声明：</span></p><p><span style=\"font-size: 24px;\">本活动属散体报名，敬请购票时注明场次</span></p><p><span style=\"font-size: 24px;\">活动当日必须穿运动鞋</span></p><p><span style=\"font-size: 24px;\">购票后不作退票处理</span></p><p><span style=\"font-size: 24px;\">购票时请私下报身份证和电话号给工作人员购买保险</span></p><p><span style=\"font-size: 24px;\">活动当天9点准时在漳州凤凰仙都军旅俱乐部集合，如有迟到请事先与工作人员报备！</span></p><p style=\"text-align: center;\"><span style=\"font-size: 24px;\">12月份</span></p><p><span style=\"font-size: 20px; color: rgb(255, 255, 255); background-color: rgb(0, 176, 240);\">12月16日</span></p><p><span style=\"font-size: 20px; color: rgb(12, 12, 12); background-color: rgb(255, 0, 0);\">12月23日</span></p><p><span style=\"font-size: 20px; color: rgb(255, 0, 0); background-color: rgb(0, 176, 80);\">12月30日</span></p><p style=\"text-align: center;\"><span style=\"font-size: 20px; color: rgb(255, 0, 0); background-color: rgb(0, 176, 80);\"><img src=\"http://image.enfunly.com/upload/ueditor/image/20181209/1544335500445026620.jpg\" title=\"4594715192071846\" alt=\"微信图片_20181209140317_副本.jpg\"/></span></p><p><span style=\"font-size: 20px; color: rgb(255, 0, 0); background-color: rgb(0, 176, 80);\"><br/></span></p><p style=\"text-align: center;\"><span style=\"font-size: 20px; color: rgb(255, 0, 0); background-color: rgb(0, 176, 80);\">请加入我</span></p>',500,'当硝烟迷漫枪声不断，子弹横飞那一片刻这才是主战场，有你更精彩！\n交友 +刺激战场+烧烤\n\n\ne\n','http://image.enfunly.com/upload/shgoods/201812091544319663972_6199.jpg','d8f0329e3e2844aebf6ef06f6dc42e57'),(163,'2018-12-10 11:46:24',1,'2018-12-10 11:46:24','亲子军事专题摄影','cfa7133a18784b4982ff3b548780728f',33,NULL,1,0,0,1,0,1,1,1,'368.00','588.00','http://image.enfunly.com/upload/shgoods/201812101544410115536_5167.jpg',1,100,2,3,'<p style=\"text-align: center;\"><span style=\"font-size: 20px; color: rgb(0, 176, 80);\">亲子军事题材摄影，给孩子和自己留下不一样的人生风景线</span></p><p><br/></p><p style=\"text-align: center;\"><font color=\"#00b050\"><span style=\"font-size: 20px;\">跟紧小编，让我们来看看别人家的孩子穿上迷彩的帅气</span></font></p><p style=\"text-align: center;\"><img src=\"http://image.enfunly.com/upload/ueditor/image/20181210/1544411053621061282.jpg\" style=\"\" title=\"998920764301244\"/></p><p style=\"text-align: center;\"><img src=\"http://image.enfunly.com/upload/ueditor/image/20181210/1544411054050077761.jpg\" style=\"\" title=\"4882013701655676\"/></p><p style=\"text-align: center;\">有没有酷到不要不要的！别急好的还留在后面<br/></p><p style=\"text-align: center;\"><img src=\"http://image.enfunly.com/upload/ueditor/image/20181210/1544411054663037169.jpg\" style=\"\" title=\"483864937269077\"/></p><p style=\"text-align: center;\"><img src=\"http://image.enfunly.com/upload/ueditor/image/20181210/1544411055163085403.jpg\" style=\"\" title=\"9573220291336402\"/></p><p style=\"text-align: center;\"><img src=\"http://image.enfunly.com/upload/ueditor/image/20181210/1544411056624086260.jpg\" style=\"\" title=\"25518956697904737\"/></p><p style=\"text-align: center;\"><img src=\"http://image.enfunly.com/upload/ueditor/image/20181210/1544411058648057131.jpg\" style=\"\" title=\"9706953402743246\"/></p><p style=\"text-align: center;\">是不是很难想像自己穿上军装会是怎样的？<br/></p><p style=\"text-align: center;\">这必须是专业的教官指导才能穿出气质，我们来看看为了赚钱而不顾人家的容颜</p><p style=\"text-align: center;\"><img src=\"http://image.enfunly.com/upload/ueditor/image/20181210/1544411772030028323.jpg\" style=\"\" title=\"1828658896953359\"/></p><p style=\"text-align: center;\"><img src=\"http://image.enfunly.com/upload/ueditor/image/20181210/1544411772746026861.jpg\" style=\"\" title=\"21625460287475453\"/></p><p style=\"text-align: center;\"><span style=\"font-size: 24px; color: rgb(255, 0, 0);\">再来看看什么是专业</span><br/></p><p><img src=\"http://image.enfunly.com/upload/ueditor/image/20181210/1544411979311039826.jpg\" style=\"\" title=\"1641162399005458\"/></p><p><img src=\"http://image.enfunly.com/upload/ueditor/image/20181210/1544411979504028104.jpg\" style=\"\" title=\"8124532355472842\"/></p><p><img src=\"http://image.enfunly.com/upload/ueditor/image/20181210/1544411979563075132.jpg\" style=\"\" title=\"2294188332505407\"/></p><p><img src=\"http://image.enfunly.com/upload/ueditor/image/20181210/1544411981119054160.jpg\" style=\"\" title=\"9803503430012257\"/></p><p><img src=\"http://image.enfunly.com/upload/ueditor/image/20181210/1544411982797003935.jpg\" style=\"\" title=\"9373445501528251\"/></p><p><img src=\"http://image.enfunly.com/upload/ueditor/image/20181210/1544411982396046126.jpg\" style=\"\" title=\"3676128690508469\"/></p><p><img src=\"http://image.enfunly.com/upload/ueditor/image/20181210/1544411988031022612.jpg\" style=\"\" title=\"14822217749657518\"/></p><p><img src=\"http://image.enfunly.com/upload/ueditor/image/20181210/1544411990293082920.jpg\" style=\"\" title=\"2920964865702168\"/></p><p><img src=\"http://image.enfunly.com/upload/ueditor/image/20181210/1544411985796058800.jpg\" style=\"\" title=\"28054742067879124\"/></p><p><img src=\"http://image.enfunly.com/upload/ueditor/image/20181210/1544411985273030289.jpg\" style=\"\" title=\"19621605097320005\"/></p><p><img src=\"http://image.enfunly.com/upload/ueditor/image/20181210/1544411991744064538.jpg\" style=\"\" title=\"5281146602169918\"/></p><p><img src=\"http://image.enfunly.com/upload/ueditor/image/20181210/1544411991517020292.jpg\" style=\"\" title=\"4639306394515722\"/></p><p><img src=\"http://image.enfunly.com/upload/ueditor/image/20181210/1544411992584030833.jpg\" style=\"\" title=\"574752215111635\"/></p><p><img src=\"http://image.enfunly.com/upload/ueditor/image/20181210/1544412166724018974.jpg\" style=\"\" title=\"8344384543627822\"/></p><p><img src=\"http://image.enfunly.com/upload/ueditor/image/20181210/1544412166745023916.jpg\" style=\"\" title=\"24034977836312987\"/></p><p><img src=\"http://image.enfunly.com/upload/ueditor/image/20181210/1544412166930055386.jpg\" style=\"\" title=\"15576716069927509\"/></p><p><span style=\"font-size: 24px;\">我们的宗旨：玩要玩的专业，留念形象为重点！</span><br/></p><p style=\"text-align: center;\"><span style=\"font-size: 24px; color: rgb(255, 0, 0);\">跟着小编来看看夏令营的回忆！</span></p><p><img src=\"http://image.enfunly.com/upload/ueditor/image/20181210/1544413222190005352.jpg\" style=\"\" title=\"10613678898019584\"/></p><p><img src=\"http://image.enfunly.com/upload/ueditor/image/20181210/1544413222322068872.jpg\" style=\"\" title=\"8341941429579261\"/></p><p><img src=\"http://image.enfunly.com/upload/ueditor/image/20181210/1544413222613077454.jpg\" style=\"\" title=\"18507034340047978\"/></p><p><img src=\"http://image.enfunly.com/upload/ueditor/image/20181210/1544413223690057038.jpg\" style=\"\" title=\"34184484706072294\"/></p><p><img src=\"http://image.enfunly.com/upload/ueditor/image/20181210/1544413224509064307.jpg\" style=\"\" title=\"13583932335946204\"/></p><p><img src=\"http://image.enfunly.com/upload/ueditor/image/20181210/1544413225613075922.jpg\" style=\"\" title=\"7841559974543957\"/></p><p><img src=\"http://image.enfunly.com/upload/ueditor/image/20181210/1544413228237022736.jpg\" style=\"\" title=\"10896292078234194\"/></p><p><img src=\"http://image.enfunly.com/upload/ueditor/image/20181210/1544413229066043982.jpg\" style=\"\" title=\"8588591553142338\"/></p><p><img src=\"http://image.enfunly.com/upload/ueditor/image/20181210/1544413231212030143.jpg\" style=\"\" title=\"36297815626756424\"/></p><p><img src=\"http://image.enfunly.com/upload/ueditor/image/20181210/1544413231882038945.jpg\" style=\"\" title=\"81480977654568205\"/></p><p><img src=\"http://image.enfunly.com/upload/ueditor/image/20181210/1544413231563074839.jpg\" style=\"\" title=\"22459480573157266\"/></p><p><img src=\"http://image.enfunly.com/upload/ueditor/image/20181210/1544413234173069573.jpg\" style=\"\" title=\"8109262571449698\"/></p><p><br/></p>',1000,'摄影摄像后期处理全部包含在内，送一本相册，底片全部归还！','http://image.enfunly.com/upload/shgoods/201812101544410160135_0692.jpg','d8f0329e3e2844aebf6ef06f6dc42e57'),(164,'2018-12-11 20:01:29',1,'2018-12-15 13:00:29','关于我们','3ee91179539344848e0d970c25ab6363',39,NULL,1,0,0,1,0,1,1,1,'0.00','0.00','http://image.enfunly.com/upload/shgoods/201812111544508255820_1123.jpg',3,1,2,3,'<p style=\"text-align: center;\"><span style=\"font-size: 24px; color: rgb(0, 176, 80);\">我们的位置</span></p><p><span style=\"font-size: 24px; color: rgb(0, 176, 80);\"><img width=\"530\" height=\"340\" src=\"http://api.map.baidu.com/staticimage?center=117.710611,24.572849&zoom=11&width=530&height=340&markers=117.589232,24.634614\"/></span></p><p style=\"text-align: center;\"><span style=\"font-size: 24px; color: rgb(255, 0, 0);\"><img src=\"http://image.enfunly.com/upload/ueditor/image/20181215/1544849465455050095.jpg\" title=\"13751783547381547\" alt=\"微信图片_20181215124311.jpg\"/></span></p><p style=\"text-align: center;\"><span style=\"font-size: 24px; color: rgb(255, 0, 0);\">凤凰仙都军旅俱乐部</span></p><p style=\"text-align: left;\"><span style=\"font-size: 24px; color: rgb(255, 0, 0);\">我们的经营理念：<span style=\"font-size: 24px; color: rgb(0, 176, 80);\">与军事拓展；学生特训和亲子户外休闲结为一体；</span></span></p><p style=\"text-align: left;\"><span style=\"font-size: 24px; color: rgb(255, 0, 0);\">我们的宗旨：<span style=\"font-size: 24px; color: rgb(0, 112, 192);\">真诚服务 不断创新</span></span></p><p style=\"text-align: left;\"><span style=\"font-size: 24px; color: rgb(255, 0, 0);\">我们的经营项目：</span></p><p style=\"text-align: left;\"><span style=\"font-size: 24px; color: rgb(192, 0, 0);\">企业拓训 &nbsp;军事夏冬令营 &nbsp;国防科谱教育 &nbsp;户外休闲运动 &nbsp;军事主题酒吧</span></p><p style=\"text-align: center;\"><span style=\"font-size: 24px; color: rgb(0, 0, 0);\">我们的教官团队</span></p><p><video class=\"edui-upload-video  vjs-default-skin  video-js\" controls=\"\" preload=\"none\" width=\"420\" height=\"280\" src data-setup=\"{}\"></video></p><p><span style=\"font-size: 24px; color: rgb(255, 0, 0);\">青少年夏令营</span></p><p><span style=\"font-size: 24px; color: rgb(255, 0, 0);\"><video class=\"edui-upload-video  vjs-default-skin  video-js\" controls=\"\" preload=\"none\" width=\"420\" height=\"280\" src data-setup=\"{}\"></video></span></p><p><span style=\"font-size: 24px; color: rgb(255, 0, 0);\"><img src=\"http://image.enfunly.com/upload/ueditor/image/20181211/1544512810580001231.jpg\" title=\"976669471017172\" alt=\"微信图片_20181210113510.jpg\"/></span></p><p><img src=\"http://image.enfunly.com/upload/ueditor/image/20181211/1544513383671014919.jpg\" style=\"\" title=\"6040070417237497\"/></p><p><img src=\"http://image.enfunly.com/upload/ueditor/image/20181211/1544513383709098388.jpg\" style=\"\" title=\"36563134102056647\"/></p><p><img src=\"http://image.enfunly.com/upload/ueditor/image/20181211/1544513383520031775.jpg\" style=\"\" title=\"5070600728663218\"/></p><p><img src=\"http://image.enfunly.com/upload/ueditor/image/20181211/1544513386335034999.jpg\" style=\"\" title=\"14877801138642565\"/></p><p><img src=\"http://image.enfunly.com/upload/ueditor/image/20181211/1544513638049079192.jpg\" style=\"\" title=\"8050279810877028\"/></p><p><img src=\"http://image.enfunly.com/upload/ueditor/image/20181211/1544513638453082631.jpg\" style=\"\" title=\"2622913247743709\"/></p><p><img src=\"http://image.enfunly.com/upload/ueditor/image/20181211/1544513639367051148.jpg\" style=\"\" title=\"15268242977895052\"/></p><p><img src=\"http://image.enfunly.com/upload/ueditor/image/20181211/1544513640077060089.jpg\" style=\"\" title=\"28024430282548365\"/></p><p><img src=\"http://image.enfunly.com/upload/ueditor/image/20181211/1544513641107095881.jpg\" style=\"\" title=\"4916939717097477\"/></p><p><img src=\"http://image.enfunly.com/upload/ueditor/image/20181211/1544513639465096706.jpg\" style=\"\" title=\"40421297981545044\"/></p><p><img src=\"http://image.enfunly.com/upload/ueditor/image/20181211/1544513644112010661.jpg\" style=\"\" title=\"4286998978142431\"/></p><p><img src=\"http://image.enfunly.com/upload/ueditor/image/20181211/1544513643038030770.jpg\" style=\"\" title=\"6104120816642255\"/></p><p><img src=\"http://image.enfunly.com/upload/ueditor/image/20181211/1544513646369099405.jpg\" style=\"\" title=\"30868847609407744\"/></p><p><img src=\"http://image.enfunly.com/upload/ueditor/image/20181211/1544513648520041611.jpg\" style=\"\" title=\"3303611585977598\"/></p><p><img src=\"http://image.enfunly.com/upload/ueditor/image/20181211/1544513648605040075.jpg\" style=\"\" title=\"8359664854434334\"/></p><p style=\"text-align: center;\"><span style=\"font-size: 24px; color: rgb(192, 80, 77);\">企业拓展案例</span><span style=\"font-size: 24px; color: rgb(255, 0, 0);\"></span><br/></p><p style=\"text-align: center;\"><span style=\"font-size: 24px; color: rgb(192, 80, 77);\">团队需要协同配合，</span></p><p style=\"text-align: center;\"><span style=\"font-size: 24px; color: rgb(192, 80, 77);\">相信自己相信团队！</span></p><p style=\"text-align: center;\"><span style=\"font-size: 24px; color: rgb(192, 80, 77);\">跟对了团队塑造您的辉煌！</span></p><p><span style=\"font-size: 24px; color: rgb(192, 80, 77);\"></span></p><p><img src=\"http://image.enfunly.com/upload/ueditor/image/20181211/1544529114829069696.jpg\" style=\"\" title=\"63432988411748665\"/></p><p><img src=\"http://image.enfunly.com/upload/ueditor/image/20181211/1544529115267012787.jpg\" style=\"\" title=\"7554067154811795\"/></p><p><img src=\"http://image.enfunly.com/upload/ueditor/image/20181211/1544529117952003574.jpg\" style=\"\" title=\"29996504774110376\"/></p><p><img src=\"http://image.enfunly.com/upload/ueditor/image/20181211/1544529121021019561.jpg\" style=\"\" title=\"2750088500465281\"/></p><p><img src=\"http://image.enfunly.com/upload/ueditor/image/20181211/1544529127794021661.jpg\" style=\"\" title=\"8817585944185243\"/></p><p><img src=\"http://image.enfunly.com/upload/ueditor/image/20181211/1544529125755034441.jpg\" style=\"\" title=\"9824394123720547\"/></p><p><img src=\"http://image.enfunly.com/upload/ueditor/image/20181211/1544529128791002762.jpg\" style=\"\" title=\"4296568473556914\"/></p><p><img src=\"http://image.enfunly.com/upload/ueditor/image/20181211/1544529130499026539.jpg\" style=\"\" title=\"11343010513272257\"/></p><p><img src=\"http://image.enfunly.com/upload/ueditor/image/20181211/1544529130790014298.jpg\" style=\"\" title=\"19977128236415665\"/></p><p><img src=\"http://image.enfunly.com/upload/ueditor/image/20181211/1544529115492015243.jpg\" style=\"\" title=\"7335542107827749\"/></p><p><span style=\"font-size: 24px; color: rgb(192, 80, 77);\"><br/></span><br/></p>',1,'给我们一份信任，我们就还你一份真诚！','http://image.enfunly.com/upload/shgoods/201812111544508280744_8673.jpg','d8f0329e3e2844aebf6ef06f6dc42e57'),(165,'2018-12-17 15:42:52',1,'2019-01-03 11:44:16','冬令营--猎鹰计划','1ebe16cc5a3e410092d42ff61a715552',64,NULL,1,0,0,1,0,1,1,1,'688.00','880.00','http://image.enfunly.com/upload/shgoods/201812201545302914569_7154.jpg',2,15,2,3,'<p style=\"text-align: center;\"><span style=\"font-size: 20px;\">每到放长假时，家长最头大的事情就来了：</span></p><p style=\"text-align: center;\"><span style=\"font-size: 20px;\"><img src=\"http://image.enfunly.com/upload/ueditor/image/20181220/1545303174740056881.jpg\" title=\"15023317798274616\" alt=\"微信图片_20181220185222.jpg\"/></span></p><p style=\"text-align: center;\"><span style=\"font-size: 20px;\"><img src=\"http://image.enfunly.com/upload/ueditor/image/20181220/1545303208392032186.jpg\" title=\"9091465200009237\" alt=\"微信图片_20181220185228.jpg\"/></span></p><p style=\"text-align: center;\"><span style=\"font-size: 20px; color: rgb(255, 0, 0);\">孩子每天玩手机；打游戏，看电视剧</span></p><p style=\"text-align: center;\"><span style=\"font-size: 20px; color: rgb(255, 0, 0);\"></span></p><p style=\"text-align: center;\"><img src=\"http://image.enfunly.com/upload/ueditor/image/20181220/1545305643048086304.jpg\" style=\"\" title=\"9471516644895528\"/></p><p style=\"text-align: center;\"><img src=\"http://image.enfunly.com/upload/ueditor/image/20181220/1545305643038022713.jpg\" style=\"\" title=\"9297263657821548\"/></p><p style=\"text-align: center;\"><img src=\"http://image.enfunly.com/upload/ueditor/image/20181220/1545305643122047339.jpg\" style=\"\" title=\"34539537042174607\"/></p><p style=\"text-align: center;\"><span style=\"font-size: 20px; color: rgb(255, 0, 0);\"><br/></span><br/></p><p style=\"text-align: center;\"><span style=\"font-size: 20px; color: rgb(255, 0, 0);\"><br/></span></p><p style=\"text-align: center;\"><span style=\"font-size: 20px; color: rgb(255, 0, 0);\"><br/></span></p><p style=\"text-align: center;\"><span style=\"font-size: 20px; color: rgb(0, 176, 80);\">是的每个孩子都一样的，不比过去的小朋友，玩泥巴都能玩出不同的花样来！</span></p><p style=\"text-align: center;\"><span style=\"font-size: 20px; color: rgb(192, 0, 0);\">这只能说社会的进步，切忘了孩子们童真的世界，造成孩子们的生活范围越来越小。</span></p><p style=\"text-align: center;\"><span style=\"font-size: 20px; color: rgb(31, 73, 125);\">为此，我们专门为孩子们策划了一套能玩，又能交朋友，重点是还能学到课堂上所学不到的冬令营之我是特战队的产品</span></p><p style=\"text-align: center;\"><span style=\"font-size: 20px; color: rgb(31, 73, 125);\">我们先来回顾今年的夏令营----雏鹰特训营</span></p><p style=\"text-align: center;\"><span style=\"font-size: 20px; color: rgb(31, 73, 125);\"><img src=\"http://image.enfunly.com/upload/ueditor/image/20181220/1545302966991093053.jpg\" title=\"926312584547774\" alt=\"微信图片_20181215132825_副本.jpg\"/></span></p><p><br/></p><p style=\"text-align: center;\"><br/></p><p style=\"text-align: center;\"><img src=\"http://image.enfunly.com/upload/ueditor/image/20181217/1545035238491075148.jpg\" title=\"11511199355249369\" alt=\"微信图片_20181210113427_副本.jpg\"/></p><p style=\"text-align: center;\"><img src=\"http://image.enfunly.com/upload/ueditor/image/20181217/1545032160730008065.jpg\" title=\"377184226788986\"/></p><p style=\"text-align: center;\"><img src=\"http://image.enfunly.com/upload/ueditor/image/20181217/1545034337267081423.jpg\" title=\"4833221438952002\" alt=\"微信图片_20181217140617.jpg\"/></p><p><br/></p><p><br/></p><p><br/></p><p style=\"text-align: center;\"><br/></p><p><br/></p><p><br/></p><p style=\"text-align: center;\"><img src=\"http://image.enfunly.com/upload/ueditor/image/20181217/1545037925472090257.jpg\" title=\"4867331355242599\" alt=\"微信图片_20181211152852.jpg\"/></p><p><br/></p><p style=\"text-align: center;\"><span style=\"font-size: 24px; color: rgb(255, 0, 0);\">是不是很帅，当然这只是看到的表面，</span></p><p style=\"text-align: center;\"><span style=\"font-size: 24px; color: rgb(255, 0, 0);\">重点的是他们确实变的懂事了！</span></p><p style=\"text-align: center;\"><img src=\"http://image.enfunly.com/upload/ueditor/image/20181217/1545032164046053194.jpg\" title=\"19739239630175564\" alt=\"initpintu_副本.jpg\"/></p><p style=\"text-align: center;\"><span style=\"font-size: 24px; color: rgb(112, 48, 160);\">曾是衣来伸手饭来张口的一个宝，如今把劳动当成是光荣的责任，</span></p><p><br/></p><p style=\"text-align: center;\"><span style=\"color: rgb(255, 0, 0); font-size: 24px;\">酷出有型，重点的是他们确实变的懂事了！</span><br/></p><p style=\"text-align: center;\"><img src=\"http://image.enfunly.com/upload/ueditor/image/20181217/1545034764676023712.jpg\" title=\"7640156352341856\" alt=\"微信图片_20181217161856.jpg\"/></p><p style=\"text-align: center;\"><span style=\"font-size: 24px;\"><img src=\"http://image.enfunly.com/upload/ueditor/image/20181217/1545034795187022377.jpg\" title=\"31189100877791097\" alt=\"微信图片_20181217161900.jpg\"/></span></p><p style=\"text-align: center;\"><span style=\"font-size: 24px;\">我们再往下回忆：他们不是在做秀，</span></p><p style=\"text-align: center;\"><span style=\"font-size: 24px;\">几天的时间他们成为合格的小战士，不再是你心目中长不大的娃！</span></p><p style=\"text-align: center;\"><img src=\"http://image.enfunly.com/upload/ueditor/image/20181217/1545032166082039665.jpg\" title=\"34318863805853825\" alt=\"initpintu_副本.jpg\"/></p><p><br/></p><p style=\"text-align: center;\"><span style=\"font-size: 24px;\">再看结营一的幕</span></p><p style=\"text-align: center;\"><img src=\"http://image.enfunly.com/upload/ueditor/image/20181217/1545032166920065778.jpg\" title=\"4620475557782711\" alt=\"微信图片_20181217142027.jpg\"/></p><p style=\"text-align: center;\"><img src=\"http://image.enfunly.com/upload/ueditor/image/20181217/1545032168270074689.jpg\" title=\"18851693025923444\" alt=\"微信图片_20181217142022.jpg\"/></p><p><br/></p><p style=\"text-align: center;\"><span style=\"color: rgb(0, 112, 192); font-size: 24px;\">几天下来。他们早成为了“同生共死”的战友，学校能给他们培养这样的情感吗？</span></p><p style=\"text-align: center;\"><img src=\"http://image.enfunly.com/upload/ueditor/image/20181217/1545032169510007102.png\" title=\"16293808099997354\" alt=\"未命名.png\"/></p><p><br/></p><p style=\"text-align: center;\"><span style=\"font-size: 24px;\">不舍之情源于：对战友不舍；对生活过的营房不舍，对教官的不舍</span></p><p style=\"text-align: center;\"><span style=\"font-size: 24px; color: rgb(255, 0, 0);\">这就是成长，这是就他们天性！</span></p><p style=\"text-align: center;\"><span style=\"font-size: 24px; color: rgb(0, 176, 80);\">放飞孩子的心灵，归属他们的童年</span>！</p><p><br/></p><p style=\"text-align: center;\"><span style=\"font-size: 36px; color: rgb(255, 0, 0); background-color: rgb(146, 208, 80);\">雏鹰计划三日营</span></p><p style=\"text-align: center;\"><span style=\"font-size: 24px; color: rgb(255, 0, 0); background-color: rgb(146, 208, 80);\"><br/></span></p><p style=\"text-align: center;\"><span style=\"font-size: 24px; color: rgb(0, 112, 192); background-color: rgb(255, 255, 255);\">全营区监控覆盖，家长可随时打开看到自己孩子成长过程</span></p><p style=\"text-align: center;\"><br/></p><p><br/></p><p><img src=\"http://image.enfunly.com/upload/ueditor/image/20181227/1545897745603078404.jpg\" title=\"22675953605878053\" alt=\"3-1.jpg\"/></p><p><img src=\"http://image.enfunly.com/upload/ueditor/image/20181227/1545897799076048657.jpg\" title=\"1528032492520326\" alt=\"3-2.jpg\"/></p><p><img src=\"http://image.enfunly.com/upload/ueditor/image/20181227/1545897875246017285.jpg\" title=\"3733145134782613\" alt=\"3-3.jpg\"/></p><p><br/></p><p><img src=\"http://image.enfunly.com/upload/ueditor/image/20181227/1545897921525068942.jpg\" title=\"990502732003118\" alt=\"3-4.jpg\"/></p><p><img src=\"http://image.enfunly.com/upload/ueditor/image/20181227/1545897963376001588.jpg\" title=\"8427735575405102\" alt=\"3-5.jpg\"/></p><p><img src=\"http://image.enfunly.com/upload/ueditor/image/20181227/1545897991862072794.jpg\" title=\"5511598861818953\" alt=\"3-6.jpg\"/></p><p><br/></p><p><br/></p><p><br/></p><p><br/></p><p><br/></p><p><br/></p><p><br/></p><p><br/></p><p><br/></p><p><br/></p><p><br/></p><p><br/></p><p><br/></p><p><br/></p><p><br/></p><p><br/></p><p style=\"text-align: center;\"><span style=\"font-size: 24px; color: rgb(255, 0, 0); background-color: rgb(146, 208, 80);\">开营日期</span></p><p style=\"text-align: center;\"><span style=\"font-size: 24px; color: rgb(255, 0, 0); background-color: rgb(146, 208, 80);\">2019年元月26日--28日</span></p><p style=\"text-align: center;\"><span style=\"font-size: 24px; color: rgb(255, 0, 0); background-color: rgb(146, 208, 80);\">2019年2月28日--30日</span></p><p style=\"text-align: center;\"><span style=\"font-size: 24px; color: rgb(255, 0, 0); background-color: rgb(146, 208, 80);\">2019年2月9日--11日</span></p><p><br/></p><p style=\"text-align: center;\"><span style=\"font-size: 24px; color: rgb(0, 0, 0); background-color: rgb(146, 208, 80);\">开营地址：</span><span style=\"font-size: 24px; color: rgb(255, 0, 0); background-color: rgb(146, 208, 80);\">凤凰仙都军旅俱乐部<span style=\"font-size: 24px; color: rgb(255, 0, 0); background-color: rgb(255, 255, 255);\"></span></span></p>',500,'放飞孩子的心灵，放心的让孩子自由飞翔；\n勿再抹杀简有的童真；归属他们的童年！','http://image.enfunly.com/upload/shgoods/201812171545032491922_9283.jpg','d8f0329e3e2844aebf6ef06f6dc42e57'),(166,'2018-12-17 18:59:43',1,'2018-12-24 19:47:08','我和家人有个约会','db9466dfeb1c4c4d92db9387e7431843',33,NULL,1,0,0,1,0,1,1,1,'138.00','0.00','http://image.enfunly.com/upload/shgoods/201812171545045970495_4458.jpg',1,500,2,3,'<p style=\"text-align: center;\">大手牵小手<br/></p><p style=\"text-align: center;\"><img src=\"http://image.enfunly.com/upload/ueditor/image/20181217/1545041267289066948.jpg\" title=\"487307729591605\" alt=\"13478877_090858193602_2_副本.jpg\" width=\"536\" height=\"311\" style=\"width: 536px; height: 311px;\"/></p><p style=\"text-align: center;\"><img src=\"http://image.enfunly.com/upload/ueditor/image/20181224/1545651747727022270.jpg\" title=\"16750398841198366\" alt=\"微信图片_20181224194142.jpg\"/></p><p><img src=\"http://image.enfunly.com/upload/ueditor/image/20181224/1545651810715021432.jpg\" title=\"6494187054809465\" alt=\"微信图片_20181224194256.jpg\"/></p><p><img src=\"http://image.enfunly.com/upload/ueditor/image/20181224/1545651876634067538.jpg\" title=\"5884345384282768\" alt=\"33.jpg\"/></p><p><img src=\"http://image.enfunly.com/upload/ueditor/image/20181224/1545651931762043474.jpg\" title=\"5709131811578421\" alt=\"44.jpg\"/></p><p><img src=\"http://image.enfunly.com/upload/ueditor/image/20181224/1545651988778000226.jpg\" title=\"34607473352931406\" alt=\"55.jpg\"/></p><p><br/></p><p><br/></p><p><br/></p><p><br/></p><p><br/></p><p><br/></p><p><br/></p><p><br/></p><p><br/></p><p><br/></p><p><br/></p><p><br/></p><p><br/></p><p><br/></p><p><br/></p><p><br/></p><p><br/></p><p style=\"text-align: center;\"><br/></p><p style=\"text-align: center;\"><img src=\"http://image.enfunly.com/upload/ueditor/image/20181217/1545042849096084212.jpg\" title=\"11301531723504388\" alt=\"微信图片_20181217183343.jpg\"/></p><p style=\"text-align: center;\"><br/></p><p style=\"text-align: center;\"><br/></p><p style=\"text-align: center;\"><br/></p><p style=\"text-align: center;\"><br/></p><p style=\"text-align: center;\"><br/></p><p style=\"text-align: center;\"><span style=\"color: rgb(255, 0, 0);\">活动日期：每周六 &nbsp;日<br/></span></p><p style=\"text-align: center;\"><span style=\"color: rgb(255, 0, 0);\">活动地点：凤凰仙都军旅俱乐部</span></p><p style=\"text-align: center;\"><span style=\"color: rgb(255, 0, 0);\">活动集合时间：9:30</span></p><p style=\"text-align: center;\"><br/></p><p style=\"text-align: center;\"><span style=\"color: rgb(0, 176, 80);\">加入工作人员</span></p><p style=\"text-align: center;\"><span style=\"color: rgb(0, 176, 80);\">由我们购买保险</span></p>',1000,'大手牵小手大爱无疆，亲子一天军旅体验营！\n购买产品后请联系工作人员购买保险！\n一大一小138元/份，每票限加一人补60元','http://image.enfunly.com/upload/shgoods/201812171545045960821_0406.jpg','d8f0329e3e2844aebf6ef06f6dc42e57'),(167,'2018-12-19 17:28:30',1,'2019-01-05 20:18:29','真人CS正规赛','c4a6dfa85e6d48e1850b4e8e4d27cadb',37,NULL,1,0,0,1,0,1,1,1,'9.00','60.00','http://image.enfunly.com/upload/shgoods/201812191545204521177_9615.jpg',4,69,2,3,'<p style=\"text-align: center;\">玩一场真正无老赖的真人刺激战场<br/></p><p style=\"text-align: center;\">还有机会被列入比赛圈</p><p style=\"text-align: center;\"><strong>丰厚奖金等你来拿</strong></p><p style=\"text-align: center;\"><br/></p><p><img src=\"http://image.enfunly.com/upload/ueditor/image/20181220/1545277529998014009.gif\" title=\"3722610679840287\" alt=\"111112_副本.gif\"/></p><p><br/></p><p><img src=\"http://image.enfunly.com/upload/ueditor/image/20181220/1545277538097008447.jpg\" title=\"7159515999237678\" alt=\"微信图片_20181219154636.jpg\"/><br/></p><p style=\"text-align: center;\"><img src=\"http://image.enfunly.com//upload/ueditor/image/20190105/1546688569358075788.jpg\" title=\"757254732058986\" alt=\"s1.jpg\"/></p><p><br/></p><p><img src=\"http://image.enfunly.com//upload/ueditor/image/20190105/1546688597760065377.jpg\" title=\"9536678750804074\" alt=\"s2.jpg\"/></p><p><img src=\"http://image.enfunly.com//upload/ueditor/image/20190105/1546689094986039556.jpg\" title=\"67763167288349705\" alt=\"s3.jpg\"/></p><p><video class=\"edui-upload-video  vjs-default-skin video-js\" controls=\"\" preload=\"none\" width=\"420\" height=\"280\" src=\"http://image.enfunly.com//upload/ueditor/video/20190105/1546690676285046705.mp4\" data-setup=\"{}\"></video></p><p><span style=\"color: rgb(255, 0, 0);\">过五关斩六将，谁是英雄战场上比高低！</span></p><p><img src=\"http://image.enfunly.com/upload/ueditor/image/20181220/1545277541485070759.jpg\" title=\"9465946790664137\" alt=\"微信图片_20181219173501.jpg\"/></p><p><br/></p><p>成为年会员120元/人，无限进场练习提供枪和弹3000发；</p><p>俱乐部每周发布一场会员练习赛，10人以上成团；个人也可以自己主建团练习赛；会员除外其他人按正常收费</p><p><br/></p><p style=\"text-align: center;\"><strong>会员练习现场</strong></p><p><img src=\"http://image.enfunly.com/upload/ueditor/image/20181220/1545277541780087200.jpg\" title=\"5690002582231688\" alt=\"微信图片_20181219173455.jpg\"/></p><p><img src=\"http://image.enfunly.com/upload/ueditor/image/20181220/1545277546863028235.jpg\" style=\"\" title=\"8410430860721894\"/></p><p><img src=\"http://image.enfunly.com/upload/ueditor/image/20181220/1545277548493034471.jpg\" style=\"\" title=\"3848040251782313\"/></p><p><img src=\"http://image.enfunly.com/upload/ueditor/image/20181220/1545277552589008451.jpg\" style=\"\" title=\"55134618484959\"/></p><p><img src=\"http://image.enfunly.com/upload/ueditor/image/20181220/1545277553104038046.jpg\" style=\"\" title=\"64615413363275175\"/></p><p style=\"text-align: center;\"><span style=\"color: rgb(255, 0, 0);\">更多练习教官在等你</span></p><p><br/></p><p><br/></p>',500,'9元就能参加预赛 最超值的体验；预想不到的奖金！\n过五关斩六将  谁是英雄战场见   丰厚奖金等你来拿\n','http://image.enfunly.com/upload/shgoods/201812191545204538347_2282.jpg','d8f0329e3e2844aebf6ef06f6dc42e57'),(168,'2018-12-20 15:44:16',1,'2018-12-25 16:34:03','单项产品','63b19bc6622d485b862fae67c7d443f4',66,NULL,1,0,0,1,0,1,1,1,'0.01','0.10','http://image.enfunly.com/upload/shgoods/201812201545291816384_9676.jpg',1,13,2,3,'<p><video class=\"edui-upload-video  vjs-default-skin video-js\" controls=\"\" preload=\"none\" width=\"420\" height=\"280\" src=\"http://image.enfunly.com/upload/ueditor/video/20181225/1545726817683036748.mp4\" data-setup=\"{}\"></video></p><p style=\"text-align: center;\"><strong>户外烧烤</strong></p><p style=\"text-align: center;\"><strong><img src=\"http://image.enfunly.com/upload/ueditor/image/20181220/1545290819209041830.jpg\" style=\"\" title=\"7789239210728284\"/></strong></p><p style=\"text-align: center;\"><strong><img src=\"http://image.enfunly.com/upload/ueditor/image/20181220/1545290819285012047.jpg\" style=\"\" title=\"869930599073309\"/></strong></p><p style=\"text-align: center;\"><strong><img src=\"http://image.enfunly.com/upload/ueditor/image/20181220/1545290863620231131.jpg\" title=\"5745884245921899\" alt=\"微信图片_20181217182520_副本.jpg\"/></strong></p><p style=\"text-align: center;\"><strong>穿越丛林</strong></p><p style=\"text-align: center;\"><strong><img src=\"http://image.enfunly.com/upload/ueditor/image/20181220/1545290908569081023.jpg\" title=\"7787705759238961\" alt=\"微信图片_20181220140118.jpg\"/></strong></p><p style=\"text-align: center;\"><strong>真人CS</strong></p><p style=\"text-align: center;\"><strong><img src=\"http://image.enfunly.com/upload/ueditor/image/20181220/1545290980016099839.jpg\" style=\"\" title=\"4761720838992039\"/></strong></p><p style=\"text-align: center;\"><strong><img src=\"http://image.enfunly.com/upload/ueditor/image/20181220/1545290984648094757.jpg\" style=\"\" title=\"237759519295312\"/></strong></p><p style=\"text-align: center;\"><strong><img src=\"http://image.enfunly.com/upload/ueditor/image/20181220/1545291041972069004.jpg\" style=\"\" title=\"8090857724277456\"/></strong></p><p style=\"text-align: center;\"><strong><img src=\"http://image.enfunly.com/upload/ueditor/image/20181220/1545291042671075622.jpg\" style=\"\" title=\"7052018073972788\"/></strong></p><p style=\"text-align: center;\"><strong><img src=\"http://image.enfunly.com/upload/ueditor/image/20181220/1545291042321060085.jpg\" style=\"\" title=\"34175718368807316\"/></strong></p><p style=\"text-align: center;\"><strong><img src=\"http://image.enfunly.com/upload/ueditor/image/20181220/1545291042471098236.jpg\" style=\"\" title=\"14280915520413096\"/></strong></p><p style=\"text-align: center;\"><strong>丛林茶吧</strong></p><p style=\"text-align: center;\"><strong><img src=\"http://image.enfunly.com/upload/ueditor/image/20181220/1545291105760012599.jpg\" style=\"\" title=\"70400380782485\"/></strong></p><p style=\"text-align: center;\"><strong><img src=\"http://image.enfunly.com/upload/ueditor/image/20181220/1545291106283039873.jpg\" style=\"\" title=\"24691618520237334\"/></strong></p><p style=\"text-align: center;\"><strong><img src=\"http://image.enfunly.com/upload/ueditor/image/20181220/1545291106585063721.jpg\" style=\"\" title=\"9376223793220131\"/></strong></p><p style=\"text-align: center;\"><strong>户外大灶饭</strong></p><p style=\"text-align: center;\"><strong><img src=\"http://image.enfunly.com/upload/ueditor/image/20181220/1545291213919032130.jpg\" style=\"\" title=\"8548872082689199\"/></strong></p><p style=\"text-align: center;\"><strong><img src=\"http://image.enfunly.com/upload/ueditor/image/20181220/1545291214060023878.jpg\" style=\"\" title=\"4091672872410769\"/></strong></p><p style=\"text-align: center;\"><strong>捞鱼<br/></strong></p><p style=\"text-align: center;\"><strong><img src=\"http://image.enfunly.com/upload/ueditor/image/20181220/1545291343825041959.jpg\" style=\"\" title=\"21356205153700025\"/></strong></p><p style=\"text-align: center;\"><strong><img src=\"http://image.enfunly.com/upload/ueditor/image/20181220/1545291343813080014.jpg\" style=\"\" title=\"26529282655694074\"/></strong></p><p style=\"text-align: center;\"><strong><img src=\"http://image.enfunly.com/upload/ueditor/image/20181220/1545291343893045607.jpg\" style=\"\" title=\"78034263663713655\"/></strong></p><p style=\"text-align: center;\"><strong>小花农<br/></strong></p><p style=\"text-align: center;\"><strong><img src=\"http://image.enfunly.com/upload/ueditor/image/20181220/1545291390265033292.jpg\" style=\"\" title=\"8591971644765243\"/></strong></p><p style=\"text-align: center;\"><strong><img src=\"http://image.enfunly.com/upload/ueditor/image/20181220/1545291390203003467.jpg\" style=\"\" title=\"14369052454917796\"/></strong></p><p style=\"text-align: center;\"><strong>喂鱼<br/></strong></p><p style=\"text-align: center;\"><strong><img src=\"http://image.enfunly.com/upload/ueditor/image/20181220/1545291440732021924.jpg\" title=\"40646782437008565\" alt=\"微信图片_20181220135218.jpg\"/></strong></p><p style=\"text-align: center;\"><strong><img src=\"http://image.enfunly.com/upload/ueditor/image/20181220/1545291477569046762.jpg\" title=\"4195434092858317\" alt=\"微信图片_20181220151742.jpg\"/></strong></p><p style=\"text-align: center;\"><strong>综合打靶练习</strong></p><p><br/></p><p style=\"text-align: center;\"><strong><img src=\"http://image.enfunly.com/upload/ueditor/image/20181220/1545291586517580098.jpg\" style=\"\" title=\"4234271851327684\"/></strong></p><p style=\"text-align: center;\"><strong><img src=\"http://image.enfunly.com/upload/ueditor/image/20181220/1545291586790010012.jpg\" style=\"\" title=\"80105939225525\"/></strong></p><p style=\"text-align: center;\"><strong><img src=\"http://image.enfunly.com/upload/ueditor/image/20181220/1545291587233018119.jpg\" style=\"\" title=\"5503514976681165\"/></strong></p><p style=\"text-align: center;\"><strong><img src=\"http://image.enfunly.com/upload/ueditor/image/20181220/1545291684422045966.jpg\" title=\"13662639045664505\" alt=\"微信图片_20181220142900.jpg\"/></strong></p><p><br/></p><p><br/></p>',11,'凤凰仙都军旅俱乐部配套单品项目','undefined','d8f0329e3e2844aebf6ef06f6dc42e57'),(169,'2018-12-23 09:12:23',1,'2018-12-23 09:12:23','测试视频产品','04f8de31032f4d8caf1715fc6ee871ae',39,NULL,1,1,0,1,0,1,1,1,'0.00','0.00','http://image.enfunly.com/upload/shgoods/201812231545527457279_4223.jpg',1,0,2,3,'<p><video class=\"edui-upload-video  vjs-default-skin video-js\" controls=\"\" preload=\"none\" width=\"420\" height=\"280\" src=\"http://image.enfunly.com/upload/ueditor/video/20181223/1545527511054016976.mp4\" data-setup=\"{}\"></video></p>',0,'测试视频','http://image.enfunly.com/upload/shgoods/201812231545527462406_9439.jpg','d8f0329e3e2844aebf6ef06f6dc42e57'),(170,'2018-12-23 17:03:14',1,'2018-12-25 13:39:57','猎鹰五日营','cc43c774e9484ef5b4ff77bc17c463ed',64,NULL,1,0,0,1,0,1,1,1,'998.00','1380.00','http://image.enfunly.com/upload/shgoods/201812231545555726686_2425.jpg',5,20,2,3,'<p style=\"text-align: center;\"><img src=\"http://image.enfunly.com/upload/ueditor/image/20181225/1545716330962080461.jpg\" title=\"1840910713792776\" alt=\"微信图片_20181224124552.jpg\"/></p><p><br/></p><p style=\"text-align: center;\"><img src=\"http://image.enfunly.com/upload/ueditor/image/20181225/1545716335275033350.jpg\" title=\"461882537788764\" alt=\"微信图片_20181224124703.jpg\"/></p><p><br/></p><p><br/></p><p style=\"text-align: center;\"><img src=\"http://image.enfunly.com/upload/ueditor/image/20181225/1545716340127018501.jpg\" title=\"7003725484408662\" alt=\"微信图片_20181224124741.jpg\"/></p><p><br/></p><p style=\"text-align: center;\"><img src=\"http://image.enfunly.com/upload/ueditor/image/20181225/1545716343747045573.jpg\" title=\"4159513025426177\" alt=\"微信图片_20181224124814.jpg\"/></p><p style=\"text-align: center;\"><img src=\"http://image.enfunly.com/upload/ueditor/image/20181225/1545716347696090199.jpg\" title=\"55484554208154705\" alt=\"微信图片_20181224125012.jpg\"/></p><p><br/></p><p><br/></p><p><br/></p><p><br/></p><p><br/></p><p><br/></p><p style=\"text-align: center;\"><br/></p><p style=\"text-align: center;\"><br/></p><p style=\"text-align: center;\"><img src=\"http://image.enfunly.com/upload/ueditor/image/20181225/1545716353690057167.jpg\" title=\"1812923058745064\" alt=\"微信图片_20181223165533.jpg\"/><br/></p><p><br/></p><p style=\"text-align: center;\"><img src=\"http://image.enfunly.com/upload/ueditor/image/20181225/1545716353972052462.jpg\" title=\"9432828237126907\" alt=\"微信图片_20181224125053.jpg\"/></p><p><br/></p><p><span style=\"font-size: 20px; color: rgb(255, 0, 0);\">2019年冬令营正式启航</span></p><p><span style=\"font-size: 20px; color: rgb(255, 0, 0);\">有你陪伴今年寒冬不再冷</span></p><p><span style=\"font-size: 20px; color: rgb(255, 0, 0);\">开营时间2019年元月24日--元月28日</span></p><p><br/></p><p><br/></p><p><br/></p><p><br/></p><p><br/></p><p><br/></p><p><br/></p><p><br/></p><p><br/></p><p><br/></p><p><br/></p><p><br/></p><p><br/></p><p><br/></p><p><br/></p><p><br/></p><p><br/></p><p><br/></p><p><br/></p>',1000,'2019年冬令营正式启航\n有你陪伴今年寒冬不再冷\n开营时间2019年元月24日--元月28日','http://image.enfunly.com/upload/shgoods/201812231545555743623_7902.jpg','d8f0329e3e2844aebf6ef06f6dc42e57'),(171,'2018-12-24 11:52:37',1,'2018-12-24 11:52:37','123','e7a7c789d8fa4da7902c9b0ffbc98de6',64,NULL,1,1,0,1,0,1,1,1,'0.00','0.00','http://image.enfunly.com/upload/shgoods/201812241545623545870_6203.jpg',1,1,2,3,'<p><a href=\"https://drive.wps.cn/view/l/s0krwy0\" target=\"_self\" title=\"冬令营\">军旅题材</a></p>',10,'123','http://image.enfunly.com/upload/shgoods/201812241545623550149_1018.jpg','d8f0329e3e2844aebf6ef06f6dc42e57'),(172,'2018-12-25 17:41:02',1,'2019-01-03 11:44:46','家庭套票---热抢','e8d94c00567844218d156aa9db59bd08',33,NULL,1,0,0,1,0,1,1,1,'132.00','188.00','http://image.enfunly.com/upload/shgoods/201812251545731466346_7649.gif',2,12,2,3,'<p><br/></p><p style=\"text-align: center;\"><img src=\"http://image.enfunly.com/upload/ueditor/image/20181225/1545727910374061970.gif\" title=\"9740434945684287\" alt=\"未命名_副本.gif\"/></p><p style=\"text-align: center;\"><img src=\"http://image.enfunly.com/upload/ueditor/image/20181225/1545727999484058509.gif\" title=\"8540414161082144\" alt=\"16329563-0a8ba6ec95235286e348bcd50760dc87-1_副本_副本.gif\"/></p><p style=\"text-align: center;\"><img src=\"http://image.enfunly.com/upload/ueditor/image/20181225/1545728445771086400.gif\" title=\"24975680978862047\" alt=\"未命名_副本_副本.gif\"/></p><p style=\"text-align: center;\"><img src=\"http://image.enfunly.com/upload/ueditor/image/20181225/1545728485116071446.jpg\" title=\"5751455231840038\" alt=\"微信图片_20181225131632_副本.jpg\" width=\"597\" height=\"354\" style=\"width: 597px; height: 354px;\"/></p><p style=\"text-align: center;\"><img src=\"http://image.enfunly.com/upload/ueditor/image/20181225/1545729158524017066.jpg\" title=\"2645067867499117\" alt=\"initpintu_副本.jpg\"/></p><p style=\"text-align: center;\"><img src=\"http://image.enfunly.com/upload/ueditor/image/20181225/1545729558347052212.gif\" title=\"8557928849617454\" alt=\"微信图片_20181209134214_副本.gif\"/></p><p style=\"text-align: center;\"><img src=\"http://image.enfunly.com/upload/ueditor/image/20181225/1545730064653063706.jpg\" title=\"5646344663355407\" alt=\"微信图片_20181210104733_副本.jpg\"/></p><p style=\"text-align: center;\"><img src=\"http://image.enfunly.com/upload/ueditor/image/20181225/1545730145359038603.jpg\" title=\"22325926240365966\" alt=\"微信图片_20181210104806.jpg\"/></p><p><br/></p><p style=\"text-align: center;\"><img src=\"http://image.enfunly.com/upload/ueditor/image/20181225/1545730330869035073.jpg\" title=\"6459559215357216\" alt=\"13478877_090858193602_2_副本_副本.jpg\"/></p><p style=\"text-align: center;\"><img src=\"http://image.enfunly.com/upload/ueditor/image/20181225/1545730801745025676.gif\" title=\"2735945589855435\" alt=\"未命名_副本.gif\"/></p><p><br/></p><p><br/></p><p><br/></p><p><br/></p><p><br/></p><p><br/></p><p><br/></p><p><br/></p>',1000,'亲子家庭套票：\n林间茶吧+烧烤+真人CS体验赛+小花农+手工制作\n团购票：88元/（两大一小）\n限票三天  抢 ！抢  ！抢 ！','http://image.enfunly.com/upload/shgoods/201812251545731434194_6980.gif','d8f0329e3e2844aebf6ef06f6dc42e57'),(173,'2018-12-25 18:27:08',1,'2018-12-25 18:29:47','家庭套票---热抢','fdca1da858544d2abb7a4e661035a8c2',33,NULL,1,1,0,1,0,1,1,1,'66.00','132.00','http://image.enfunly.com/upload/shgoods/201812251545725715334_0869.gif',2,12,2,3,'<p><br/></p><p style=\"text-align: center;\"><img src=\"http://image.enfunly.com/upload/ueditor/image/20181225/1545727910374061970.gif\" title=\"9740434945684287\" alt=\"未命名_副本.gif\"/></p><p style=\"text-align: center;\"><img src=\"http://image.enfunly.com/upload/ueditor/image/20181225/1545727999484058509.gif\" title=\"8540414161082144\" alt=\"16329563-0a8ba6ec95235286e348bcd50760dc87-1_副本_副本.gif\" width=\"549\" height=\"347\" style=\"width: 549px; height: 347px;\"/></p><p style=\"text-align: center;\"><img src=\"http://image.enfunly.com/upload/ueditor/image/20181225/1545728445771086400.gif\" title=\"24975680978862047\" alt=\"未命名_副本_副本.gif\"/></p><p style=\"text-align: center;\"><img src=\"http://image.enfunly.com/upload/ueditor/image/20181225/1545728485116071446.jpg\" title=\"5751455231840038\" alt=\"微信图片_20181225131632_副本.jpg\" width=\"597\" height=\"354\" style=\"width: 597px; height: 354px;\"/></p><p style=\"text-align: center;\"><img src=\"http://image.enfunly.com/upload/ueditor/image/20181225/1545729158524017066.jpg\" title=\"2645067867499117\" alt=\"initpintu_副本.jpg\"/></p><p style=\"text-align: center;\"><img src=\"http://image.enfunly.com/upload/ueditor/image/20181225/1545729558347052212.gif\" title=\"8557928849617454\" alt=\"微信图片_20181209134214_副本.gif\"/></p><p style=\"text-align: center;\"><img src=\"http://image.enfunly.com/upload/ueditor/image/20181225/1545730064653063706.jpg\" title=\"5646344663355407\" alt=\"微信图片_20181210104733_副本.jpg\"/></p><p style=\"text-align: center;\"><img src=\"http://image.enfunly.com/upload/ueditor/image/20181225/1545730145359038603.jpg\" title=\"22325926240365966\" alt=\"微信图片_20181210104806.jpg\"/></p><p><br/></p><p style=\"text-align: center;\"><img src=\"http://image.enfunly.com/upload/ueditor/image/20181225/1545730330869035073.jpg\" title=\"6459559215357216\" alt=\"13478877_090858193602_2_副本_副本.jpg\"/></p><p style=\"text-align: center;\"><img src=\"http://image.enfunly.com/upload/ueditor/image/20181225/1545730801745025676.gif\" title=\"2735945589855435\" alt=\"未命名_副本.gif\"/></p><p><br/></p><p><br/></p><p><br/></p><p><br/></p><p><br/></p><p><br/></p><p><br/></p><p><br/></p>',1000,'亲子家庭套票：\n林间茶吧+烧烤+真人CS体验赛+小花农+手工制作\n团购票：88元/（两大一小）\n限票三天   抢 抢  抢','http://image.enfunly.com/upload/shgoods/201812251545730844330_9149.gif','d8f0329e3e2844aebf6ef06f6dc42e57'),(175,'2019-01-15 11:23:10',1,'2019-01-15 11:24:26','aga','50c84673c6524028a85d2e629bf25627',68,11,1,0,2,1,2,1,1,1,'1.00','1.00','http://venice-test-bucket.oss-cn-beijing.aliyuncs.com/20190115/fde7ac3053a74530bb69d4d843711218.jpg',2,1,2,3,'<p>fagaaa</p>',1,'aga','http://venice-test-bucket.oss-cn-beijing.aliyuncs.com/20190115/d32881e41eaa48d5a6231016287d8248.jpg','4afd59eac1084c999371d28d06534a75'),(176,'2019-01-15 11:30:50',1,'2019-01-15 11:30:50','22222','a918335e71e84538b8ab0711b7bfb60f',68,12,1,0,2,1,2,1,1,1,'1.00','1.00','http://venice-test-bucket.oss-cn-beijing.aliyuncs.com/20190115/ef285a0ccbee47148a7073858eae0501.jpg',2,1,2,3,'<p>2222</p>',1,'22222','http://venice-test-bucket.oss-cn-beijing.aliyuncs.com/20190115/11c094a1682c48609bc265f68f67dd82.jpg','4afd59eac1084c999371d28d06534a75');

/*Table structure for table `sh_goods_category` */

DROP TABLE IF EXISTS `sh_goods_category`;

CREATE TABLE `sh_goods_category` (
  `id` bigint(20) NOT NULL AUTO_INCREMENT COMMENT '主键ID',
  `create_time` datetime NOT NULL COMMENT '创建时间',
  `optlock` bigint(20) NOT NULL DEFAULT '1' COMMENT '乐观锁',
  `update_time` datetime NOT NULL COMMENT '修改时间',
  `name` varchar(90) DEFAULT NULL COMMENT '名字',
  `front_name` varchar(255) DEFAULT NULL COMMENT '前端名字',
  `front_desc` varchar(255) DEFAULT NULL COMMENT '前段名字描述',
  `level` varchar(255) DEFAULT NULL COMMENT '级别',
  `type` int(11) DEFAULT NULL COMMENT '类型(1:衣;2:食;3住;4:行)',
  `show_index` int(11) DEFAULT NULL COMMENT '首页展示排序',
  `is_show` int(11) DEFAULT NULL COMMENT '是否显示',
  `keywords` varchar(255) DEFAULT NULL COMMENT '关键字',
  `parent_id` bigint(11) DEFAULT NULL COMMENT '上级类型id',
  `sort_order` int(11) DEFAULT NULL COMMENT '排序',
  `banner_url` varchar(255) DEFAULT NULL COMMENT 'banner图片链接',
  `icon_url` varchar(255) DEFAULT NULL COMMENT 'icon图片链接',
  `img_url` varchar(255) DEFAULT NULL COMMENT 'img图片链接',
  `wap_banner_url` varchar(255) DEFAULT NULL COMMENT 'wap端banner图片链接',
  `appid` varchar(255) DEFAULT NULL,
  `is_show_channel` int(11) DEFAULT NULL COMMENT '是否显示在首页频道',
  PRIMARY KEY (`id`)
) ENGINE=InnoDB AUTO_INCREMENT=69 DEFAULT CHARSET=utf8mb4 COMMENT='导航';

/*Data for the table `sh_goods_category` */

insert  into `sh_goods_category`(`id`,`create_time`,`optlock`,`update_time`,`name`,`front_name`,`front_desc`,`level`,`type`,`show_index`,`is_show`,`keywords`,`parent_id`,`sort_order`,`banner_url`,`icon_url`,`img_url`,`wap_banner_url`,`appid`,`is_show_channel`) values (6,'2018-10-09 19:46:34',1,'2018-10-09 19:46:34','直筒裤','直筒裤','好看的直筒裤',NULL,NULL,1,1,NULL,17,1,'http://venice-test-bucket.oss-cn-beijing.aliyuncs.com/upload/goodsCate/201810091539085584562_0805.png','http://venice-test-bucket.oss-cn-beijing.aliyuncs.com/upload/goodsCate/201810091539085586100_0565.png','http://venice-test-bucket.oss-cn-beijing.aliyuncs.com/upload/goodsCate/201810091539085588466_7110.png',NULL,'d0cdaaaffb874843b66262ef56b0d759',0),(15,'2018-10-08 23:06:17',1,'2018-10-08 23:06:17','衣服','衣服','衣服',NULL,NULL,1,1,NULL,NULL,1,'http://venice-test-bucket.oss-cn-beijing.aliyuncs.com/upload/goodsCate/201810081539011163765_3379.png','http://venice-test-bucket.oss-cn-beijing.aliyuncs.com/upload/goodsCate/201810081539011166060_1306.png','http://venice-test-bucket.oss-cn-beijing.aliyuncs.com/upload/goodsCate/201810081539011168924_1334.png',NULL,'d0cdaaaffb874843b66262ef56b0d759',1),(16,'2018-10-09 19:46:34',1,'2018-10-09 19:46:34','风衣','风衣','风衣',NULL,NULL,1,1,NULL,15,1,'http://venice-test-bucket.oss-cn-beijing.aliyuncs.com/upload/goodsCate/201810091539085584562_0805.png','http://venice-test-bucket.oss-cn-beijing.aliyuncs.com/upload/goodsCate/201810091539085586100_0565.png','http://venice-test-bucket.oss-cn-beijing.aliyuncs.com/upload/goodsCate/201810091539085588466_7110.png',NULL,'d0cdaaaffb874843b66262ef56b0d759',1),(17,'2018-10-09 19:48:54',1,'2018-10-09 19:48:54','裤子','裤子','裤子',NULL,NULL,1,1,NULL,NULL,1,'http://venice-test-bucket.oss-cn-beijing.aliyuncs.com/upload/goodsCate/201810091539085728553_7763.png','http://venice-test-bucket.oss-cn-beijing.aliyuncs.com/upload/goodsCate/201810091539085730708_1971.png','http://venice-test-bucket.oss-cn-beijing.aliyuncs.com/upload/goodsCate/201810091539085732719_0934.png',NULL,'d0cdaaaffb874843b66262ef56b0d759',1),(19,'2018-10-09 19:52:39',1,'2018-10-09 19:52:39','喇叭库','喇叭库','喇叭库',NULL,NULL,1,1,NULL,17,1,'http://venice-test-bucket.oss-cn-beijing.aliyuncs.com/upload/goodsCate/201810091539085954309_1835.png','http://venice-test-bucket.oss-cn-beijing.aliyuncs.com/upload/goodsCate/201810091539085958281_0777.png','http://venice-test-bucket.oss-cn-beijing.aliyuncs.com/upload/goodsCate/201810091539085955875_9346.png',NULL,'d0cdaaaffb874843b66262ef56b0d759',1),(21,'2018-10-11 01:22:57',1,'2018-10-11 01:22:57','帽子','大帽子','绿色的帽子',NULL,NULL,1,1,NULL,NULL,1,'http://venice-test-bucket.oss-cn-beijing.aliyuncs.com/upload/goodsCate/201810111539192154448_7847.jpg','http://venice-test-bucket.oss-cn-beijing.aliyuncs.com/upload/goodsCate/201810111539192160446_1857.jpg','http://venice-test-bucket.oss-cn-beijing.aliyuncs.com/upload/goodsCate/201810111539192171114_5280.jpg',NULL,'d0cdaaaffb874843b66262ef56b0d759',1),(22,'2018-10-11 01:28:20',1,'2018-10-11 01:28:20','遮阳帽','绿色遮阳帽','好看的绿色遮阳帽',NULL,NULL,2,1,NULL,21,2,'http://venice-test-bucket.oss-cn-beijing.aliyuncs.com/upload/goodsCate/201810111539192453602_6717.jpg','http://venice-test-bucket.oss-cn-beijing.aliyuncs.com/upload/goodsCate/201810111539192471839_2071.jpg','http://venice-test-bucket.oss-cn-beijing.aliyuncs.com/upload/goodsCate/201810111539192485160_6340.jpg',NULL,'d0cdaaaffb874843b66262ef56b0d759',1),(23,'2018-10-16 20:09:37',1,'2018-10-16 20:09:37','衣服','衣服','美丽的衣服',NULL,NULL,1,1,NULL,NULL,1,'http://venice-test-bucket.oss-cn-beijing.aliyuncs.com/upload/goodsCate/201810161539691765187_5099.jpg','http://venice-test-bucket.oss-cn-beijing.aliyuncs.com/upload/goodsCate/201810161539691770384_6438.jpg','http://venice-test-bucket.oss-cn-beijing.aliyuncs.com/upload/goodsCate/201810161539691775593_9331.jpg',NULL,'9c7af37bb8a54e12be5afbe8e8bfd1b7',2),(24,'2018-10-16 20:10:14',1,'2018-10-16 20:10:14','衬衫','衬衫','美丽的衬衫',NULL,NULL,1,1,NULL,23,1,'http://venice-test-bucket.oss-cn-beijing.aliyuncs.com/upload/goodsCate/201810161539691803749_2976.jpg','http://venice-test-bucket.oss-cn-beijing.aliyuncs.com/upload/goodsCate/201810161539691808418_1870.jpg','http://venice-test-bucket.oss-cn-beijing.aliyuncs.com/upload/goodsCate/201810161539691812667_1278.jpg',NULL,'9c7af37bb8a54e12be5afbe8e8bfd1b7',2),(25,'2018-10-21 16:50:12',1,'2018-11-09 09:45:09','卡特','卡特','进口卡特',NULL,NULL,1,1,NULL,NULL,1,'http://venice-test-bucket.oss-cn-beijing.aliyuncs.com/upload/goodsCate/201810211540111768800_2683.jpg','http://venice-test-bucket.oss-cn-beijing.aliyuncs.com/upload/goodsCate/201810211540111771897_7710.jpg','http://venice-test-bucket.oss-cn-beijing.aliyuncs.com/upload/goodsCate/201810211540111810231_3736.jpg',NULL,'7a8aff06e0a441b58dab8ea17d9509f7',2),(26,'2018-10-21 16:51:23',1,'2018-10-21 16:51:23','履带','履带卡特','履带卡特挖掘机',NULL,NULL,2,1,NULL,25,2,'http://venice-test-bucket.oss-cn-beijing.aliyuncs.com/upload/goodsCate/201810211540111876328_1013.jpg','http://venice-test-bucket.oss-cn-beijing.aliyuncs.com/upload/goodsCate/201810211540111879295_1078.jpg','http://venice-test-bucket.oss-cn-beijing.aliyuncs.com/upload/goodsCate/201810211540111881949_4036.jpg',NULL,'7a8aff06e0a441b58dab8ea17d9509f7',2),(27,'2018-10-22 09:27:04',1,'2018-11-09 11:15:43','旅游路线','旅游路线','旅游路线',NULL,NULL,1,1,NULL,NULL,1,'http://venice-test-bucket.oss-cn-beijing.aliyuncs.com/upload/goodsCate/201810221540171604209_5042.jpg','http://venice-test-bucket.oss-cn-beijing.aliyuncs.com/upload/goodsCate/201810221540171619906_0375.png','http://venice-test-bucket.oss-cn-beijing.aliyuncs.com/upload/goodsCate/201810221540171622459_1614.jpg',NULL,'be2c510b1b5440dc8550c404031e6035',2),(28,'2018-10-22 09:27:38',1,'2018-10-22 09:27:38','门票销售','门票销售','门票销售',NULL,NULL,1,1,NULL,27,1,'http://venice-test-bucket.oss-cn-beijing.aliyuncs.com/upload/goodsCate/201810221540171648711_1461.jpg','http://venice-test-bucket.oss-cn-beijing.aliyuncs.com/upload/goodsCate/201810221540171653666_5671.png','http://venice-test-bucket.oss-cn-beijing.aliyuncs.com/upload/goodsCate/201810221540171656225_9080.jpg',NULL,'be2c510b1b5440dc8550c404031e6035',1),(29,'2018-10-26 10:32:38',1,'2018-10-26 10:44:14','汽车','Car','Hypercar',NULL,NULL,1,1,NULL,NULL,1,'http://venice-test-bucket.oss-cn-beijing.aliyuncs.com/upload/goodsCate/201810261540521128186_5195.jpg','http://venice-test-bucket.oss-cn-beijing.aliyuncs.com/upload/goodsCate/201810261540521143636_7781.jpg','http://venice-test-bucket.oss-cn-beijing.aliyuncs.com/upload/goodsCate/201810261540521156711_6337.jpg',NULL,'d3cd796be2e341039cf3b9e4c79a57aa',1),(30,'2018-10-26 10:39:18',1,'2018-10-26 10:39:18','轿车','豪华轿车','D级车',NULL,NULL,1,1,NULL,29,1,'http://venice-test-bucket.oss-cn-beijing.aliyuncs.com/upload/goodsCate/201810261540521536077_8318.jpg','http://venice-test-bucket.oss-cn-beijing.aliyuncs.com/upload/goodsCate/201810261540521544938_9053.jpg','http://venice-test-bucket.oss-cn-beijing.aliyuncs.com/upload/goodsCate/201810261540521555579_6809.jpg',NULL,'d3cd796be2e341039cf3b9e4c79a57aa',1),(31,'2018-10-26 10:47:59',1,'2018-10-26 10:47:59','女孩','Girls','好看的小姐姐',NULL,NULL,1,1,NULL,NULL,1,'http://venice-test-bucket.oss-cn-beijing.aliyuncs.com/upload/goodsCate/201810261540521916608_4784.jpg','http://venice-test-bucket.oss-cn-beijing.aliyuncs.com/upload/goodsCate/201810261540522071669_1389.jpg','http://venice-test-bucket.oss-cn-beijing.aliyuncs.com/upload/goodsCate/201810261540522076264_4983.jpg',NULL,'d3cd796be2e341039cf3b9e4c79a57aa',1),(32,'2018-11-06 23:32:12',1,'2018-11-27 20:32:45','亲子活动','亲子活动','亲子活动',NULL,NULL,1,2,NULL,NULL,1,'http://venice-test-bucket.oss-cn-beijing.aliyuncs.com/upload/goodsCate/201811071541552134255_3571.jpg','http://venice-test-bucket.oss-cn-beijing.aliyuncs.com/upload/goodsCate/201811071541550271420_2543.jpg','http://venice-test-bucket.oss-cn-beijing.aliyuncs.com/upload/goodsCate/201811061541518330058_5537.jpg',NULL,'d8f0329e3e2844aebf6ef06f6dc42e57',1),(33,'2018-11-06 23:32:55',1,'2018-11-07 08:33:05','亲子活动','亲子活动','亲子活动',NULL,NULL,1,2,NULL,32,1,'http://venice-test-bucket.oss-cn-beijing.aliyuncs.com/upload/goodsCate/201811061541518365455_2601.jpg','http://venice-test-bucket.oss-cn-beijing.aliyuncs.com/upload/goodsCate/201811071541550625154_0650.jpg','http://venice-test-bucket.oss-cn-beijing.aliyuncs.com/upload/goodsCate/201811071541550782424_8919.jpg',NULL,'d8f0329e3e2844aebf6ef06f6dc42e57',2),(34,'2018-11-06 23:33:34',1,'2018-12-07 13:43:29','军旅题材','军旅生活   夏冬令营  周末营   特训营','军旅生活  夏冬令营  周末营   特训营',NULL,NULL,2,2,NULL,NULL,2,'http://venice-test-bucket.oss-cn-beijing.aliyuncs.com/upload/goodsCate/201812071544161383357_3036.jpg','http://venice-test-bucket.oss-cn-beijing.aliyuncs.com/upload/goodsCate/201812071544161405434_4012.jpg','http://venice-test-bucket.oss-cn-beijing.aliyuncs.com/upload/goodsCate/201811061541518412030_7547.jpg',NULL,'d8f0329e3e2844aebf6ef06f6dc42e57',1),(35,'2018-11-06 23:34:32',1,'2018-11-07 09:01:30','鹰训','鹰训','鹰训',NULL,NULL,1,1,NULL,34,1,'http://venice-test-bucket.oss-cn-beijing.aliyuncs.com/upload/goodsCate/201811071541552488880_2262.jpg','http://venice-test-bucket.oss-cn-beijing.aliyuncs.com/upload/goodsCate/201811071541551485486_1252.jpg','http://venice-test-bucket.oss-cn-beijing.aliyuncs.com/upload/goodsCate/201811071541551489062_2891.jpg',NULL,'d8f0329e3e2844aebf6ef06f6dc42e57',2),(36,'2018-11-06 23:35:09',1,'2018-12-07 13:40:24','尊享会员','会员活动','会员活动',NULL,NULL,3,2,NULL,NULL,3,'http://venice-test-bucket.oss-cn-beijing.aliyuncs.com/upload/goodsCate/201811071541551934705_4059.jpg','http://venice-test-bucket.oss-cn-beijing.aliyuncs.com/upload/goodsCate/201811071541550256595_9883.jpg','http://venice-test-bucket.oss-cn-beijing.aliyuncs.com/upload/goodsCate/201811061541518507373_6381.jpg',NULL,'d8f0329e3e2844aebf6ef06f6dc42e57',1),(37,'2018-11-06 23:36:16',1,'2018-11-27 20:40:25','吃鸡战场','吃鸡战场','吃鸡战场',NULL,NULL,3,2,NULL,36,1,'http://venice-test-bucket.oss-cn-beijing.aliyuncs.com/upload/goodsCate/201811061541518564305_4761.jpg','http://venice-test-bucket.oss-cn-beijing.aliyuncs.com/upload/goodsCate/201811071541551312779_2774.jpg','http://venice-test-bucket.oss-cn-beijing.aliyuncs.com/upload/goodsCate/201811071541551321246_6792.jpg',NULL,'d8f0329e3e2844aebf6ef06f6dc42e57',1),(38,'2018-11-06 23:36:57',1,'2018-12-07 11:29:01','企业案例','企业活动','企业活动',NULL,NULL,4,2,NULL,NULL,4,'http://venice-test-bucket.oss-cn-beijing.aliyuncs.com/upload/goodsCate/201811071541552242599_0586.jpg','http://venice-test-bucket.oss-cn-beijing.aliyuncs.com/upload/goodsCate/201811071541550224974_4110.jpg','http://venice-test-bucket.oss-cn-beijing.aliyuncs.com/upload/goodsCate/201811061541518615294_3094.jpg',NULL,'d8f0329e3e2844aebf6ef06f6dc42e57',1),(39,'2018-11-06 23:38:21',1,'2018-11-27 20:40:30','素质拓展','素质拓展','素质拓展',NULL,NULL,4,2,NULL,38,4,'http://venice-test-bucket.oss-cn-beijing.aliyuncs.com/upload/goodsCate/201811061541518689359_5134.jpg','http://venice-test-bucket.oss-cn-beijing.aliyuncs.com/upload/goodsCate/201811071541551352716_0169.jpg','http://venice-test-bucket.oss-cn-beijing.aliyuncs.com/upload/goodsCate/201811071541551617909_6568.jpg',NULL,'d8f0329e3e2844aebf6ef06f6dc42e57',1),(52,'2018-11-28 10:10:02',1,'2018-11-28 11:29:06','送爱人','真羡慕你，这么年轻就认识我','送爱人',NULL,NULL,1,1,NULL,NULL,1,'http://venice-test-bucket.oss-cn-beijing.aliyuncs.com/upload/goodsCate/201811281543375744621_4877.jpg','http://venice-test-bucket.oss-cn-beijing.aliyuncs.com/upload/goodsCate/201811281543371001212_5823.jpg',NULL,NULL,'798fcb91187549a5b3b9338b0e8d9485',1),(53,'2018-11-28 10:32:48',1,'2018-11-28 11:17:12','送小盆友','麻烦你，鱼丸粗面；木有粗面！','送小盆友',NULL,NULL,1,1,NULL,NULL,1,'http://venice-test-bucket.oss-cn-beijing.aliyuncs.com/upload/goodsCate/201811281543375030619_5050.jpg','http://venice-test-bucket.oss-cn-beijing.aliyuncs.com/upload/goodsCate/201811281543372363865_8836.jpg',NULL,NULL,'798fcb91187549a5b3b9338b0e8d9485',1),(54,'2018-11-28 10:33:04',1,'2018-11-28 11:14:32','送长辈','他们想要的不过是你发自内心的关怀','他们想要的不过是你发自内心的关怀',NULL,NULL,1,1,NULL,NULL,1,'http://venice-test-bucket.oss-cn-beijing.aliyuncs.com/upload/goodsCate/201811281543374871756_1167.jpg','http://venice-test-bucket.oss-cn-beijing.aliyuncs.com/upload/goodsCate/201811281543372383029_3614.jpg',NULL,NULL,'798fcb91187549a5b3b9338b0e8d9485',1),(55,'2018-11-28 10:33:20',1,'2018-11-28 11:30:42','每日甜点','燃烧我的卡路里，buy buy甜甜圈~','每日甜点',NULL,NULL,1,1,NULL,NULL,1,'http://venice-test-bucket.oss-cn-beijing.aliyuncs.com/upload/goodsCate/201811281543375839622_3765.jpg','http://venice-test-bucket.oss-cn-beijing.aliyuncs.com/upload/goodsCate/201811281543372399308_7282.jpg',NULL,NULL,'798fcb91187549a5b3b9338b0e8d9485',1),(56,'2018-11-28 10:35:21',1,'2018-11-29 13:37:31','送女友','送女友','送女友',NULL,NULL,1,1,NULL,52,1,NULL,NULL,'http://venice-test-bucket.oss-cn-beijing.aliyuncs.com/upload/goodsCate/201811291543469847842_4619.jpg',NULL,'798fcb91187549a5b3b9338b0e8d9485',1),(57,'2018-11-28 10:35:33',1,'2018-11-29 13:35:12','送男友','送男友','送男友',NULL,NULL,1,1,NULL,52,1,NULL,NULL,'http://venice-test-bucket.oss-cn-beijing.aliyuncs.com/upload/goodsCate/201811291543469710144_3428.jpg',NULL,'798fcb91187549a5b3b9338b0e8d9485',1),(58,'2018-11-29 13:39:52',1,'2018-11-29 13:39:52','送小盆友','送小盆友','送小盆友',NULL,NULL,1,1,NULL,53,1,NULL,NULL,'http://venice-test-bucket.oss-cn-beijing.aliyuncs.com/upload/goodsCate/201811291543469989943_4714.jpg',NULL,'798fcb91187549a5b3b9338b0e8d9485',1),(59,'2018-11-29 13:42:33',1,'2018-11-29 13:44:02','送长辈','送长辈','送长辈',NULL,NULL,1,1,NULL,54,1,NULL,NULL,'http://venice-test-bucket.oss-cn-beijing.aliyuncs.com/upload/goodsCate/201811291543470240584_3185.jpg',NULL,'798fcb91187549a5b3b9338b0e8d9485',1),(60,'2018-11-29 13:47:50',1,'2018-11-29 13:47:50','网红甜点','网红甜点','至少提前半天预定，现订现做',NULL,NULL,1,1,NULL,55,1,NULL,NULL,'http://venice-test-bucket.oss-cn-beijing.aliyuncs.com/upload/goodsCate/201811291543470467554_4386.jpg',NULL,'798fcb91187549a5b3b9338b0e8d9485',1),(61,'2018-12-05 23:08:00',1,'2018-12-05 23:08:00','情人鲜花','情人鲜花','情人鲜花',NULL,NULL,1,1,NULL,NULL,1,NULL,'http://venice-test-bucket.oss-cn-beijing.aliyuncs.com/upload/goodsCate/201812051544022473823_6060.png',NULL,NULL,'5bea456761b64da081c8e7aae0a47e8d',1),(62,'2018-12-05 23:09:00',1,'2018-12-05 23:09:00','长辈鲜花','长辈鲜花','长辈鲜花',NULL,NULL,1,1,NULL,NULL,1,NULL,'http://venice-test-bucket.oss-cn-beijing.aliyuncs.com/upload/goodsCate/201812051544022538342_0826.png',NULL,NULL,'5bea456761b64da081c8e7aae0a47e8d',1),(63,'2018-12-05 23:25:33',1,'2018-12-05 23:25:33','节日鲜花','节日鲜花','节日鲜花',NULL,NULL,1,1,NULL,NULL,1,NULL,'http://venice-test-bucket.oss-cn-beijing.aliyuncs.com/upload/goodsCate/201812051544023530830_1724.png',NULL,NULL,'5bea456761b64da081c8e7aae0a47e8d',1),(64,'2018-12-07 13:45:05',1,'2018-12-07 13:45:05','夏令营','夏令营','夏令营',NULL,NULL,1,1,NULL,34,1,NULL,NULL,'http://venice-test-bucket.oss-cn-beijing.aliyuncs.com/upload/goodsCate/201812071544161500226_8691.jpg',NULL,'d8f0329e3e2844aebf6ef06f6dc42e57',1),(66,'2018-12-09 15:33:22',1,'2018-12-09 15:39:23','个性产品','打包产品','单项产品',NULL,NULL,1,1,NULL,NULL,1,'http://venice-test-bucket.oss-cn-beijing.aliyuncs.com/upload/goodsCate/201812091544340753607_4719.jpg','http://venice-test-bucket.oss-cn-beijing.aliyuncs.com/upload/goodsCate/201812091544340799571_3313.jpg',NULL,NULL,'d8f0329e3e2844aebf6ef06f6dc42e57',1),(68,'2019-01-11 10:55:56',1,'2019-01-11 10:56:05','agagsss','agag','afag',NULL,NULL,1,1,NULL,NULL,1,'http://venice-test-bucket.oss-cn-beijing.aliyuncs.com/20190111/0519886138bb4e3ebe3d87ddff2eb1d7.jpg','http://venice-test-bucket.oss-cn-beijing.aliyuncs.com/20190111/1d6b41dc4e0f4bfd8534322965bc4a62.jpg',NULL,NULL,'4afd59eac1084c999371d28d06534a75',1);

/*Table structure for table `sh_goods_specification` */

DROP TABLE IF EXISTS `sh_goods_specification`;

CREATE TABLE `sh_goods_specification` (
  `id` bigint(20) NOT NULL AUTO_INCREMENT COMMENT '主键ID',
  `create_time` datetime NOT NULL COMMENT '创建时间',
  `optlock` bigint(20) NOT NULL DEFAULT '1' COMMENT '乐观锁',
  `update_time` datetime NOT NULL COMMENT '修改时间',
  `appid` varchar(36) NOT NULL,
  `goods_id` bigint(20) DEFAULT NULL COMMENT '商品ID',
  `specification_id` bigint(20) DEFAULT NULL COMMENT '规格ID',
  `value` varchar(255) DEFAULT NULL COMMENT '规格值',
  PRIMARY KEY (`id`)
) ENGINE=InnoDB AUTO_INCREMENT=278 DEFAULT CHARSET=utf8mb4 COMMENT='商品规格';

/*Data for the table `sh_goods_specification` */

insert  into `sh_goods_specification`(`id`,`create_time`,`optlock`,`update_time`,`appid`,`goods_id`,`specification_id`,`value`) values (4,'2018-10-11 19:57:28',1,'2018-10-11 19:57:30','',32,1,'白色'),(5,'2018-10-11 19:58:03',1,'2018-10-11 19:58:00','',32,1,'红色'),(6,'2018-10-11 19:58:05',1,'2018-10-11 19:58:01','',32,1,'黑色'),(7,'2018-10-11 19:58:05',1,'2018-10-11 19:58:01','',32,2,'1.8米'),(8,'2018-10-11 19:58:05',1,'2018-10-11 19:58:01','',32,2,'1.5米'),(11,'2018-10-16 14:52:10',1,'2018-10-16 14:52:10','d0cdaaaffb874843b66262ef56b0d759',51,8,'红色'),(12,'2018-10-16 14:52:10',1,'2018-10-16 14:52:10','d0cdaaaffb874843b66262ef56b0d759',51,8,'黑色'),(13,'2018-10-16 14:52:10',1,'2018-10-16 14:52:10','d0cdaaaffb874843b66262ef56b0d759',51,9,'1KG'),(14,'2018-10-16 14:52:10',1,'2018-10-16 14:52:10','d0cdaaaffb874843b66262ef56b0d759',51,9,'2KG'),(15,'2018-10-16 15:01:17',1,'2018-10-16 15:01:17','d0cdaaaffb874843b66262ef56b0d759',52,10,'黑色'),(16,'2018-10-16 15:01:20',1,'2018-10-16 15:01:20','d0cdaaaffb874843b66262ef56b0d759',52,10,'白色'),(17,'2018-10-16 20:30:42',1,'2018-10-16 20:30:42','9c7af37bb8a54e12be5afbe8e8bfd1b7',53,11,'黑色'),(18,'2018-10-16 20:30:42',1,'2018-10-16 20:30:42','9c7af37bb8a54e12be5afbe8e8bfd1b7',53,11,'蓝色'),(19,'2018-10-16 20:30:42',1,'2018-10-16 20:30:42','9c7af37bb8a54e12be5afbe8e8bfd1b7',53,11,'绿色'),(20,'2018-10-16 20:30:44',1,'2018-10-16 20:30:44','9c7af37bb8a54e12be5afbe8e8bfd1b7',53,12,'1KG'),(21,'2018-10-16 20:30:44',1,'2018-10-16 20:30:44','9c7af37bb8a54e12be5afbe8e8bfd1b7',53,12,'2KG'),(22,'2018-11-06 11:05:50',1,'2018-11-06 11:05:50','be2c510b1b5440dc8550c404031e6035',63,13,'周六'),(23,'2018-11-06 11:05:50',1,'2018-11-06 11:05:50','be2c510b1b5440dc8550c404031e6035',63,13,'周日'),(24,'2018-11-06 11:05:50',1,'2018-11-06 11:05:50','be2c510b1b5440dc8550c404031e6035',63,14,'周一'),(25,'2018-11-06 11:05:50',1,'2018-11-06 11:05:50','be2c510b1b5440dc8550c404031e6035',63,14,'周二'),(26,'2018-11-06 11:06:28',1,'2018-11-06 11:06:28','be2c510b1b5440dc8550c404031e6035',64,15,'周六'),(27,'2018-11-06 11:06:28',1,'2018-11-06 11:06:28','be2c510b1b5440dc8550c404031e6035',64,15,'周日'),(28,'2018-11-06 11:06:28',1,'2018-11-06 11:06:28','be2c510b1b5440dc8550c404031e6035',64,16,'周一'),(29,'2018-11-06 11:06:28',1,'2018-11-06 11:06:28','be2c510b1b5440dc8550c404031e6035',64,16,'周二'),(37,'2018-11-28 14:37:01',1,'2018-11-28 14:37:01','798fcb91187549a5b3b9338b0e8d9485',88,21,'6寸'),(38,'2018-11-28 14:37:01',1,'2018-11-28 14:37:01','798fcb91187549a5b3b9338b0e8d9485',88,21,'8寸'),(39,'2018-11-28 14:37:01',1,'2018-11-28 14:37:01','798fcb91187549a5b3b9338b0e8d9485',88,21,'10寸'),(40,'2018-11-28 14:37:01',1,'2018-11-28 14:37:01','798fcb91187549a5b3b9338b0e8d9485',88,21,'12寸'),(41,'2018-11-28 22:21:13',1,'2018-11-28 22:21:13','798fcb91187549a5b3b9338b0e8d9485',89,22,'6寸'),(42,'2018-11-28 22:21:13',1,'2018-11-28 22:21:13','798fcb91187549a5b3b9338b0e8d9485',89,22,'8寸'),(43,'2018-11-28 22:21:13',1,'2018-11-28 22:21:13','798fcb91187549a5b3b9338b0e8d9485',89,22,'10寸'),(44,'2018-11-28 22:21:13',1,'2018-11-28 22:21:13','798fcb91187549a5b3b9338b0e8d9485',89,22,'12寸'),(45,'2018-11-28 22:21:13',1,'2018-11-28 22:21:13','798fcb91187549a5b3b9338b0e8d9485',89,22,'双层定制请联系客服'),(46,'2018-11-28 22:22:02',1,'2018-11-28 22:22:02','798fcb91187549a5b3b9338b0e8d9485',90,23,'6寸'),(47,'2018-11-28 22:22:02',1,'2018-11-28 22:22:02','798fcb91187549a5b3b9338b0e8d9485',90,23,'8寸'),(48,'2018-11-28 22:22:02',1,'2018-11-28 22:22:02','798fcb91187549a5b3b9338b0e8d9485',90,23,'10寸'),(49,'2018-11-28 22:22:02',1,'2018-11-28 22:22:02','798fcb91187549a5b3b9338b0e8d9485',90,23,'12寸'),(50,'2018-11-28 22:22:02',1,'2018-11-28 22:22:02','798fcb91187549a5b3b9338b0e8d9485',90,23,'双层定制请联系客服'),(51,'2018-11-28 22:35:50',1,'2018-11-28 22:35:50','798fcb91187549a5b3b9338b0e8d9485',91,24,'5寸'),(52,'2018-11-28 22:35:50',1,'2018-11-28 22:35:50','798fcb91187549a5b3b9338b0e8d9485',91,24,'6寸'),(53,'2018-11-28 22:35:50',1,'2018-11-28 22:35:50','798fcb91187549a5b3b9338b0e8d9485',91,24,'8寸'),(54,'2018-11-29 11:03:48',1,'2018-11-29 11:03:48','798fcb91187549a5b3b9338b0e8d9485',92,25,'6寸'),(55,'2018-11-29 11:03:48',1,'2018-11-29 11:03:48','798fcb91187549a5b3b9338b0e8d9485',92,25,'8寸'),(56,'2018-11-29 11:03:48',1,'2018-11-29 11:03:48','798fcb91187549a5b3b9338b0e8d9485',92,25,'10寸'),(57,'2018-11-29 11:03:48',1,'2018-11-29 11:03:48','798fcb91187549a5b3b9338b0e8d9485',92,25,'12寸'),(58,'2018-11-29 11:05:04',1,'2018-11-29 11:05:04','798fcb91187549a5b3b9338b0e8d9485',93,26,'6寸'),(59,'2018-11-29 11:05:04',1,'2018-11-29 11:05:04','798fcb91187549a5b3b9338b0e8d9485',93,26,'8寸'),(60,'2018-11-29 11:05:04',1,'2018-11-29 11:05:04','798fcb91187549a5b3b9338b0e8d9485',93,26,'10寸'),(61,'2018-11-29 11:05:04',1,'2018-11-29 11:05:04','798fcb91187549a5b3b9338b0e8d9485',93,26,'12寸'),(62,'2018-11-29 11:06:24',1,'2018-11-29 11:06:24','798fcb91187549a5b3b9338b0e8d9485',94,27,'6寸'),(63,'2018-11-29 11:06:24',1,'2018-11-29 11:06:24','798fcb91187549a5b3b9338b0e8d9485',94,27,'8寸'),(64,'2018-11-29 11:06:24',1,'2018-11-29 11:06:24','798fcb91187549a5b3b9338b0e8d9485',94,27,'10寸'),(65,'2018-11-29 11:06:24',1,'2018-11-29 11:06:24','798fcb91187549a5b3b9338b0e8d9485',94,27,'12寸'),(66,'2018-11-29 12:41:15',1,'2018-11-29 12:41:15','798fcb91187549a5b3b9338b0e8d9485',95,28,'6寸'),(67,'2018-11-29 12:41:15',1,'2018-11-29 12:41:15','798fcb91187549a5b3b9338b0e8d9485',95,28,'8寸'),(68,'2018-11-29 12:41:15',1,'2018-11-29 12:41:15','798fcb91187549a5b3b9338b0e8d9485',95,28,'10寸'),(69,'2018-11-29 12:41:15',1,'2018-11-29 12:41:15','798fcb91187549a5b3b9338b0e8d9485',95,28,'12寸'),(70,'2018-11-29 12:47:19',1,'2018-11-29 12:47:19','798fcb91187549a5b3b9338b0e8d9485',96,29,'6寸'),(71,'2018-11-29 12:47:19',1,'2018-11-29 12:47:19','798fcb91187549a5b3b9338b0e8d9485',96,29,'8寸'),(72,'2018-11-29 12:47:19',1,'2018-11-29 12:47:19','798fcb91187549a5b3b9338b0e8d9485',96,29,'10寸'),(73,'2018-11-29 12:47:19',1,'2018-11-29 12:47:19','798fcb91187549a5b3b9338b0e8d9485',96,29,'12寸'),(74,'2018-11-29 13:05:11',1,'2018-11-29 13:05:11','798fcb91187549a5b3b9338b0e8d9485',97,30,'12寸'),(75,'2018-11-29 13:05:11',1,'2018-11-29 13:05:11','798fcb91187549a5b3b9338b0e8d9485',97,30,'10寸'),(76,'2018-11-29 13:05:11',1,'2018-11-29 13:05:11','798fcb91187549a5b3b9338b0e8d9485',97,30,'8寸'),(77,'2018-11-29 13:05:11',1,'2018-11-29 13:05:11','798fcb91187549a5b3b9338b0e8d9485',97,30,'6寸'),(78,'2018-11-29 13:08:15',1,'2018-11-29 13:08:15','798fcb91187549a5b3b9338b0e8d9485',98,31,'12寸'),(79,'2018-11-29 13:08:15',1,'2018-11-29 13:08:15','798fcb91187549a5b3b9338b0e8d9485',98,31,'10寸'),(80,'2018-11-29 13:08:15',1,'2018-11-29 13:08:15','798fcb91187549a5b3b9338b0e8d9485',98,31,'8寸'),(81,'2018-11-29 13:08:15',1,'2018-11-29 13:08:15','798fcb91187549a5b3b9338b0e8d9485',98,31,'6寸'),(82,'2018-11-29 13:10:20',1,'2018-11-29 13:10:20','798fcb91187549a5b3b9338b0e8d9485',99,32,'12寸'),(83,'2018-11-29 13:10:20',1,'2018-11-29 13:10:20','798fcb91187549a5b3b9338b0e8d9485',99,32,'10寸'),(84,'2018-11-29 13:10:20',1,'2018-11-29 13:10:20','798fcb91187549a5b3b9338b0e8d9485',99,32,'8寸'),(85,'2018-11-29 13:10:20',1,'2018-11-29 13:10:20','798fcb91187549a5b3b9338b0e8d9485',99,32,'6寸'),(86,'2018-11-29 13:11:25',1,'2018-11-29 13:11:25','798fcb91187549a5b3b9338b0e8d9485',100,33,'12寸'),(87,'2018-11-29 13:11:25',1,'2018-11-29 13:11:25','798fcb91187549a5b3b9338b0e8d9485',100,33,'10寸'),(88,'2018-11-29 13:11:25',1,'2018-11-29 13:11:25','798fcb91187549a5b3b9338b0e8d9485',100,33,'8寸'),(89,'2018-11-29 13:11:25',1,'2018-11-29 13:11:25','798fcb91187549a5b3b9338b0e8d9485',100,33,'6寸'),(90,'2018-11-29 13:14:12',1,'2018-11-29 13:14:12','798fcb91187549a5b3b9338b0e8d9485',101,34,'12寸'),(91,'2018-11-29 13:14:12',1,'2018-11-29 13:14:12','798fcb91187549a5b3b9338b0e8d9485',101,34,'10寸'),(92,'2018-11-29 13:14:12',1,'2018-11-29 13:14:12','798fcb91187549a5b3b9338b0e8d9485',101,34,'8寸'),(93,'2018-11-29 13:14:12',1,'2018-11-29 13:14:12','798fcb91187549a5b3b9338b0e8d9485',101,34,'6寸'),(94,'2018-11-29 13:19:13',1,'2018-11-29 13:19:13','798fcb91187549a5b3b9338b0e8d9485',102,35,'12寸'),(95,'2018-11-29 13:19:13',1,'2018-11-29 13:19:13','798fcb91187549a5b3b9338b0e8d9485',102,35,'10寸'),(96,'2018-11-29 13:19:13',1,'2018-11-29 13:19:13','798fcb91187549a5b3b9338b0e8d9485',102,35,'8寸'),(97,'2018-11-29 13:19:13',1,'2018-11-29 13:19:13','798fcb91187549a5b3b9338b0e8d9485',102,35,'6寸'),(98,'2018-11-29 13:24:21',1,'2018-11-29 13:24:21','798fcb91187549a5b3b9338b0e8d9485',103,36,'12寸'),(99,'2018-11-29 13:24:21',1,'2018-11-29 13:24:21','798fcb91187549a5b3b9338b0e8d9485',103,36,'10寸'),(100,'2018-11-29 13:24:21',1,'2018-11-29 13:24:21','798fcb91187549a5b3b9338b0e8d9485',103,36,'8寸'),(101,'2018-11-29 13:24:21',1,'2018-11-29 13:24:21','798fcb91187549a5b3b9338b0e8d9485',103,36,'6寸'),(102,'2018-11-29 13:50:59',1,'2018-11-29 13:50:59','798fcb91187549a5b3b9338b0e8d9485',104,37,'12寸'),(103,'2018-11-29 13:50:59',1,'2018-11-29 13:50:59','798fcb91187549a5b3b9338b0e8d9485',104,37,'10寸'),(104,'2018-11-29 13:50:59',1,'2018-11-29 13:50:59','798fcb91187549a5b3b9338b0e8d9485',104,37,'8寸'),(105,'2018-11-29 13:50:59',1,'2018-11-29 13:50:59','798fcb91187549a5b3b9338b0e8d9485',104,37,'6寸'),(106,'2018-11-29 13:52:59',1,'2018-11-29 13:52:59','798fcb91187549a5b3b9338b0e8d9485',105,38,'12寸'),(107,'2018-11-29 13:52:59',1,'2018-11-29 13:52:59','798fcb91187549a5b3b9338b0e8d9485',105,38,'10寸'),(108,'2018-11-29 13:52:59',1,'2018-11-29 13:52:59','798fcb91187549a5b3b9338b0e8d9485',105,38,'8寸'),(109,'2018-11-29 13:52:59',1,'2018-11-29 13:52:59','798fcb91187549a5b3b9338b0e8d9485',105,38,'6寸'),(110,'2018-11-29 13:55:12',1,'2018-11-29 13:55:12','798fcb91187549a5b3b9338b0e8d9485',106,39,'12寸'),(111,'2018-11-29 13:55:12',1,'2018-11-29 13:55:12','798fcb91187549a5b3b9338b0e8d9485',106,39,'10寸'),(112,'2018-11-29 13:55:12',1,'2018-11-29 13:55:12','798fcb91187549a5b3b9338b0e8d9485',106,39,'8寸'),(113,'2018-11-29 13:55:12',1,'2018-11-29 13:55:12','798fcb91187549a5b3b9338b0e8d9485',106,39,'6寸'),(114,'2018-11-29 13:56:08',1,'2018-11-29 13:56:08','798fcb91187549a5b3b9338b0e8d9485',107,40,'12寸'),(115,'2018-11-29 13:56:08',1,'2018-11-29 13:56:08','798fcb91187549a5b3b9338b0e8d9485',107,40,'10寸'),(116,'2018-11-29 13:56:08',1,'2018-11-29 13:56:08','798fcb91187549a5b3b9338b0e8d9485',107,40,'8寸'),(117,'2018-11-29 13:56:08',1,'2018-11-29 13:56:08','798fcb91187549a5b3b9338b0e8d9485',107,40,'6寸'),(118,'2018-11-29 13:59:49',1,'2018-11-29 13:59:49','798fcb91187549a5b3b9338b0e8d9485',108,41,'12寸'),(119,'2018-11-29 13:59:49',1,'2018-11-29 13:59:49','798fcb91187549a5b3b9338b0e8d9485',108,41,'10寸'),(120,'2018-11-29 13:59:49',1,'2018-11-29 13:59:49','798fcb91187549a5b3b9338b0e8d9485',108,41,'8寸'),(121,'2018-11-29 13:59:49',1,'2018-11-29 13:59:49','798fcb91187549a5b3b9338b0e8d9485',108,41,'6寸'),(122,'2018-11-29 14:00:51',1,'2018-11-29 14:00:51','798fcb91187549a5b3b9338b0e8d9485',109,42,'12寸'),(123,'2018-11-29 14:00:51',1,'2018-11-29 14:00:51','798fcb91187549a5b3b9338b0e8d9485',109,42,'10寸'),(124,'2018-11-29 14:00:51',1,'2018-11-29 14:00:51','798fcb91187549a5b3b9338b0e8d9485',109,42,'8寸'),(125,'2018-11-29 14:00:51',1,'2018-11-29 14:00:51','798fcb91187549a5b3b9338b0e8d9485',109,42,'6寸'),(126,'2018-11-29 14:04:23',1,'2018-11-29 14:04:23','798fcb91187549a5b3b9338b0e8d9485',110,43,'12寸'),(127,'2018-11-29 14:04:23',1,'2018-11-29 14:04:23','798fcb91187549a5b3b9338b0e8d9485',110,43,'10寸'),(128,'2018-11-29 14:04:23',1,'2018-11-29 14:04:23','798fcb91187549a5b3b9338b0e8d9485',110,43,'8寸'),(129,'2018-11-29 14:04:23',1,'2018-11-29 14:04:23','798fcb91187549a5b3b9338b0e8d9485',110,43,'6寸'),(130,'2018-11-29 14:05:09',1,'2018-11-29 14:05:09','798fcb91187549a5b3b9338b0e8d9485',111,44,'12寸'),(131,'2018-11-29 14:05:09',1,'2018-11-29 14:05:09','798fcb91187549a5b3b9338b0e8d9485',111,44,'10寸'),(132,'2018-11-29 14:05:09',1,'2018-11-29 14:05:09','798fcb91187549a5b3b9338b0e8d9485',111,44,'8寸'),(133,'2018-11-29 14:05:09',1,'2018-11-29 14:05:09','798fcb91187549a5b3b9338b0e8d9485',111,44,'6寸'),(134,'2018-11-29 14:06:07',1,'2018-11-29 14:06:07','798fcb91187549a5b3b9338b0e8d9485',112,45,'12寸'),(135,'2018-11-29 14:06:07',1,'2018-11-29 14:06:07','798fcb91187549a5b3b9338b0e8d9485',112,45,'10寸'),(136,'2018-11-29 14:06:07',1,'2018-11-29 14:06:07','798fcb91187549a5b3b9338b0e8d9485',112,45,'8寸'),(137,'2018-11-29 14:06:07',1,'2018-11-29 14:06:07','798fcb91187549a5b3b9338b0e8d9485',112,45,'6寸'),(138,'2018-11-29 14:07:14',1,'2018-11-29 14:07:14','798fcb91187549a5b3b9338b0e8d9485',113,46,'12寸'),(139,'2018-11-29 14:07:14',1,'2018-11-29 14:07:14','798fcb91187549a5b3b9338b0e8d9485',113,46,'10寸'),(140,'2018-11-29 14:07:14',1,'2018-11-29 14:07:14','798fcb91187549a5b3b9338b0e8d9485',113,46,'8寸'),(141,'2018-11-29 14:07:14',1,'2018-11-29 14:07:14','798fcb91187549a5b3b9338b0e8d9485',113,46,'6寸'),(142,'2018-11-29 14:10:43',1,'2018-11-29 14:10:43','798fcb91187549a5b3b9338b0e8d9485',114,47,'12+10寸'),(143,'2018-11-29 14:10:43',1,'2018-11-29 14:10:43','798fcb91187549a5b3b9338b0e8d9485',114,47,'10+8寸'),(144,'2018-11-29 14:10:43',1,'2018-11-29 14:10:43','798fcb91187549a5b3b9338b0e8d9485',114,47,'8+6寸'),(145,'2018-11-29 14:11:22',1,'2018-11-29 14:11:22','798fcb91187549a5b3b9338b0e8d9485',115,48,'12+10寸'),(146,'2018-11-29 14:11:22',1,'2018-11-29 14:11:22','798fcb91187549a5b3b9338b0e8d9485',115,48,'10+8寸'),(147,'2018-11-29 14:11:22',1,'2018-11-29 14:11:22','798fcb91187549a5b3b9338b0e8d9485',115,48,'8+6寸'),(148,'2018-11-29 14:15:41',1,'2018-11-29 14:15:41','798fcb91187549a5b3b9338b0e8d9485',116,49,'12寸'),(149,'2018-11-29 14:15:41',1,'2018-11-29 14:15:41','798fcb91187549a5b3b9338b0e8d9485',116,49,'10寸'),(150,'2018-11-29 14:15:41',1,'2018-11-29 14:15:41','798fcb91187549a5b3b9338b0e8d9485',116,49,'8寸'),(151,'2018-11-29 14:15:41',1,'2018-11-29 14:15:41','798fcb91187549a5b3b9338b0e8d9485',116,49,'6寸'),(152,'2018-11-29 14:17:28',1,'2018-11-29 14:17:28','798fcb91187549a5b3b9338b0e8d9485',117,50,'12寸'),(153,'2018-11-29 14:17:28',1,'2018-11-29 14:17:28','798fcb91187549a5b3b9338b0e8d9485',117,50,'10寸'),(154,'2018-11-29 14:17:28',1,'2018-11-29 14:17:28','798fcb91187549a5b3b9338b0e8d9485',117,50,'8寸'),(155,'2018-11-29 14:17:28',1,'2018-11-29 14:17:28','798fcb91187549a5b3b9338b0e8d9485',117,50,'6寸'),(156,'2018-11-29 14:18:42',1,'2018-11-29 14:18:42','798fcb91187549a5b3b9338b0e8d9485',118,51,'12寸'),(157,'2018-11-29 14:18:42',1,'2018-11-29 14:18:42','798fcb91187549a5b3b9338b0e8d9485',118,51,'10寸'),(158,'2018-11-29 14:18:42',1,'2018-11-29 14:18:42','798fcb91187549a5b3b9338b0e8d9485',118,51,'8寸'),(159,'2018-11-29 14:18:42',1,'2018-11-29 14:18:42','798fcb91187549a5b3b9338b0e8d9485',118,51,'6寸'),(160,'2018-11-29 14:19:35',1,'2018-11-29 14:19:35','798fcb91187549a5b3b9338b0e8d9485',119,52,'12寸'),(161,'2018-11-29 14:19:35',1,'2018-11-29 14:19:35','798fcb91187549a5b3b9338b0e8d9485',119,52,'10寸'),(162,'2018-11-29 14:19:35',1,'2018-11-29 14:19:35','798fcb91187549a5b3b9338b0e8d9485',119,52,'8寸'),(163,'2018-11-29 14:19:35',1,'2018-11-29 14:19:35','798fcb91187549a5b3b9338b0e8d9485',119,52,'6寸'),(164,'2018-11-29 14:20:28',1,'2018-11-29 14:20:28','798fcb91187549a5b3b9338b0e8d9485',120,53,'12寸'),(165,'2018-11-29 14:20:28',1,'2018-11-29 14:20:28','798fcb91187549a5b3b9338b0e8d9485',120,53,'10寸'),(166,'2018-11-29 14:20:28',1,'2018-11-29 14:20:28','798fcb91187549a5b3b9338b0e8d9485',120,53,'8寸'),(167,'2018-11-29 14:20:28',1,'2018-11-29 14:20:28','798fcb91187549a5b3b9338b0e8d9485',120,53,'6寸'),(168,'2018-11-29 14:21:14',1,'2018-11-29 14:21:14','798fcb91187549a5b3b9338b0e8d9485',121,54,'12寸'),(169,'2018-11-29 14:21:14',1,'2018-11-29 14:21:14','798fcb91187549a5b3b9338b0e8d9485',121,54,'10寸'),(170,'2018-11-29 14:21:14',1,'2018-11-29 14:21:14','798fcb91187549a5b3b9338b0e8d9485',121,54,'8寸'),(171,'2018-11-29 14:21:14',1,'2018-11-29 14:21:14','798fcb91187549a5b3b9338b0e8d9485',121,54,'6寸'),(172,'2018-11-29 14:22:25',1,'2018-11-29 14:22:25','798fcb91187549a5b3b9338b0e8d9485',122,55,'12寸'),(173,'2018-11-29 14:22:25',1,'2018-11-29 14:22:25','798fcb91187549a5b3b9338b0e8d9485',122,55,'10寸'),(174,'2018-11-29 14:22:25',1,'2018-11-29 14:22:25','798fcb91187549a5b3b9338b0e8d9485',122,55,'8寸'),(175,'2018-11-29 14:22:25',1,'2018-11-29 14:22:25','798fcb91187549a5b3b9338b0e8d9485',122,55,'6寸'),(176,'2018-11-29 14:23:19',1,'2018-11-29 14:23:19','798fcb91187549a5b3b9338b0e8d9485',123,56,'12寸'),(177,'2018-11-29 14:23:19',1,'2018-11-29 14:23:19','798fcb91187549a5b3b9338b0e8d9485',123,56,'10寸'),(178,'2018-11-29 14:23:19',1,'2018-11-29 14:23:19','798fcb91187549a5b3b9338b0e8d9485',123,56,'8寸'),(179,'2018-11-29 14:23:19',1,'2018-11-29 14:23:19','798fcb91187549a5b3b9338b0e8d9485',123,56,'6寸'),(180,'2018-11-29 14:24:15',1,'2018-11-29 14:24:15','798fcb91187549a5b3b9338b0e8d9485',124,57,'12寸'),(181,'2018-11-29 14:24:15',1,'2018-11-29 14:24:15','798fcb91187549a5b3b9338b0e8d9485',124,57,'10寸'),(182,'2018-11-29 14:24:15',1,'2018-11-29 14:24:15','798fcb91187549a5b3b9338b0e8d9485',124,57,'8寸'),(183,'2018-11-29 14:24:15',1,'2018-11-29 14:24:15','798fcb91187549a5b3b9338b0e8d9485',124,57,'6寸'),(184,'2018-11-29 14:25:04',1,'2018-11-29 14:25:04','798fcb91187549a5b3b9338b0e8d9485',125,58,'12寸'),(185,'2018-11-29 14:25:04',1,'2018-11-29 14:25:04','798fcb91187549a5b3b9338b0e8d9485',125,58,'10寸'),(186,'2018-11-29 14:25:04',1,'2018-11-29 14:25:04','798fcb91187549a5b3b9338b0e8d9485',125,58,'8寸'),(187,'2018-11-29 14:25:04',1,'2018-11-29 14:25:04','798fcb91187549a5b3b9338b0e8d9485',125,58,'6寸'),(188,'2018-11-29 14:25:56',1,'2018-11-29 14:25:56','798fcb91187549a5b3b9338b0e8d9485',126,59,'12寸'),(189,'2018-11-29 14:25:56',1,'2018-11-29 14:25:56','798fcb91187549a5b3b9338b0e8d9485',126,59,'10寸'),(190,'2018-11-29 14:25:56',1,'2018-11-29 14:25:56','798fcb91187549a5b3b9338b0e8d9485',126,59,'8寸'),(191,'2018-11-29 14:25:56',1,'2018-11-29 14:25:56','798fcb91187549a5b3b9338b0e8d9485',126,59,'6寸'),(192,'2018-11-29 14:26:49',1,'2018-11-29 14:26:49','798fcb91187549a5b3b9338b0e8d9485',127,60,'12寸'),(193,'2018-11-29 14:26:49',1,'2018-11-29 14:26:49','798fcb91187549a5b3b9338b0e8d9485',127,60,'10寸'),(194,'2018-11-29 14:26:49',1,'2018-11-29 14:26:49','798fcb91187549a5b3b9338b0e8d9485',127,60,'8寸'),(195,'2018-11-29 14:26:49',1,'2018-11-29 14:26:49','798fcb91187549a5b3b9338b0e8d9485',127,60,'6寸'),(196,'2018-11-29 16:14:30',1,'2018-11-29 16:14:30','798fcb91187549a5b3b9338b0e8d9485',128,61,'12寸'),(197,'2018-11-29 16:14:30',1,'2018-11-29 16:14:30','798fcb91187549a5b3b9338b0e8d9485',128,61,'10寸'),(198,'2018-11-29 16:14:30',1,'2018-11-29 16:14:30','798fcb91187549a5b3b9338b0e8d9485',128,61,'8寸'),(199,'2018-11-29 16:14:30',1,'2018-11-29 16:14:30','798fcb91187549a5b3b9338b0e8d9485',128,61,'6寸'),(200,'2018-11-29 16:15:19',1,'2018-11-29 16:15:19','798fcb91187549a5b3b9338b0e8d9485',129,62,'12寸'),(201,'2018-11-29 16:15:19',1,'2018-11-29 16:15:19','798fcb91187549a5b3b9338b0e8d9485',129,62,'10寸'),(202,'2018-11-29 16:15:19',1,'2018-11-29 16:15:19','798fcb91187549a5b3b9338b0e8d9485',129,62,'8寸'),(203,'2018-11-29 16:15:19',1,'2018-11-29 16:15:19','798fcb91187549a5b3b9338b0e8d9485',129,62,'6寸'),(204,'2018-11-29 16:21:15',1,'2018-11-29 16:21:15','798fcb91187549a5b3b9338b0e8d9485',130,63,'12寸'),(205,'2018-11-29 16:21:15',1,'2018-11-29 16:21:15','798fcb91187549a5b3b9338b0e8d9485',130,63,'10寸'),(206,'2018-11-29 16:21:15',1,'2018-11-29 16:21:15','798fcb91187549a5b3b9338b0e8d9485',130,63,'8寸'),(207,'2018-11-29 16:21:15',1,'2018-11-29 16:21:15','798fcb91187549a5b3b9338b0e8d9485',130,63,'6寸'),(208,'2018-11-29 16:34:50',1,'2018-11-29 16:34:50','798fcb91187549a5b3b9338b0e8d9485',131,64,'12寸'),(209,'2018-11-29 16:34:50',1,'2018-11-29 16:34:50','798fcb91187549a5b3b9338b0e8d9485',131,64,'10寸'),(210,'2018-11-29 16:34:50',1,'2018-11-29 16:34:50','798fcb91187549a5b3b9338b0e8d9485',131,64,'8寸'),(211,'2018-11-29 16:34:50',1,'2018-11-29 16:34:50','798fcb91187549a5b3b9338b0e8d9485',131,64,'6寸'),(212,'2018-11-29 17:01:52',1,'2018-11-29 17:01:52','798fcb91187549a5b3b9338b0e8d9485',132,65,'12寸'),(213,'2018-11-29 17:01:52',1,'2018-11-29 17:01:52','798fcb91187549a5b3b9338b0e8d9485',132,65,'10寸'),(214,'2018-11-29 17:01:52',1,'2018-11-29 17:01:52','798fcb91187549a5b3b9338b0e8d9485',132,65,'8寸'),(215,'2018-11-29 17:01:52',1,'2018-11-29 17:01:52','798fcb91187549a5b3b9338b0e8d9485',132,65,'6寸'),(216,'2018-11-29 17:05:13',1,'2018-11-29 17:05:13','798fcb91187549a5b3b9338b0e8d9485',133,66,'12寸'),(217,'2018-11-29 17:05:13',1,'2018-11-29 17:05:13','798fcb91187549a5b3b9338b0e8d9485',133,66,'10寸'),(218,'2018-11-29 17:05:13',1,'2018-11-29 17:05:13','798fcb91187549a5b3b9338b0e8d9485',133,66,'8寸'),(219,'2018-11-29 17:05:13',1,'2018-11-29 17:05:13','798fcb91187549a5b3b9338b0e8d9485',133,66,'6寸'),(220,'2018-11-29 17:34:16',1,'2018-11-29 17:34:16','798fcb91187549a5b3b9338b0e8d9485',134,67,'12寸'),(221,'2018-11-29 17:34:16',1,'2018-11-29 17:34:16','798fcb91187549a5b3b9338b0e8d9485',134,67,'10寸'),(222,'2018-11-29 17:34:16',1,'2018-11-29 17:34:16','798fcb91187549a5b3b9338b0e8d9485',134,67,'8寸'),(223,'2018-11-29 17:34:16',1,'2018-11-29 17:34:16','798fcb91187549a5b3b9338b0e8d9485',134,67,'6寸'),(224,'2018-11-29 17:36:13',1,'2018-11-29 17:36:13','798fcb91187549a5b3b9338b0e8d9485',135,68,'12寸'),(225,'2018-11-29 17:36:13',1,'2018-11-29 17:36:13','798fcb91187549a5b3b9338b0e8d9485',135,68,'10寸'),(226,'2018-11-29 17:36:13',1,'2018-11-29 17:36:13','798fcb91187549a5b3b9338b0e8d9485',135,68,'8寸'),(227,'2018-11-29 17:36:13',1,'2018-11-29 17:36:13','798fcb91187549a5b3b9338b0e8d9485',135,68,'6寸'),(228,'2018-11-29 17:42:37',1,'2018-11-29 17:42:37','798fcb91187549a5b3b9338b0e8d9485',136,69,'12寸'),(229,'2018-11-29 17:42:37',1,'2018-11-29 17:42:37','798fcb91187549a5b3b9338b0e8d9485',136,69,'10寸'),(230,'2018-11-29 17:42:37',1,'2018-11-29 17:42:37','798fcb91187549a5b3b9338b0e8d9485',136,69,'8寸'),(231,'2018-11-29 17:42:37',1,'2018-11-29 17:42:37','798fcb91187549a5b3b9338b0e8d9485',136,69,'6寸'),(232,'2018-11-29 17:43:47',1,'2018-11-29 17:43:47','798fcb91187549a5b3b9338b0e8d9485',137,70,'12寸'),(233,'2018-11-29 17:43:47',1,'2018-11-29 17:43:47','798fcb91187549a5b3b9338b0e8d9485',137,70,'10寸'),(234,'2018-11-29 17:43:47',1,'2018-11-29 17:43:47','798fcb91187549a5b3b9338b0e8d9485',137,70,'8寸'),(235,'2018-11-29 17:43:47',1,'2018-11-29 17:43:47','798fcb91187549a5b3b9338b0e8d9485',137,70,'6寸'),(236,'2018-11-29 17:45:57',1,'2018-11-29 17:45:57','798fcb91187549a5b3b9338b0e8d9485',138,71,'12寸'),(237,'2018-11-29 17:45:57',1,'2018-11-29 17:45:57','798fcb91187549a5b3b9338b0e8d9485',138,71,'10寸'),(238,'2018-11-29 17:45:57',1,'2018-11-29 17:45:57','798fcb91187549a5b3b9338b0e8d9485',138,71,'8寸'),(239,'2018-11-29 17:45:57',1,'2018-11-29 17:45:57','798fcb91187549a5b3b9338b0e8d9485',138,71,'6寸'),(240,'2018-11-29 17:48:20',1,'2018-11-29 17:48:20','798fcb91187549a5b3b9338b0e8d9485',139,72,'12寸'),(241,'2018-11-29 17:48:20',1,'2018-11-29 17:48:20','798fcb91187549a5b3b9338b0e8d9485',139,72,'10寸'),(242,'2018-11-29 17:48:20',1,'2018-11-29 17:48:20','798fcb91187549a5b3b9338b0e8d9485',139,72,'8寸'),(243,'2018-11-29 17:48:20',1,'2018-11-29 17:48:20','798fcb91187549a5b3b9338b0e8d9485',139,72,'6寸'),(244,'2018-11-29 18:06:54',1,'2018-11-29 18:06:54','798fcb91187549a5b3b9338b0e8d9485',140,73,'12寸'),(245,'2018-11-29 18:06:54',1,'2018-11-29 18:06:54','798fcb91187549a5b3b9338b0e8d9485',140,73,'10寸'),(246,'2018-11-29 18:06:54',1,'2018-11-29 18:06:54','798fcb91187549a5b3b9338b0e8d9485',140,73,'8寸'),(247,'2018-11-29 18:06:54',1,'2018-11-29 18:06:54','798fcb91187549a5b3b9338b0e8d9485',140,73,'6寸'),(248,'2018-11-29 18:08:15',1,'2018-11-29 18:08:15','798fcb91187549a5b3b9338b0e8d9485',141,74,'12寸'),(249,'2018-11-29 18:08:15',1,'2018-11-29 18:08:15','798fcb91187549a5b3b9338b0e8d9485',141,74,'10寸'),(250,'2018-11-29 18:08:15',1,'2018-11-29 18:08:15','798fcb91187549a5b3b9338b0e8d9485',141,74,'8寸'),(251,'2018-11-29 18:08:15',1,'2018-11-29 18:08:15','798fcb91187549a5b3b9338b0e8d9485',141,74,'6寸'),(252,'2018-11-29 18:09:07',1,'2018-11-29 18:09:07','798fcb91187549a5b3b9338b0e8d9485',142,75,'12寸'),(253,'2018-11-29 18:09:07',1,'2018-11-29 18:09:07','798fcb91187549a5b3b9338b0e8d9485',142,75,'10寸'),(254,'2018-11-29 18:09:07',1,'2018-11-29 18:09:07','798fcb91187549a5b3b9338b0e8d9485',142,75,'8寸'),(255,'2018-11-29 18:09:07',1,'2018-11-29 18:09:07','798fcb91187549a5b3b9338b0e8d9485',142,75,'6寸'),(256,'2018-11-29 18:10:42',1,'2018-11-29 18:10:42','798fcb91187549a5b3b9338b0e8d9485',143,76,'12寸'),(257,'2018-11-29 18:10:42',1,'2018-11-29 18:10:42','798fcb91187549a5b3b9338b0e8d9485',143,76,'10寸'),(258,'2018-11-29 18:10:42',1,'2018-11-29 18:10:42','798fcb91187549a5b3b9338b0e8d9485',143,76,'8寸'),(259,'2018-11-29 18:10:42',1,'2018-11-29 18:10:42','798fcb91187549a5b3b9338b0e8d9485',143,76,'6寸'),(260,'2018-11-29 18:15:48',1,'2018-11-29 18:15:48','798fcb91187549a5b3b9338b0e8d9485',144,77,'12寸'),(261,'2018-11-29 18:15:48',1,'2018-11-29 18:15:48','798fcb91187549a5b3b9338b0e8d9485',144,77,'10寸'),(262,'2018-11-29 18:15:48',1,'2018-11-29 18:15:48','798fcb91187549a5b3b9338b0e8d9485',144,77,'8寸'),(263,'2018-11-29 18:15:48',1,'2018-11-29 18:15:48','798fcb91187549a5b3b9338b0e8d9485',144,77,'6寸'),(264,'2018-11-29 18:17:36',1,'2018-11-29 18:17:36','798fcb91187549a5b3b9338b0e8d9485',145,78,'12寸'),(265,'2018-11-29 18:17:36',1,'2018-11-29 18:17:36','798fcb91187549a5b3b9338b0e8d9485',145,78,'10寸'),(266,'2018-11-29 18:17:36',1,'2018-11-29 18:17:36','798fcb91187549a5b3b9338b0e8d9485',145,78,'8寸'),(267,'2018-11-29 18:17:36',1,'2018-11-29 18:17:36','798fcb91187549a5b3b9338b0e8d9485',145,78,'6寸'),(268,'2018-11-29 18:18:46',1,'2018-11-29 18:18:46','798fcb91187549a5b3b9338b0e8d9485',146,79,'12寸'),(269,'2018-11-29 18:18:46',1,'2018-11-29 18:18:46','798fcb91187549a5b3b9338b0e8d9485',146,79,'10寸'),(270,'2018-11-29 18:18:46',1,'2018-11-29 18:18:46','798fcb91187549a5b3b9338b0e8d9485',146,79,'8寸'),(271,'2018-11-29 18:18:46',1,'2018-11-29 18:18:46','798fcb91187549a5b3b9338b0e8d9485',146,79,'6寸'),(272,'2018-11-29 18:19:57',1,'2018-11-29 18:19:57','798fcb91187549a5b3b9338b0e8d9485',147,80,'12寸'),(273,'2018-11-29 18:19:57',1,'2018-11-29 18:19:57','798fcb91187549a5b3b9338b0e8d9485',147,80,'10寸'),(274,'2018-11-29 18:19:57',1,'2018-11-29 18:19:57','798fcb91187549a5b3b9338b0e8d9485',147,80,'8寸'),(275,'2018-11-29 18:19:57',1,'2018-11-29 18:19:57','798fcb91187549a5b3b9338b0e8d9485',147,80,'6寸'),(277,'2018-12-27 18:55:25',1,'2018-12-27 18:55:25','d8f0329e3e2844aebf6ef06f6dc42e57',165,82,'雏鹰特训升级版');

/*Table structure for table `sh_keywords` */

DROP TABLE IF EXISTS `sh_keywords`;

CREATE TABLE `sh_keywords` (
  `id` bigint(20) NOT NULL AUTO_INCREMENT COMMENT '主键ID',
  `create_time` datetime NOT NULL COMMENT '创建时间',
  `optlock` bigint(20) NOT NULL DEFAULT '1' COMMENT '乐观锁',
  `update_time` datetime NOT NULL COMMENT '修改时间',
  `keyword` varchar(90) DEFAULT NULL COMMENT '关键字',
  `scheme_url` varchar(255) DEFAULT NULL COMMENT '关键词的跳转链接',
  `is_hot` int(11) DEFAULT NULL COMMENT '热销',
  `is_default` int(11) DEFAULT NULL COMMENT '默认',
  `is_show` int(11) DEFAULT NULL COMMENT '显示',
  `sort_order` int(11) DEFAULT NULL COMMENT '排序',
  `type` int(11) DEFAULT NULL COMMENT '类型',
  `appid` varchar(255) DEFAULT NULL,
  PRIMARY KEY (`id`)
) ENGINE=InnoDB DEFAULT CHARSET=utf8mb4 COMMENT='关键字';

/*Data for the table `sh_keywords` */

/*Table structure for table `sh_order` */

DROP TABLE IF EXISTS `sh_order`;

CREATE TABLE `sh_order` (
  `id` bigint(20) NOT NULL AUTO_INCREMENT COMMENT '主键ID',
  `create_time` datetime NOT NULL COMMENT '创建时间',
  `optlock` bigint(20) NOT NULL DEFAULT '1' COMMENT '乐观锁',
  `update_time` datetime NOT NULL COMMENT '修改时间',
  `user_id` int(11) DEFAULT NULL COMMENT '收货人用户id',
  `goods_name` varchar(60) DEFAULT NULL COMMENT '商品标题',
  `order_status` varchar(11) DEFAULT NULL COMMENT '订单状态',
  `order_type` varchar(11) DEFAULT NULL COMMENT '订单类型(SELF:普通订单;SELF:自提订单)',
  `discount_type` int(11) DEFAULT NULL COMMENT '优惠类型(01:首单优惠;02:减运费;03:使用卡券;04:积分减免)',
  `consignee` varchar(60) DEFAULT NULL COMMENT '收货人',
  `country` varchar(50) DEFAULT NULL COMMENT '国家',
  `province` varchar(50) DEFAULT NULL COMMENT '省',
  `city` varchar(50) DEFAULT NULL COMMENT '市',
  `area` varchar(50) DEFAULT NULL COMMENT '区',
  `address` varchar(255) DEFAULT NULL COMMENT '详细地址',
  `mobile` varchar(60) DEFAULT NULL COMMENT '收货人电话',
  `postscript` varchar(255) DEFAULT NULL COMMENT '买家留言',
  `pay_status` varchar(11) DEFAULT NULL COMMENT '支付状态',
  `shipping_name` varchar(120) DEFAULT NULL COMMENT '快递公司名字',
  `shipping_no` varchar(32) DEFAULT NULL COMMENT '快递编号',
  `shipping_status` varchar(11) DEFAULT NULL COMMENT '快递状态',
  `freight` decimal(19,2) DEFAULT NULL COMMENT '快递费',
  `actual_price` decimal(19,2) DEFAULT NULL COMMENT '实际需要支付的金额',
  `integral` int(11) DEFAULT NULL COMMENT '积分',
  `integral_money` decimal(19,2) DEFAULT NULL COMMENT '积分抵扣金额',
  `order_price` decimal(19,2) DEFAULT NULL COMMENT '订单总价(商品总价+快递费-优惠-折扣等)',
  `goods_price` decimal(19,2) DEFAULT NULL COMMENT '商品总价',
  `add_time` datetime DEFAULT NULL COMMENT '订单添加时间',
  `confirm_time` datetime DEFAULT NULL COMMENT '订单确认时间',
  `pay_time` datetime DEFAULT NULL COMMENT '支付时间',
  `shipping_time` datetime DEFAULT NULL COMMENT '发货时间',
  `finish_time` datetime DEFAULT NULL COMMENT '完成时间',
  `refund_time` decimal(19,2) DEFAULT NULL COMMENT '退款时间',
  `freight_price` decimal(19,2) DEFAULT NULL COMMENT '配送价格',
  `coupon_id` bigint(20) DEFAULT NULL COMMENT '使用的优惠券id',
  `coupon_price` decimal(19,2) DEFAULT NULL COMMENT '优惠券价格',
  `parent_id` bigint(20) DEFAULT NULL COMMENT '上级订单id',
  `full_cut_price` decimal(19,2) DEFAULT NULL COMMENT '满减价格',
  `order_number` varchar(36) DEFAULT NULL COMMENT '订单编码',
  `appid` varchar(255) DEFAULT NULL,
  PRIMARY KEY (`id`)
) ENGINE=InnoDB AUTO_INCREMENT=109 DEFAULT CHARSET=utf8mb4 COMMENT='订单信息';

/*Data for the table `sh_order` */

insert  into `sh_order`(`id`,`create_time`,`optlock`,`update_time`,`user_id`,`goods_name`,`order_status`,`order_type`,`discount_type`,`consignee`,`country`,`province`,`city`,`area`,`address`,`mobile`,`postscript`,`pay_status`,`shipping_name`,`shipping_no`,`shipping_status`,`freight`,`actual_price`,`integral`,`integral_money`,`order_price`,`goods_price`,`add_time`,`confirm_time`,`pay_time`,`shipping_time`,`finish_time`,`refund_time`,`freight_price`,`coupon_id`,`coupon_price`,`parent_id`,`full_cut_price`,`order_number`,`appid`) values (23,'2018-10-15 13:39:03',1,'2018-10-17 17:40:55',4,NULL,'SUBMIT','DEF',NULL,'林育池','36100','福建省','厦门市','思明区','建发国际大厦234234','1865924375',NULL,'PAYED',NULL,NULL,'SEND','0.00','400.00',NULL,NULL,'400.00','400.00','2018-10-15 13:39:03',NULL,NULL,NULL,NULL,NULL,NULL,NULL,NULL,NULL,NULL,'1810151339030004','d0cdaaaffb874843b66262ef56b0d759'),(24,'2018-10-15 14:02:31',1,'2018-10-17 17:39:55',4,NULL,'SUBMIT','DEF',NULL,'林育池','36100','福建省','厦门市','思明区','建发国际大厦234234','1865924375',NULL,'PAYED',NULL,NULL,'UN_SEND','0.00','400.00',NULL,NULL,'400.00','400.00','2018-10-15 14:02:31',NULL,NULL,NULL,NULL,NULL,NULL,NULL,NULL,NULL,NULL,'1810151402310004','d0cdaaaffb874843b66262ef56b0d759'),(25,'2018-10-15 14:06:44',1,'2018-10-17 17:37:15',4,NULL,'SUBMIT','DEF',NULL,'林育池','36100','福建省','厦门市','思明区','建发国际大厦234234','1865924375',NULL,'PENDING',NULL,NULL,'UN_SEND','0.00','1200.00',NULL,NULL,'1200.00','1200.00','2018-10-15 14:06:44',NULL,NULL,NULL,NULL,NULL,NULL,NULL,NULL,NULL,NULL,'1810151406440004','d0cdaaaffb874843b66262ef56b0d759'),(26,'2018-10-16 21:42:54',1,'2018-10-16 21:42:54',4,NULL,'SUBMIT','DEF',NULL,'林育池','36100','福建省','厦门市','思明区','建发国际大厦234234','1865924375',NULL,'PAYED',NULL,NULL,'UN_SEND','0.00','25.00',NULL,NULL,'25.00','25.00','2018-10-16 21:42:54',NULL,NULL,NULL,NULL,NULL,NULL,NULL,NULL,NULL,NULL,'1810162142530004','d0cdaaaffb874843b66262ef56b0d759'),(27,'2018-10-18 09:55:23',1,'2018-10-18 09:55:23',4,NULL,'SUBMIT','DEF',NULL,'林育池','36100','福建省','厦门市','思明区','建发国际大厦234234','1865924375',NULL,'PENDING',NULL,NULL,'UN_SEND','0.00','2.00',NULL,NULL,'2.00','2.00','2018-10-18 09:55:23',NULL,NULL,NULL,NULL,NULL,NULL,NULL,NULL,NULL,NULL,'1810180955230004','d0cdaaaffb874843b66262ef56b0d759'),(28,'2018-10-21 19:04:07',1,'2018-10-21 19:04:07',4,NULL,'SUBMIT','DEF',NULL,'林亚希',NULL,'福建省','厦门市','集美区','666666','777778888899999',NULL,'PENDING',NULL,NULL,'UN_SEND','0.00','100004.00',NULL,NULL,'100004.00','100004.00','2018-10-21 19:04:07',NULL,NULL,NULL,NULL,NULL,NULL,NULL,NULL,NULL,NULL,'1810211904070004','7a8aff06e0a441b58dab8ea17d9509f7'),(29,'2018-10-21 21:24:33',1,'2018-10-21 21:24:44',5,NULL,'CANCEL','DEF',NULL,'linyuchi',NULL,'福建省','厦门市','思明区','建发国际大厦','18659243705',NULL,'PENDING',NULL,NULL,'UN_SEND','0.00','100000.00',NULL,NULL,'100000.00','100000.00','2018-10-21 21:24:33',NULL,NULL,NULL,NULL,NULL,NULL,NULL,NULL,NULL,NULL,'1810212124330005','7a8aff06e0a441b58dab8ea17d9509f7'),(30,'2018-10-22 09:51:05',1,'2018-10-23 10:09:02',6,NULL,'SUBMIT','DEF',NULL,'林育池',NULL,'福建省','厦门市','思明区','建发国际大厦','18659243705',NULL,'PAYED',NULL,NULL,'UN_SEND','51.00','0.01',NULL,NULL,'0.01','20.00','2018-10-22 09:51:05',NULL,NULL,NULL,NULL,NULL,NULL,NULL,NULL,NULL,NULL,'1810220951040006','be2c510b1b5440dc8550c404031e6035'),(31,'2018-10-22 20:02:29',1,'2018-10-23 12:02:40',5,NULL,'CANCEL','DEF',NULL,'linyuchi',NULL,'福建省','厦门市','思明区','建发国际大厦','18659243705',NULL,'PENDING',NULL,NULL,'UN_SEND','0.00','100000.00',NULL,NULL,'100000.00','100000.00','2018-10-22 20:02:29',NULL,NULL,NULL,NULL,NULL,NULL,NULL,NULL,NULL,NULL,'1810222002290005','7a8aff06e0a441b58dab8ea17d9509f7'),(32,'2018-10-23 11:03:41',1,'2018-11-07 10:17:14',6,NULL,'SUBMIT','DEF',NULL,'林育池',NULL,'福建省','厦门市','思明区','建发国际大厦','18659243705',NULL,'REFUND',NULL,'123123','RETURN','51.00','0.01',NULL,NULL,'71.00','20.00','2018-10-23 11:03:41',NULL,'2018-10-23 11:22:37','2018-11-06 18:15:42',NULL,NULL,NULL,NULL,NULL,NULL,NULL,'1810231103410006','be2c510b1b5440dc8550c404031e6035'),(33,'2018-10-23 11:27:28',1,'2018-10-23 11:28:18',6,NULL,'SUBMIT','DEF',NULL,'林育池',NULL,'福建省','厦门市','思明区','建发国际大厦','18659243705',NULL,'PAYED',NULL,NULL,'UN_SEND','51.00','0.01',NULL,NULL,'71.00','20.00','2018-10-23 11:27:28',NULL,'2018-10-23 11:28:18',NULL,NULL,NULL,NULL,NULL,NULL,NULL,NULL,'1810231127280006','be2c510b1b5440dc8550c404031e6035'),(34,'2018-10-23 11:59:52',1,'2018-10-23 12:00:44',6,NULL,'SUBMIT','DEF',NULL,'林育池',NULL,'福建省','厦门市','思明区','建发国际大厦','18659243705',NULL,'PAYED',NULL,NULL,'UN_SEND','51.00','0.01',NULL,NULL,'71.00','20.00','2018-10-23 11:59:52',NULL,'2018-10-23 12:00:44',NULL,NULL,NULL,NULL,NULL,NULL,NULL,NULL,'1810231159520006','be2c510b1b5440dc8550c404031e6035'),(35,'2018-10-31 09:22:39',1,'2018-10-31 09:22:39',10,NULL,'SUBMIT','DEF',NULL,'test',NULL,'福建省','厦门市','思明区','222222','12222222222',NULL,'PENDING',NULL,NULL,'UN_SEND','0.00','100000.00',NULL,NULL,'100000.00','100000.00','2018-10-31 09:22:39',NULL,NULL,NULL,NULL,NULL,NULL,NULL,NULL,NULL,NULL,'1810310922380010','7a8aff06e0a441b58dab8ea17d9509f7'),(36,'2018-10-31 14:10:28',1,'2018-10-31 14:10:28',10,NULL,'SUBMIT','DEF',NULL,'test',NULL,'福建省','厦门市','思明区','222222','12222222222',NULL,'PENDING',NULL,NULL,'UN_SEND','0.00','100000.00',NULL,NULL,'100000.00','100000.00','2018-10-31 14:10:28',NULL,NULL,NULL,NULL,NULL,NULL,NULL,NULL,NULL,NULL,'1810311410280010','7a8aff06e0a441b58dab8ea17d9509f7'),(37,'2018-11-01 18:58:37',1,'2018-11-01 18:58:38',10,NULL,'SUBMIT','DEF',NULL,'test',NULL,'福建省','厦门市','思明区','222222','12222222222',NULL,'PENDING',NULL,NULL,'UN_SEND','0.00','100000.00',NULL,NULL,'100000.00','100000.00','2018-11-01 18:58:37',NULL,NULL,NULL,NULL,NULL,NULL,NULL,NULL,NULL,NULL,'1811011858370010','7a8aff06e0a441b58dab8ea17d9509f7'),(38,'2018-11-01 19:03:53',1,'2018-11-01 19:03:53',10,NULL,'SUBMIT','DEF',NULL,'test',NULL,'福建省','厦门市','思明区','222222','12222222222',NULL,'PENDING',NULL,NULL,'UN_SEND','0.00','100000.00',NULL,NULL,'100000.00','100000.00','2018-11-01 19:03:53',NULL,NULL,NULL,NULL,NULL,NULL,NULL,NULL,NULL,NULL,'1811011903530010','7a8aff06e0a441b58dab8ea17d9509f7'),(40,'2018-11-02 14:31:31',1,'2018-11-02 14:31:31',10,NULL,'SUBMIT','DEF',NULL,'test',NULL,'福建省','厦门市','思明区','222222','12222222222',NULL,'PENDING',NULL,NULL,'UN_SEND','51.00','71.00',NULL,NULL,'71.00','20.00','2018-11-02 14:31:31',NULL,NULL,NULL,NULL,NULL,NULL,NULL,NULL,NULL,NULL,'1811021431300010','be2c510b1b5440dc8550c404031e6035'),(41,'2018-11-02 14:32:40',1,'2018-11-02 14:32:40',10,NULL,'SUBMIT','DEF',NULL,'test',NULL,'福建省','厦门市','思明区','222222','12222222222',NULL,'PAYED',NULL,NULL,'UN_SEND','51.00','71.00',NULL,NULL,'71.00','20.00','2018-11-02 14:32:40',NULL,NULL,NULL,NULL,NULL,NULL,NULL,NULL,NULL,NULL,'1811021432390010','be2c510b1b5440dc8550c404031e6035'),(42,'2018-11-02 15:33:14',1,'2018-11-02 15:33:14',11,NULL,'SUBMIT','DEF',NULL,'gegw',NULL,'福建省','厦门市','思明区','11','11111111111',NULL,'PAYED',NULL,NULL,'UN_SEND','51.00','71.00',NULL,NULL,'71.00','20.00','2018-11-02 15:33:14',NULL,NULL,NULL,NULL,NULL,NULL,NULL,NULL,NULL,NULL,'1811021533130011','be2c510b1b5440dc8550c404031e6035'),(43,'2018-11-02 15:34:14',1,'2018-11-02 15:34:14',6,NULL,'SUBMIT','DEF',NULL,'林育池',NULL,'福建省','厦门市','思明区','建发国际大厦','18659243705',NULL,'PENDING',NULL,NULL,'UN_SEND','51.00','71.00',NULL,NULL,'71.00','20.00','2018-11-02 15:34:14',NULL,NULL,NULL,NULL,NULL,NULL,NULL,NULL,NULL,NULL,'1811021534140006','be2c510b1b5440dc8550c404031e6035'),(44,'2018-11-02 15:39:13',1,'2018-11-02 15:39:13',11,NULL,'SUBMIT','DEF',NULL,'gegw',NULL,'福建省','厦门市','思明区','11','11111111111',NULL,'PENDING',NULL,NULL,'UN_SEND','51.00','71.00',NULL,NULL,'71.00','20.00','2018-11-02 15:39:13',NULL,NULL,NULL,NULL,NULL,NULL,NULL,NULL,NULL,NULL,'1811021539130011','be2c510b1b5440dc8550c404031e6035'),(45,'2018-11-02 16:36:34',1,'2018-11-02 16:36:34',11,NULL,'SUBMIT','DEF',NULL,'gegw',NULL,'福建省','厦门市','思明区','11','11111111111',NULL,'PENDING',NULL,NULL,'UN_SEND','51.00','71.00',NULL,NULL,'71.00','20.00','2018-11-02 16:36:34',NULL,NULL,NULL,NULL,NULL,NULL,NULL,NULL,NULL,NULL,'1811021636340011','be2c510b1b5440dc8550c404031e6035'),(61,'2018-11-05 20:37:32',1,'2018-11-05 20:37:32',5,NULL,'SUBMIT','DEF',NULL,'linyuchi',NULL,'福建省','厦门市','思明区','建发国际大厦','18659243705',NULL,'PENDING',NULL,NULL,'UN_SEND','51.00','70.00',NULL,NULL,'71.00','20.00','2018-11-05 20:37:32',NULL,NULL,NULL,NULL,NULL,NULL,20,'1.00',NULL,NULL,'1811052037310005','be2c510b1b5440dc8550c404031e6035'),(62,'2018-11-06 09:29:40',1,'2018-11-06 09:29:40',11,NULL,'SUBMIT','DEF',NULL,'gegw',NULL,'福建省','厦门市','思明区','11','11111111111',NULL,'PENDING',NULL,NULL,'UN_SEND','51.00','71.00',NULL,NULL,'71.00','20.00','2018-11-06 09:29:40',NULL,NULL,NULL,NULL,NULL,NULL,NULL,NULL,NULL,NULL,'1811060929390011','be2c510b1b5440dc8550c404031e6035'),(67,'2018-11-06 11:28:19',1,'2018-11-06 11:28:19',5,NULL,'SUBMIT','DEF',NULL,'linyuchi',NULL,'福建省','厦门市','思明区','建发国际大厦','18659243705',NULL,'PENDING',NULL,NULL,'UN_SEND','51.00','61.00',NULL,NULL,'71.00','20.00','2018-11-06 11:28:19',NULL,NULL,NULL,NULL,NULL,NULL,25,'10.00',NULL,NULL,'1811061128180005','be2c510b1b5440dc8550c404031e6035'),(68,'2018-11-06 11:40:48',1,'2018-11-06 11:40:48',5,NULL,'SUBMIT','DEF',NULL,'linyuchi',NULL,'福建省','厦门市','思明区','建发国际大厦','18659243705',NULL,'PENDING',NULL,NULL,'UN_SEND','51.00','63.00',NULL,NULL,'63.00','12.00','2018-11-06 11:40:48',NULL,NULL,NULL,NULL,NULL,NULL,NULL,NULL,NULL,NULL,'1811061140470005','be2c510b1b5440dc8550c404031e6035'),(69,'2018-11-06 14:50:14',1,'2018-11-06 14:50:14',11,NULL,'SUBMIT','DEF',NULL,'gegw',NULL,'福建省','厦门市','思明区','11','11111111111',NULL,'PENDING',NULL,NULL,'UN_SEND','51.00','0.10',NULL,NULL,'71.00','20.00','2018-11-06 14:50:14',NULL,NULL,NULL,NULL,NULL,NULL,27,'10.00',NULL,NULL,'1811061450130011','be2c510b1b5440dc8550c404031e6035'),(70,'2018-11-06 14:52:38',1,'2018-11-06 14:52:38',11,NULL,'SUBMIT','DEF',NULL,'gegw',NULL,'福建省','厦门市','思明区','11','11111111111',NULL,'PENDING',NULL,NULL,'UN_SEND','51.00','70.00',NULL,NULL,'71.00','20.00','2018-11-06 14:52:38',NULL,NULL,NULL,NULL,NULL,NULL,26,'1.00',NULL,NULL,'1811061452370011','be2c510b1b5440dc8550c404031e6035'),(71,'2018-11-06 14:58:06',1,'2018-11-06 14:58:20',11,NULL,'SUBMIT','DEF',NULL,'gegw',NULL,'福建省','厦门市','思明区','11','11111111111',NULL,'PAYED',NULL,NULL,'UN_SEND','0.00','0.01',NULL,NULL,'1.01','1.01','2018-11-06 14:58:06',NULL,'2018-11-06 14:58:20',NULL,NULL,NULL,NULL,28,'1.00',NULL,NULL,'1811061458050011','be2c510b1b5440dc8550c404031e6035'),(72,'2018-11-06 15:00:38',1,'2018-11-06 17:56:41',6,NULL,'SUBMIT','DEF',NULL,'林育池',NULL,'福建省','厦门市','思明区','建发国际大厦','18659243705',NULL,'REFUND',NULL,'12345','RETURN','0.00','0.01',NULL,NULL,'1.01','1.01','2018-11-06 15:00:38',NULL,'2018-11-06 15:00:44','2018-11-06 15:29:56',NULL,NULL,NULL,29,'1.00',NULL,NULL,'1811061500370006','be2c510b1b5440dc8550c404031e6035'),(73,'2018-11-06 18:23:13',1,'2018-11-06 18:23:14',5,NULL,'SUBMIT','DEF',NULL,'linyuchi',NULL,'福建省','厦门市','思明区','建发国际大厦','18659243705',NULL,'PENDING',NULL,NULL,'UN_SEND','0.00','100000.01',NULL,NULL,'100000.01','100000.01','2018-11-06 18:23:13',NULL,NULL,NULL,NULL,NULL,NULL,NULL,NULL,NULL,NULL,'1811061823130005','be2c510b1b5440dc8550c404031e6035'),(74,'2018-11-07 10:46:25',1,'2018-11-07 10:46:57',6,NULL,'SUBMIT','DEF',NULL,'林育池',NULL,'福建省','厦门市','思明区','建发国际大厦','18659243705',NULL,'PAYED',NULL,'立即发货','SEND','0.00','0.01',NULL,NULL,'0.01','0.01','2018-11-07 10:46:25',NULL,'2018-11-07 10:46:32','2018-11-07 10:46:57',NULL,NULL,NULL,NULL,NULL,NULL,NULL,'1811071046250006','be2c510b1b5440dc8550c404031e6035'),(75,'2018-11-07 15:12:00',1,'2018-11-07 15:12:06',6,NULL,'SUBMIT','DEF',NULL,'林育池',NULL,'福建省','厦门市','思明区','建发国际大厦','18659243705',NULL,'PAYED',NULL,NULL,'UN_SEND','0.00','0.01',NULL,NULL,'0.01','0.01','2018-11-07 15:12:00',NULL,'2018-11-07 15:12:06',NULL,NULL,NULL,NULL,NULL,NULL,NULL,NULL,'1811071511590006','be2c510b1b5440dc8550c404031e6035'),(76,'2018-11-07 15:33:26',1,'2018-11-07 15:33:32',6,NULL,'SUBMIT','DEF',NULL,'林育池',NULL,'福建省','厦门市','思明区','建发国际大厦','18659243705',NULL,'PAYED',NULL,NULL,'UN_SEND','0.00','0.01',NULL,NULL,'0.01','0.01','2018-11-07 15:33:26',NULL,'2018-11-07 15:33:32',NULL,NULL,NULL,NULL,NULL,NULL,NULL,NULL,'1811071533260006','be2c510b1b5440dc8550c404031e6035'),(77,'2018-11-07 15:38:09',1,'2018-11-07 15:38:15',6,NULL,'SUBMIT','DEF',NULL,'林育池',NULL,'福建省','厦门市','思明区','建发国际大厦','18659243705',NULL,'PAYED',NULL,NULL,'UN_SEND','0.00','0.01',NULL,NULL,'0.01','0.01','2018-11-07 15:38:09',NULL,'2018-11-07 15:38:15',NULL,NULL,NULL,NULL,NULL,NULL,NULL,NULL,'1811071538090006','be2c510b1b5440dc8550c404031e6035'),(78,'2018-11-07 15:54:35',1,'2018-11-07 16:01:18',6,NULL,'SUBMIT','DEF',NULL,'林育池',NULL,'福建省','厦门市','思明区','建发国际大厦','18659243705',NULL,'REFUND',NULL,'123','RETURN','0.00','0.01',NULL,NULL,'0.01','0.01','2018-11-07 15:54:35',NULL,'2018-11-07 15:54:45','2018-11-07 15:56:47',NULL,NULL,NULL,NULL,NULL,NULL,NULL,'1811071554350006','be2c510b1b5440dc8550c404031e6035'),(79,'2018-11-08 16:57:10',1,'2018-11-08 16:57:10',6,NULL,'SUBMIT','DEF',NULL,'林育池',NULL,'福建省','厦门市','思明区','建发国际大厦','18659243705',NULL,'PENDING',NULL,NULL,'UN_SEND','0.00','0.01',NULL,NULL,'0.01','0.01','2018-11-08 16:57:10',NULL,NULL,NULL,NULL,NULL,NULL,NULL,NULL,NULL,NULL,'1811081657100006','be2c510b1b5440dc8550c404031e6035'),(80,'2018-11-08 17:46:09',1,'2018-11-08 17:46:09',6,NULL,'SUBMIT','DEF',NULL,'林育池',NULL,'福建省','厦门市','思明区','建发国际大厦','18659243705',NULL,'PENDING',NULL,NULL,'UN_SEND','0.00','0.01',NULL,NULL,'0.01','0.01','2018-11-08 17:46:09',NULL,NULL,NULL,NULL,NULL,NULL,NULL,NULL,NULL,NULL,'1811081746080006','be2c510b1b5440dc8550c404031e6035'),(81,'2018-11-08 19:10:06',1,'2018-11-08 19:10:13',6,NULL,'SUBMIT','DEF',NULL,'林育池',NULL,'福建省','厦门市','思明区','建发国际大厦','18659243705',NULL,'PAYED',NULL,NULL,'UN_SEND','0.00','0.01',NULL,NULL,'0.01','0.01','2018-11-08 19:10:06',NULL,'2018-11-08 19:10:13',NULL,NULL,NULL,NULL,NULL,NULL,NULL,NULL,'1811081910050006','be2c510b1b5440dc8550c404031e6035'),(82,'2018-11-08 21:25:09',1,'2018-11-08 21:25:14',6,NULL,'SUBMIT','DEF',NULL,'林育池',NULL,'福建省','厦门市','思明区','建发国际大厦','18659243705',NULL,'PAYED',NULL,NULL,'UN_SEND','0.00','0.01',NULL,NULL,'0.01','0.01','2018-11-08 21:25:09',NULL,'2018-11-08 21:25:14',NULL,NULL,NULL,NULL,NULL,NULL,NULL,NULL,'1811082125080006','be2c510b1b5440dc8550c404031e6035'),(83,'2018-11-08 21:27:52',1,'2018-11-08 21:27:58',6,NULL,'SUBMIT','DEF',NULL,'林育池',NULL,'福建省','厦门市','思明区','建发国际大厦','18659243705',NULL,'PAYED',NULL,NULL,'UN_SEND','0.00','0.01',NULL,NULL,'0.01','0.01','2018-11-08 21:27:52',NULL,'2018-11-08 21:27:58',NULL,NULL,NULL,NULL,NULL,NULL,NULL,NULL,'1811082127510006','be2c510b1b5440dc8550c404031e6035'),(84,'2018-11-08 21:30:36',1,'2018-11-08 21:30:43',6,NULL,'SUBMIT','DEF',NULL,'林育池',NULL,'福建省','厦门市','思明区','建发国际大厦','18659243705',NULL,'PAYED',NULL,NULL,'UN_SEND','0.00','0.01',NULL,NULL,'0.01','0.01','2018-11-08 21:30:36',NULL,'2018-11-08 21:30:43',NULL,NULL,NULL,NULL,NULL,NULL,NULL,NULL,'1811082130360006','be2c510b1b5440dc8550c404031e6035'),(85,'2018-11-08 21:36:49',1,'2018-11-08 21:43:30',6,NULL,'SUBMIT','DEF',NULL,'林育池',NULL,'福建省','厦门市','思明区','建发国际大厦','18659243705',NULL,'PAYED',NULL,'12345','SEND','0.00','0.01',NULL,NULL,'0.01','0.01','2018-11-08 21:36:49',NULL,'2018-11-08 21:36:55','2018-11-08 21:43:30',NULL,NULL,NULL,NULL,NULL,NULL,NULL,'1811082136480006','be2c510b1b5440dc8550c404031e6035'),(86,'2018-11-08 21:54:49',1,'2018-11-08 21:56:33',6,NULL,'SUBMIT','DEF',NULL,'林育池',NULL,'福建省','厦门市','思明区','建发国际大厦','18659243705',NULL,'REFUND',NULL,NULL,'UN_SEND','0.00','20.00',NULL,NULL,'20.00','20.00','2018-11-08 21:54:49',NULL,'2018-11-08 21:54:56',NULL,NULL,NULL,NULL,NULL,NULL,NULL,NULL,'1811082154480006','be2c510b1b5440dc8550c404031e6035'),(87,'2018-11-08 22:12:25',1,'2018-11-08 22:12:25',6,NULL,'SUBMIT','DEF',NULL,'林育池',NULL,'福建省','厦门市','思明区','建发国际大厦','18659243705',NULL,'PENDING',NULL,NULL,'UN_SEND','0.00','12.00',NULL,NULL,'12.00','12.00','2018-11-08 22:12:25',NULL,NULL,NULL,NULL,NULL,NULL,NULL,NULL,NULL,NULL,'1811082212250006','be2c510b1b5440dc8550c404031e6035'),(88,'2018-11-08 22:12:54',1,'2018-11-08 22:13:01',6,NULL,'SUBMIT','DEF',NULL,'林育池',NULL,'福建省','厦门市','思明区','建发国际大厦','18659243705',NULL,'PAYED',NULL,NULL,'UN_SEND','0.00','0.01',NULL,NULL,'0.01','0.01','2018-11-08 22:12:54',NULL,'2018-11-08 22:13:01',NULL,NULL,NULL,NULL,NULL,NULL,NULL,NULL,'1811082212540006','be2c510b1b5440dc8550c404031e6035'),(89,'2018-11-12 16:18:30',1,'2018-11-12 16:18:31',6,NULL,'SUBMIT','DEF',NULL,'林育池',NULL,'福建省','厦门市','思明区','建发国际大厦','18659243705',NULL,'PENDING',NULL,NULL,'UN_SEND','0.00','0.02',NULL,NULL,'0.02','0.02','2018-11-12 16:18:30',NULL,NULL,NULL,NULL,NULL,NULL,NULL,NULL,NULL,NULL,'1811121618300006','be2c510b1b5440dc8550c404031e6035'),(90,'2018-12-01 09:55:14',1,'2018-12-01 13:25:45',12,NULL,'SUBMIT','DEF',NULL,'林育池',NULL,'福建省','厦门市','思明区','建发','18659243705',NULL,'REFUND',NULL,NULL,'UN_SEND','0.00','1.00',NULL,NULL,'69.00','69.00','2018-12-01 09:55:14',NULL,'2018-12-01 13:23:37',NULL,NULL,NULL,NULL,NULL,NULL,NULL,NULL,'1812010955140012','d8f0329e3e2844aebf6ef06f6dc42e57'),(91,'2018-12-01 10:04:46',1,'2018-12-01 13:25:12',17,NULL,'SUBMIT','DEF',NULL,'冯小欢',NULL,'福建省','厦门市','思明区','海艺大厦','13159470382',NULL,'REFUND',NULL,NULL,'UN_SEND','0.00','69.00',NULL,NULL,'69.00','69.00','2018-12-01 10:04:46',NULL,'2018-12-01 10:05:57',NULL,NULL,NULL,NULL,NULL,NULL,NULL,NULL,'1812011004450017','d8f0329e3e2844aebf6ef06f6dc42e57'),(92,'2018-12-02 11:59:57',1,'2018-12-02 12:00:51',12,NULL,'SUBMIT','DEF',NULL,'林育池',NULL,'福建省','厦门市','思明区','建发','18659243705',NULL,'PAYED',NULL,NULL,'UN_SEND','0.00','1.00',NULL,NULL,'69.00','69.00','2018-12-02 11:59:57',NULL,'2018-12-02 12:00:51',NULL,NULL,NULL,NULL,NULL,NULL,NULL,NULL,'1812021159570012','d8f0329e3e2844aebf6ef06f6dc42e57'),(93,'2018-12-02 12:05:26',1,'2018-12-02 12:06:31',12,NULL,'SUBMIT','DEF',NULL,'林育池',NULL,'福建省','厦门市','思明区','建发','18659243705',NULL,'PAYED',NULL,NULL,'UN_SEND','0.00','0.01',NULL,NULL,'69.00','69.00','2018-12-02 12:05:26',NULL,'2018-12-02 12:06:31',NULL,NULL,NULL,NULL,NULL,NULL,NULL,NULL,'1812021205260012','d8f0329e3e2844aebf6ef06f6dc42e57'),(94,'2018-12-02 12:10:22',1,'2018-12-02 12:11:24',12,NULL,'SUBMIT','DEF',NULL,'林育池',NULL,'福建省','厦门市','思明区','建发','18659243705',NULL,'PAYED',NULL,NULL,'UN_SEND','0.00','0.01',NULL,NULL,'69.00','69.00','2018-12-02 12:10:22',NULL,'2018-12-02 12:11:24',NULL,NULL,NULL,NULL,NULL,NULL,NULL,NULL,'1812021210220012','d8f0329e3e2844aebf6ef06f6dc42e57'),(95,'2018-12-07 14:21:29',1,'2018-12-07 14:21:30',20,NULL,'SUBMIT','DEF',NULL,'洪志艺',NULL,'福建省','厦门市','思明区',NULL,'13559458889',NULL,'PENDING',NULL,NULL,'UN_SEND','0.00','100.00',NULL,NULL,'100.00','100.00','2018-12-07 14:21:29',NULL,NULL,NULL,NULL,NULL,NULL,NULL,NULL,NULL,NULL,'1812071421290020','d8f0329e3e2844aebf6ef06f6dc42e57'),(96,'2018-12-09 14:38:43',1,'2018-12-12 21:02:10',18,NULL,'CANCEL','DEF',NULL,'罗先生',NULL,'福建省','漳州市','芗城区','611','17759226001',NULL,'PENDING',NULL,NULL,'UN_SEND','0.00','98.00',NULL,NULL,'98.00','98.00','2018-12-09 14:38:43',NULL,NULL,NULL,NULL,NULL,NULL,NULL,NULL,NULL,NULL,'1812091438420018','d8f0329e3e2844aebf6ef06f6dc42e57'),(97,'2018-12-17 20:34:41',1,'2018-12-17 20:34:49',47,NULL,'SUBMIT','DEF',NULL,'郑兴文',NULL,'福建省','漳州市','龙文区','龙文区香榭花都3栋1506室','18159560567',NULL,'PAYED',NULL,NULL,'UN_SEND','0.00','328.00',NULL,NULL,'328.00','328.00','2018-12-17 20:34:41',NULL,'2018-12-17 20:34:49',NULL,NULL,NULL,NULL,NULL,NULL,NULL,NULL,'1812172034400047','d8f0329e3e2844aebf6ef06f6dc42e57'),(98,'2018-12-19 21:39:32',1,'2018-12-19 21:39:39',61,NULL,'SUBMIT','DEF',NULL,'庄文财',NULL,'福建省','漳州市','芗城区','天宝镇后塘村上塘15号','15959683306',NULL,'PAYED',NULL,NULL,'UN_SEND','0.00','120.00',NULL,NULL,'120.00','120.00','2018-12-19 21:39:32',NULL,'2018-12-19 21:39:39',NULL,NULL,NULL,NULL,NULL,NULL,NULL,NULL,'1812192139310061','d8f0329e3e2844aebf6ef06f6dc42e57'),(99,'2018-12-25 14:43:55',1,'2018-12-25 14:44:04',18,NULL,'SUBMIT','DEF',NULL,'罗先生',NULL,'福建省','漳州市','芗城区','611','17759226001',NULL,'PAYED',NULL,NULL,'UN_SEND','0.00','0.01',NULL,NULL,'0.01','0.01','2018-12-25 14:43:55',NULL,'2018-12-25 14:44:04',NULL,NULL,NULL,NULL,NULL,NULL,NULL,NULL,'1812251443550018','d8f0329e3e2844aebf6ef06f6dc42e57'),(100,'2018-12-25 15:30:44',1,'2018-12-25 15:30:52',18,NULL,'SUBMIT','DEF',NULL,'罗先生',NULL,'福建省','漳州市','芗城区','611','17759226001',NULL,'PAYED',NULL,NULL,'UN_SEND','0.00','0.01',NULL,NULL,'0.01','0.01','2018-12-25 15:30:44',NULL,'2018-12-25 15:30:52',NULL,NULL,NULL,NULL,NULL,NULL,NULL,NULL,'1812251530440018','d8f0329e3e2844aebf6ef06f6dc42e57'),(101,'2018-12-25 15:35:11',1,'2018-12-25 15:35:17',21,NULL,'SUBMIT','DEF',NULL,'郑建胜',NULL,'福建省','漳州市','龙海市','角美镇吴宅村','13159164680',NULL,'PAYED',NULL,NULL,'UN_SEND','0.00','0.01',NULL,NULL,'0.01','0.01','2018-12-25 15:35:11',NULL,'2018-12-25 15:35:17',NULL,NULL,NULL,NULL,NULL,NULL,NULL,NULL,'1812251535110021','d8f0329e3e2844aebf6ef06f6dc42e57'),(102,'2018-12-25 15:37:19',1,'2018-12-25 15:37:28',103,NULL,'SUBMIT','DEF',NULL,'阿胜',NULL,'福建省','厦门市','思明区','888号楼','13159164680',NULL,'PAYED',NULL,NULL,'UN_SEND','0.00','0.01',NULL,NULL,'0.01','0.01','2018-12-25 15:37:19',NULL,'2018-12-25 15:37:28',NULL,NULL,NULL,NULL,NULL,NULL,NULL,NULL,'1812251537180103','d8f0329e3e2844aebf6ef06f6dc42e57'),(103,'2018-12-25 15:46:42',1,'2018-12-25 15:46:49',18,NULL,'SUBMIT','DEF',NULL,'罗先生',NULL,'福建省','漳州市','芗城区','611','17759226001',NULL,'PAYED',NULL,NULL,'UN_SEND','0.00','0.01',NULL,NULL,'0.01','0.01','2018-12-25 15:46:42',NULL,'2018-12-25 15:46:49',NULL,NULL,NULL,NULL,NULL,NULL,NULL,NULL,'1812251546420018','d8f0329e3e2844aebf6ef06f6dc42e57'),(104,'2018-12-25 15:47:13',1,'2018-12-25 15:47:19',18,NULL,'SUBMIT','DEF',NULL,'罗先生',NULL,'福建省','漳州市','芗城区','611','17759226001',NULL,'PAYED',NULL,NULL,'UN_SEND','0.00','0.01',NULL,NULL,'0.01','0.01','2018-12-25 15:47:13',NULL,'2018-12-25 15:47:19',NULL,NULL,NULL,NULL,NULL,NULL,NULL,NULL,'1812251547120018','d8f0329e3e2844aebf6ef06f6dc42e57'),(105,'2018-12-25 15:47:46',1,'2018-12-25 15:47:54',18,NULL,'SUBMIT','DEF',NULL,'罗先生',NULL,'福建省','漳州市','芗城区','611','17759226001',NULL,'PAYED',NULL,NULL,'UN_SEND','0.00','0.01',NULL,NULL,'0.01','0.01','2018-12-25 15:47:46',NULL,'2018-12-25 15:47:54',NULL,NULL,NULL,NULL,NULL,NULL,NULL,NULL,'1812251547460018','d8f0329e3e2844aebf6ef06f6dc42e57'),(106,'2019-01-09 09:30:59',1,'2019-01-09 09:30:59',11,NULL,'SUBMIT','DEF',NULL,'gegw',NULL,'福建省','厦门市','思明区','11','11111111111',NULL,'PAYED',NULL,NULL,'SEND','0.00','0.05',NULL,NULL,'0.05','0.05','2019-01-09 09:30:59',NULL,NULL,NULL,NULL,NULL,NULL,NULL,NULL,NULL,NULL,'1901090930580011','be2c510b1b5440dc8550c404031e6035'),(107,'2019-01-21 18:23:32',1,'2019-01-21 18:23:32',6,NULL,'SUBMIT','DEF',NULL,'林育池',NULL,'福建省','厦门市','思明区','建发国际大厦','18659243705',NULL,'PENDING',NULL,NULL,'UN_SEND',NULL,'1.00',NULL,NULL,'1.00','1.00','2019-01-21 18:23:32',NULL,NULL,NULL,NULL,NULL,NULL,NULL,NULL,NULL,NULL,'1901211823320006','4afd59eac1084c999371d28d06534a75'),(108,'2019-01-21 18:37:14',1,'2019-01-22 15:53:22',6,NULL,'CANCEL','DEF',NULL,'林育池',NULL,'福建省','厦门市','思明区','建发国际大厦','18659243705',NULL,'PENDING',NULL,NULL,'UN_SEND',NULL,'1.00',NULL,NULL,'1.00','1.00','2019-01-21 18:37:14',NULL,NULL,NULL,NULL,NULL,NULL,NULL,NULL,NULL,NULL,'1901211837130006','4afd59eac1084c999371d28d06534a75');

/*Table structure for table `sh_order_goods` */

DROP TABLE IF EXISTS `sh_order_goods`;

CREATE TABLE `sh_order_goods` (
  `id` bigint(20) NOT NULL AUTO_INCREMENT COMMENT '主键ID',
  `create_time` datetime NOT NULL COMMENT '创建时间',
  `optlock` bigint(20) NOT NULL DEFAULT '1' COMMENT '乐观锁',
  `update_time` datetime NOT NULL COMMENT '修改时间',
  `order_id` bigint(20) DEFAULT NULL COMMENT '订单Id',
  `goods_id` bigint(20) DEFAULT NULL COMMENT '商品id',
  `product_id` bigint(20) DEFAULT NULL COMMENT '产品Id',
  `number` int(11) DEFAULT NULL COMMENT '商品数量',
  `market_price` decimal(19,2) DEFAULT NULL COMMENT '市场价',
  `retail_price` decimal(19,2) DEFAULT NULL COMMENT '零售价格',
  `is_real` int(11) DEFAULT NULL COMMENT '虚拟商品',
  `appid` varchar(255) DEFAULT NULL,
  `goods_name` varchar(255) DEFAULT NULL COMMENT '商品名称',
  `thumbnail_url` varchar(255) DEFAULT NULL COMMENT '缩略图',
  `spec_value` varchar(255) DEFAULT NULL COMMENT '规格名称',
  PRIMARY KEY (`id`)
) ENGINE=InnoDB AUTO_INCREMENT=115 DEFAULT CHARSET=utf8mb4 COMMENT='订单商品关系';

/*Data for the table `sh_order_goods` */

insert  into `sh_order_goods`(`id`,`create_time`,`optlock`,`update_time`,`order_id`,`goods_id`,`product_id`,`number`,`market_price`,`retail_price`,`is_real`,`appid`,`goods_name`,`thumbnail_url`,`spec_value`) values (22,'2018-10-15 13:39:03',1,'2018-10-15 13:39:03',23,32,7,1,'400.00','400.00',NULL,'d0cdaaaffb874843b66262ef56b0d759','席梦思','http://yanxuan.nosdn.127.net/129d47ee8e76e045d835e29556048ece.jpg',NULL),(23,'2018-10-15 14:02:32',1,'2018-10-15 14:02:32',24,32,7,1,'400.00','400.00',NULL,'d0cdaaaffb874843b66262ef56b0d759','席梦思','http://yanxuan.nosdn.127.net/129d47ee8e76e045d835e29556048ece.jpg',NULL),(24,'2018-10-15 14:06:44',1,'2018-10-15 14:06:44',25,32,5,1,'200.00','200.00',NULL,'d0cdaaaffb874843b66262ef56b0d759','席梦思','http://yanxuan.nosdn.127.net/129d47ee8e76e045d835e29556048ece.jpg','白色,1.5米'),(25,'2018-10-15 14:06:44',1,'2018-10-15 14:06:44',25,32,9,1,'600.00','600.00',NULL,'d0cdaaaffb874843b66262ef56b0d759','席梦思','http://yanxuan.nosdn.127.net/129d47ee8e76e045d835e29556048ece.jpg','黑色,1.5米'),(26,'2018-10-15 14:06:45',1,'2018-10-15 14:06:45',25,32,7,1,'400.00','400.00',NULL,'d0cdaaaffb874843b66262ef56b0d759','席梦思','http://yanxuan.nosdn.127.net/129d47ee8e76e045d835e29556048ece.jpg','红色,1.5米'),(27,'2018-10-16 21:42:54',1,'2018-10-16 21:42:54',26,51,12,2,'12.50','12.50',NULL,'d0cdaaaffb874843b66262ef56b0d759','新增带规格','http://venice-test-bucket.oss-cn-beijing.aliyuncs.com/upload/shgoods/201810161539671559086_5620.jpg','红色_2KG'),(28,'2018-10-18 09:55:23',1,'2018-10-18 09:55:23',27,45,24,1,'2.00','2.00',NULL,'d0cdaaaffb874843b66262ef56b0d759','新增乌龟哥','http://venice-test-bucket.oss-cn-beijing.aliyuncs.com/upload/shgoods/201810161539670934858_1185.jpg',NULL),(29,'2018-10-21 19:04:07',1,'2018-10-21 19:04:07',28,45,24,2,'2.00','2.00',NULL,'7a8aff06e0a441b58dab8ea17d9509f7','新增乌龟哥','http://venice-test-bucket.oss-cn-beijing.aliyuncs.com/upload/shgoods/201810161539670934858_1185.jpg',NULL),(30,'2018-10-21 19:04:07',1,'2018-10-21 19:04:07',28,54,25,1,'100000.00','100000.00',NULL,'7a8aff06e0a441b58dab8ea17d9509f7','卡特彼勒 305.5E2 挖掘机 ','http://venice-test-bucket.oss-cn-beijing.aliyuncs.com/upload/shgoods/201810211540112280981_6697.png',NULL),(31,'2018-10-21 21:24:33',1,'2018-10-21 21:24:33',29,54,25,1,'100000.00','100000.00',NULL,'7a8aff06e0a441b58dab8ea17d9509f7','卡特彼勒 305.5E2 挖掘机 ','http://venice-test-bucket.oss-cn-beijing.aliyuncs.com/upload/shgoods/201810211540112280981_6697.png',NULL),(32,'2018-10-22 09:51:05',1,'2018-10-22 09:51:05',30,55,26,1,'15.00','20.00',NULL,'be2c510b1b5440dc8550c404031e6035','凤凰仙都门票','http://venice-test-bucket.oss-cn-beijing.aliyuncs.com/upload/shgoods/201810221540171789183_6917.jpg',NULL),(33,'2018-10-22 20:02:29',1,'2018-10-22 20:02:29',31,54,25,1,'100000.00','100000.00',NULL,'7a8aff06e0a441b58dab8ea17d9509f7','卡特彼勒 305.5E2 挖掘机 ','http://venice-test-bucket.oss-cn-beijing.aliyuncs.com/upload/shgoods/201810211540112280981_6697.png',NULL),(34,'2018-10-23 11:03:41',1,'2018-10-23 11:03:41',32,55,26,1,'15.00','20.00',NULL,'be2c510b1b5440dc8550c404031e6035','凤凰仙都门票','http://venice-test-bucket.oss-cn-beijing.aliyuncs.com/upload/shgoods/201810221540171789183_6917.jpg',NULL),(35,'2018-10-23 11:27:28',1,'2018-10-23 11:27:28',33,55,26,1,'15.00','20.00',NULL,'be2c510b1b5440dc8550c404031e6035','凤凰仙都门票','http://venice-test-bucket.oss-cn-beijing.aliyuncs.com/upload/shgoods/201810221540171789183_6917.jpg',NULL),(36,'2018-10-23 11:59:52',1,'2018-10-23 11:59:52',34,55,26,1,'15.00','20.00',NULL,'be2c510b1b5440dc8550c404031e6035','凤凰仙都门票','http://venice-test-bucket.oss-cn-beijing.aliyuncs.com/upload/shgoods/201810221540171789183_6917.jpg',NULL),(37,'2018-10-31 09:22:39',1,'2018-10-31 09:22:39',35,54,25,1,'100000.00','100000.00',NULL,'7a8aff06e0a441b58dab8ea17d9509f7','卡特彼勒 305.5E2 挖掘机 ','http://venice-test-bucket.oss-cn-beijing.aliyuncs.com/upload/shgoods/201810211540112280981_6697.png',NULL),(38,'2018-10-31 14:10:28',1,'2018-10-31 14:10:28',36,54,25,1,'100000.00','100000.00',NULL,'7a8aff06e0a441b58dab8ea17d9509f7','卡特彼勒 305.5E2 挖掘机 ','http://venice-test-bucket.oss-cn-beijing.aliyuncs.com/upload/shgoods/201810211540112280981_6697.png',NULL),(39,'2018-11-01 18:58:37',1,'2018-11-01 18:58:37',37,54,25,1,'100000.00','100000.00',NULL,'7a8aff06e0a441b58dab8ea17d9509f7','卡特彼勒 305.5E2 挖掘机 ','http://venice-test-bucket.oss-cn-beijing.aliyuncs.com/upload/shgoods/201810211540112280981_6697.png',NULL),(40,'2018-11-01 19:03:53',1,'2018-11-01 19:03:53',38,54,25,1,'100000.00','100000.00',NULL,'7a8aff06e0a441b58dab8ea17d9509f7','卡特彼勒 305.5E2 挖掘机 ','http://venice-test-bucket.oss-cn-beijing.aliyuncs.com/upload/shgoods/201810211540112280981_6697.png',NULL),(42,'2018-11-02 14:31:31',1,'2018-11-02 14:31:31',40,55,26,1,'15.00','20.00',NULL,'be2c510b1b5440dc8550c404031e6035','凤凰仙都门票','http://venice-test-bucket.oss-cn-beijing.aliyuncs.com/upload/shgoods/201810221540171789183_6917.jpg',NULL),(43,'2018-11-02 14:32:40',1,'2018-11-02 14:32:40',41,55,26,1,'15.00','20.00',NULL,'be2c510b1b5440dc8550c404031e6035','凤凰仙都门票','http://venice-test-bucket.oss-cn-beijing.aliyuncs.com/upload/shgoods/201810221540171789183_6917.jpg',NULL),(44,'2018-11-02 15:33:14',1,'2018-11-02 15:33:14',42,55,26,1,'15.00','20.00',NULL,'be2c510b1b5440dc8550c404031e6035','凤凰仙都门票','http://venice-test-bucket.oss-cn-beijing.aliyuncs.com/upload/shgoods/201810221540171789183_6917.jpg',NULL),(45,'2018-11-02 15:34:14',1,'2018-11-02 15:34:14',43,55,26,1,'15.00','20.00',NULL,'be2c510b1b5440dc8550c404031e6035','凤凰仙都门票','http://venice-test-bucket.oss-cn-beijing.aliyuncs.com/upload/shgoods/201810221540171789183_6917.jpg',NULL),(46,'2018-11-02 15:39:13',1,'2018-11-02 15:39:13',44,55,26,1,'15.00','20.00',NULL,'be2c510b1b5440dc8550c404031e6035','凤凰仙都门票','http://venice-test-bucket.oss-cn-beijing.aliyuncs.com/upload/shgoods/201810221540171789183_6917.jpg',NULL),(47,'2018-11-02 16:36:34',1,'2018-11-02 16:36:34',45,55,26,1,'15.00','20.00',NULL,'be2c510b1b5440dc8550c404031e6035','凤凰仙都门票','http://venice-test-bucket.oss-cn-beijing.aliyuncs.com/upload/shgoods/201810221540171789183_6917.jpg',NULL),(48,'2018-11-05 11:36:18',1,'2018-11-05 11:36:18',46,62,34,1,'15.00','20.00',NULL,'be2c510b1b5440dc8550c404031e6035','凤凰仙都门票','http://venice-test-bucket.oss-cn-beijing.aliyuncs.com/upload/shgoods/201810221540171789183_6917.jpg',NULL),(56,'2018-11-05 18:47:45',1,'2018-11-05 18:47:45',51,55,26,1,'15.00','20.00',NULL,'be2c510b1b5440dc8550c404031e6035','凤凰仙都门票','http://venice-test-bucket.oss-cn-beijing.aliyuncs.com/upload/shgoods/201810221540171789183_6917.jpg',NULL),(57,'2018-11-05 20:20:50',1,'2018-11-05 20:20:50',52,55,26,1,'15.00','20.00',NULL,'be2c510b1b5440dc8550c404031e6035','凤凰仙都门票','http://venice-test-bucket.oss-cn-beijing.aliyuncs.com/upload/shgoods/201810221540171789183_6917.jpg',NULL),(58,'2018-11-05 20:21:07',1,'2018-11-05 20:21:07',53,62,34,1,'15.00','20.00',NULL,'be2c510b1b5440dc8550c404031e6035','凤凰仙都门票','http://venice-test-bucket.oss-cn-beijing.aliyuncs.com/upload/shgoods/201810221540171789183_6917.jpg',NULL),(59,'2018-11-05 20:22:30',1,'2018-11-05 20:22:30',54,62,34,1,'15.00','20.00',NULL,'be2c510b1b5440dc8550c404031e6035','凤凰仙都门票','http://venice-test-bucket.oss-cn-beijing.aliyuncs.com/upload/shgoods/201810221540171789183_6917.jpg',NULL),(60,'2018-11-05 20:22:42',1,'2018-11-05 20:22:42',55,55,26,1,'15.00','20.00',NULL,'be2c510b1b5440dc8550c404031e6035','凤凰仙都门票','http://venice-test-bucket.oss-cn-beijing.aliyuncs.com/upload/shgoods/201810221540171789183_6917.jpg',NULL),(61,'2018-11-05 20:24:13',1,'2018-11-05 20:24:13',56,55,26,1,'15.00','20.00',NULL,'be2c510b1b5440dc8550c404031e6035','凤凰仙都门票','http://venice-test-bucket.oss-cn-beijing.aliyuncs.com/upload/shgoods/201810221540171789183_6917.jpg',NULL),(62,'2018-11-05 20:25:37',1,'2018-11-05 20:25:37',57,55,26,1,'15.00','20.00',NULL,'be2c510b1b5440dc8550c404031e6035','凤凰仙都门票','http://venice-test-bucket.oss-cn-beijing.aliyuncs.com/upload/shgoods/201810221540171789183_6917.jpg',NULL),(63,'2018-11-05 20:28:05',1,'2018-11-05 20:28:05',58,55,26,1,'15.00','20.00',NULL,'be2c510b1b5440dc8550c404031e6035','凤凰仙都门票','http://venice-test-bucket.oss-cn-beijing.aliyuncs.com/upload/shgoods/201810221540171789183_6917.jpg',NULL),(64,'2018-11-05 20:29:10',1,'2018-11-05 20:29:10',59,55,26,1,'15.00','20.00',NULL,'be2c510b1b5440dc8550c404031e6035','凤凰仙都门票','http://venice-test-bucket.oss-cn-beijing.aliyuncs.com/upload/shgoods/201810221540171789183_6917.jpg',NULL),(65,'2018-11-05 20:29:54',1,'2018-11-05 20:29:54',60,55,26,1,'15.00','20.00',NULL,'be2c510b1b5440dc8550c404031e6035','凤凰仙都门票','http://venice-test-bucket.oss-cn-beijing.aliyuncs.com/upload/shgoods/201810221540171789183_6917.jpg',NULL),(66,'2018-11-05 20:37:32',1,'2018-11-05 20:37:32',61,55,26,1,'15.00','20.00',NULL,'be2c510b1b5440dc8550c404031e6035','凤凰仙都门票','http://venice-test-bucket.oss-cn-beijing.aliyuncs.com/upload/shgoods/201810221540171789183_6917.jpg',NULL),(67,'2018-11-06 09:29:40',1,'2018-11-06 09:29:40',62,62,34,1,'15.00','20.00',NULL,'be2c510b1b5440dc8550c404031e6035','凤凰仙都门票','http://venice-test-bucket.oss-cn-beijing.aliyuncs.com/upload/shgoods/201810221540171789183_6917.jpg',NULL),(72,'2018-11-06 11:28:19',1,'2018-11-06 11:28:19',67,62,34,1,'15.00','20.00',NULL,'be2c510b1b5440dc8550c404031e6035','凤凰仙都门票','http://venice-test-bucket.oss-cn-beijing.aliyuncs.com/upload/shgoods/201810221540171789183_6917.jpg',NULL),(73,'2018-11-06 11:40:48',1,'2018-11-06 11:40:48',68,63,37,1,'12.00','12.00',NULL,'be2c510b1b5440dc8550c404031e6035','凤凰仙都门票','http://venice-test-bucket.oss-cn-beijing.aliyuncs.com/upload/shgoods/201811061541473510040_9573.jpg','周日_周一'),(74,'2018-11-06 14:50:14',1,'2018-11-06 14:50:14',69,62,34,1,'15.00','20.00',NULL,'be2c510b1b5440dc8550c404031e6035','凤凰仙都门票','http://venice-test-bucket.oss-cn-beijing.aliyuncs.com/upload/shgoods/201810221540171789183_6917.jpg',NULL),(75,'2018-11-06 14:52:38',1,'2018-11-06 14:52:38',70,62,34,1,'15.00','20.00',NULL,'be2c510b1b5440dc8550c404031e6035','凤凰仙都门票','http://venice-test-bucket.oss-cn-beijing.aliyuncs.com/upload/shgoods/201810221540171789183_6917.jpg',NULL),(76,'2018-11-06 14:58:06',1,'2018-11-06 14:58:06',71,67,45,1,'15.00','1.01',NULL,'be2c510b1b5440dc8550c404031e6035','凤凰仙都门票4444','http://venice-test-bucket.oss-cn-beijing.aliyuncs.com/upload/shgoods/201810221540171789183_6917.jpg',NULL),(77,'2018-11-06 15:00:38',1,'2018-11-06 15:00:38',72,67,45,1,'15.00','1.01',NULL,'be2c510b1b5440dc8550c404031e6035','凤凰仙都门票4444','http://venice-test-bucket.oss-cn-beijing.aliyuncs.com/upload/shgoods/201810221540171789183_6917.jpg',NULL),(78,'2018-11-06 18:23:13',1,'2018-11-06 18:23:13',73,54,25,1,'100000.00','100000.00',NULL,'be2c510b1b5440dc8550c404031e6035','卡特彼勒 305.5E2 挖掘机 ','http://venice-test-bucket.oss-cn-beijing.aliyuncs.com/upload/shgoods/201810211540112280981_6697.png',NULL),(79,'2018-11-06 18:23:13',1,'2018-11-06 18:23:13',73,66,44,1,'15.00','0.01',NULL,'be2c510b1b5440dc8550c404031e6035','凤凰仙都门票3333','http://venice-test-bucket.oss-cn-beijing.aliyuncs.com/upload/shgoods/201810221540171789183_6917.jpg',NULL),(80,'2018-11-07 10:46:25',1,'2018-11-07 10:46:25',74,65,43,1,'15.00','0.01',NULL,'be2c510b1b5440dc8550c404031e6035','凤凰仙都门票','http://venice-test-bucket.oss-cn-beijing.aliyuncs.com/upload/shgoods/201810221540171789183_6917.jpg',NULL),(81,'2018-11-07 15:12:00',1,'2018-11-07 15:12:00',75,65,43,1,'15.00','0.01',NULL,'be2c510b1b5440dc8550c404031e6035','凤凰仙都门票','http://venice-test-bucket.oss-cn-beijing.aliyuncs.com/upload/shgoods/201810221540171789183_6917.jpg',NULL),(82,'2018-11-07 15:33:26',1,'2018-11-07 15:33:26',76,65,43,1,'15.00','0.01',NULL,'be2c510b1b5440dc8550c404031e6035','凤凰仙都门票','http://venice-test-bucket.oss-cn-beijing.aliyuncs.com/upload/shgoods/201810221540171789183_6917.jpg',NULL),(83,'2018-11-07 15:38:09',1,'2018-11-07 15:38:09',77,65,43,1,'15.00','0.01',NULL,'be2c510b1b5440dc8550c404031e6035','凤凰仙都门票','http://venice-test-bucket.oss-cn-beijing.aliyuncs.com/upload/shgoods/201810221540171789183_6917.jpg',NULL),(84,'2018-11-07 15:54:35',1,'2018-11-07 15:54:35',78,65,43,1,'15.00','0.01',NULL,'be2c510b1b5440dc8550c404031e6035','凤凰仙都门票','http://venice-test-bucket.oss-cn-beijing.aliyuncs.com/upload/shgoods/201810221540171789183_6917.jpg',NULL),(85,'2018-11-08 16:57:10',1,'2018-11-08 16:57:10',79,65,43,1,'15.00','0.01',NULL,'be2c510b1b5440dc8550c404031e6035','凤凰仙都门票','http://venice-test-bucket.oss-cn-beijing.aliyuncs.com/upload/shgoods/201810221540171789183_6917.jpg',NULL),(86,'2018-11-08 17:46:09',1,'2018-11-08 17:46:09',80,65,43,1,'15.00','0.01',NULL,'be2c510b1b5440dc8550c404031e6035','凤凰仙都门票','http://venice-test-bucket.oss-cn-beijing.aliyuncs.com/upload/shgoods/201810221540171789183_6917.jpg',NULL),(87,'2018-11-08 19:10:06',1,'2018-11-08 19:10:06',81,65,43,1,'15.00','0.01',NULL,'be2c510b1b5440dc8550c404031e6035','凤凰仙都门票','http://venice-test-bucket.oss-cn-beijing.aliyuncs.com/upload/shgoods/201810221540171789183_6917.jpg',NULL),(88,'2018-11-08 21:25:09',1,'2018-11-08 21:25:09',82,65,43,1,'15.00','0.01',NULL,'be2c510b1b5440dc8550c404031e6035','凤凰仙都门票','http://venice-test-bucket.oss-cn-beijing.aliyuncs.com/upload/shgoods/201810221540171789183_6917.jpg',NULL),(89,'2018-11-08 21:27:52',1,'2018-11-08 21:27:52',83,65,43,1,'15.00','0.01',NULL,'be2c510b1b5440dc8550c404031e6035','凤凰仙都门票','http://venice-test-bucket.oss-cn-beijing.aliyuncs.com/upload/shgoods/201810221540171789183_6917.jpg',NULL),(90,'2018-11-08 21:30:36',1,'2018-11-08 21:30:36',84,65,43,1,'15.00','0.01',NULL,'be2c510b1b5440dc8550c404031e6035','凤凰仙都门票','http://venice-test-bucket.oss-cn-beijing.aliyuncs.com/upload/shgoods/201810221540171789183_6917.jpg',NULL),(91,'2018-11-08 21:36:49',1,'2018-11-08 21:36:49',85,65,43,1,'15.00','0.01',NULL,'be2c510b1b5440dc8550c404031e6035','凤凰仙都门票','http://venice-test-bucket.oss-cn-beijing.aliyuncs.com/upload/shgoods/201810221540171789183_6917.jpg',NULL),(92,'2018-11-08 21:54:49',1,'2018-11-08 21:54:49',86,62,34,1,'15.00','20.00',NULL,'be2c510b1b5440dc8550c404031e6035','凤凰仙都门票','http://venice-test-bucket.oss-cn-beijing.aliyuncs.com/upload/shgoods/201810221540171789183_6917.jpg',NULL),(93,'2018-11-08 22:12:25',1,'2018-11-08 22:12:25',87,63,37,1,'12.00','12.00',NULL,'be2c510b1b5440dc8550c404031e6035','凤凰仙都门票','http://venice-test-bucket.oss-cn-beijing.aliyuncs.com/upload/shgoods/201811061541473510040_9573.jpg','周日_周一'),(94,'2018-11-08 22:12:54',1,'2018-11-08 22:12:54',88,66,44,1,'15.00','0.01',NULL,'be2c510b1b5440dc8550c404031e6035','凤凰仙都门票3333','http://venice-test-bucket.oss-cn-beijing.aliyuncs.com/upload/shgoods/201810221540171789183_6917.jpg',NULL),(95,'2018-11-12 16:18:31',1,'2018-11-12 16:18:31',89,65,43,2,'15.00','0.01',NULL,'be2c510b1b5440dc8550c404031e6035','凤凰仙都门票','http://venice-test-bucket.oss-cn-beijing.aliyuncs.com/upload/shgoods/201810221540171789183_6917.jpg',NULL),(96,'2018-12-01 09:55:14',1,'2018-12-01 09:55:14',90,71,49,1,'69.00','69.00',NULL,'d8f0329e3e2844aebf6ef06f6dc42e57','吃鸡战场','http://venice-test-bucket.oss-cn-beijing.aliyuncs.com/upload/shgoods/201811071541569910902_4838.jpg',NULL),(97,'2018-12-01 10:04:46',1,'2018-12-01 10:04:46',91,71,49,1,'69.00','69.00',NULL,'d8f0329e3e2844aebf6ef06f6dc42e57','吃鸡战场','http://venice-test-bucket.oss-cn-beijing.aliyuncs.com/upload/shgoods/201811071541569910902_4838.jpg',NULL),(98,'2018-12-02 11:59:57',1,'2018-12-02 11:59:57',92,71,49,1,'69.00','69.00',NULL,'d8f0329e3e2844aebf6ef06f6dc42e57','吃鸡战场','http://venice-test-bucket.oss-cn-beijing.aliyuncs.com/upload/shgoods/201812011543632698841_1211.jpg',NULL),(99,'2018-12-02 12:05:26',1,'2018-12-02 12:05:26',93,71,49,1,'69.00','69.00',NULL,'d8f0329e3e2844aebf6ef06f6dc42e57','吃鸡战场','http://venice-test-bucket.oss-cn-beijing.aliyuncs.com/upload/shgoods/201812011543632698841_1211.jpg',NULL),(100,'2018-12-02 12:10:22',1,'2018-12-02 12:10:22',94,71,49,1,'69.00','69.00',NULL,'d8f0329e3e2844aebf6ef06f6dc42e57','吃鸡战场','http://venice-test-bucket.oss-cn-beijing.aliyuncs.com/upload/shgoods/201812011543632698841_1211.jpg',NULL),(101,'2018-12-07 14:21:29',1,'2018-12-07 14:21:29',95,154,306,1,'288.00','100.00',NULL,'d8f0329e3e2844aebf6ef06f6dc42e57','年度会员','http://venice-test-bucket.oss-cn-beijing.aliyuncs.com/upload/shgoods/201812071544157528788_5890.jpg',NULL),(102,'2018-12-09 14:38:43',1,'2018-12-09 14:38:43',96,158,310,1,'188.00','98.00',NULL,'d8f0329e3e2844aebf6ef06f6dc42e57','丛林CS','http://venice-test-bucket.oss-cn-beijing.aliyuncs.com/upload/shgoods/201812091544319550399_8571.jpg',NULL),(103,'2018-12-17 20:34:41',1,'2018-12-17 20:34:41',97,70,48,1,'388.00','328.00',NULL,'d8f0329e3e2844aebf6ef06f6dc42e57','鹰训三期','http://venice-test-bucket.oss-cn-beijing.aliyuncs.com/upload/shgoods/201811071541569752744_5762.jpg',NULL),(104,'2018-12-19 21:39:32',1,'2018-12-19 21:39:32',98,154,306,1,'288.00','120.00',NULL,'d8f0329e3e2844aebf6ef06f6dc42e57','年度会员','http://venice-test-bucket.oss-cn-beijing.aliyuncs.com/upload/shgoods/201812071544157528788_5890.jpg',NULL),(105,'2018-12-25 14:43:55',1,'2018-12-25 14:43:55',99,168,320,1,'0.10','0.01',NULL,'d8f0329e3e2844aebf6ef06f6dc42e57','单项产品','http://venice-test-bucket.oss-cn-beijing.aliyuncs.com/upload/shgoods/201812201545291816384_9676.jpg',NULL),(106,'2018-12-25 15:30:44',1,'2018-12-25 15:30:44',100,168,320,1,'0.10','0.01',NULL,'d8f0329e3e2844aebf6ef06f6dc42e57','单项产品','http://venice-test-bucket.oss-cn-beijing.aliyuncs.com/upload/shgoods/201812201545291816384_9676.jpg',NULL),(107,'2018-12-25 15:35:11',1,'2018-12-25 15:35:11',101,168,320,1,'0.10','0.01',NULL,'d8f0329e3e2844aebf6ef06f6dc42e57','单项产品','http://venice-test-bucket.oss-cn-beijing.aliyuncs.com/upload/shgoods/201812201545291816384_9676.jpg',NULL),(108,'2018-12-25 15:37:19',1,'2018-12-25 15:37:19',102,168,320,1,'0.10','0.01',NULL,'d8f0329e3e2844aebf6ef06f6dc42e57','单项产品','http://venice-test-bucket.oss-cn-beijing.aliyuncs.com/upload/shgoods/201812201545291816384_9676.jpg',NULL),(109,'2018-12-25 15:46:42',1,'2018-12-25 15:46:42',103,168,320,1,'0.10','0.01',NULL,'d8f0329e3e2844aebf6ef06f6dc42e57','单项产品','http://venice-test-bucket.oss-cn-beijing.aliyuncs.com/upload/shgoods/201812201545291816384_9676.jpg',NULL),(110,'2018-12-25 15:47:13',1,'2018-12-25 15:47:13',104,168,320,1,'0.10','0.01',NULL,'d8f0329e3e2844aebf6ef06f6dc42e57','单项产品','http://venice-test-bucket.oss-cn-beijing.aliyuncs.com/upload/shgoods/201812201545291816384_9676.jpg',NULL),(111,'2018-12-25 15:47:46',1,'2018-12-25 15:47:46',105,168,320,1,'0.10','0.01',NULL,'d8f0329e3e2844aebf6ef06f6dc42e57','单项产品','http://venice-test-bucket.oss-cn-beijing.aliyuncs.com/upload/shgoods/201812201545291816384_9676.jpg',NULL),(112,'2019-01-09 09:30:59',1,'2019-01-09 09:30:59',106,62,34,5,'15.00','0.01',NULL,'be2c510b1b5440dc8550c404031e6035','凤凰仙都门票','http://image.enfunly.com/upload/shgoods/201810221540171789183_6917.jpg',NULL),(113,'2019-01-21 18:23:32',1,'2019-01-21 18:23:32',107,175,330,1,'1.00','1.00',NULL,'4afd59eac1084c999371d28d06534a75','aga','http://venice-test-bucket.oss-cn-beijing.aliyuncs.com/20190115/fde7ac3053a74530bb69d4d843711218.jpg',NULL),(114,'2019-01-21 18:37:14',1,'2019-01-21 18:37:14',108,175,330,1,'1.00','1.00',NULL,'4afd59eac1084c999371d28d06534a75','aga','http://venice-test-bucket.oss-cn-beijing.aliyuncs.com/20190115/fde7ac3053a74530bb69d4d843711218.jpg',NULL);

/*Table structure for table `sh_order_log` */

DROP TABLE IF EXISTS `sh_order_log`;

CREATE TABLE `sh_order_log` (
  `id` bigint(20) NOT NULL AUTO_INCREMENT COMMENT '主键ID',
  `create_time` datetime NOT NULL COMMENT '创建时间',
  `optlock` bigint(20) NOT NULL DEFAULT '1' COMMENT '乐观锁',
  `update_time` datetime NOT NULL COMMENT '修改时间',
  `content` varchar(255) DEFAULT NULL COMMENT '操作内容',
  `user_name` varchar(255) DEFAULT NULL COMMENT '操作者',
  `order_id` bigint(20) DEFAULT NULL COMMENT '订单id',
  `appid` varchar(255) DEFAULT NULL,
  PRIMARY KEY (`id`)
) ENGINE=InnoDB AUTO_INCREMENT=234 DEFAULT CHARSET=utf8mb4 COMMENT='订单日志';

/*Data for the table `sh_order_log` */

insert  into `sh_order_log`(`id`,`create_time`,`optlock`,`update_time`,`content`,`user_name`,`order_id`,`appid`) values (4,'2018-10-15 09:47:46',1,'2018-10-15 09:47:46','新建待提交订单','微信用户zuf2lpoa3wne',4,NULL),(5,'2018-10-15 09:53:02',1,'2018-10-15 09:53:02','新建待提交订单','微信用户zuf2lpoa3wne',5,NULL),(6,'2018-10-15 10:21:06',1,'2018-10-15 10:21:06','新建待提交订单','微信用户zuf2lpoa3wne',6,NULL),(7,'2018-10-15 10:22:02',1,'2018-10-15 10:22:02','新建待提交订单','微信用户zuf2lpoa3wne',7,NULL),(8,'2018-10-15 10:24:19',1,'2018-10-15 10:24:19','新建待提交订单','微信用户zuf2lpoa3wne',8,NULL),(9,'2018-10-15 11:05:16',1,'2018-10-15 11:05:16','新建待提交订单','微信用户zuf2lpoa3wne',9,NULL),(10,'2018-10-15 11:10:12',1,'2018-10-15 11:10:12','新建待提交订单','微信用户zuf2lpoa3wne',10,NULL),(11,'2018-10-15 11:11:17',1,'2018-10-15 11:11:17','新建待提交订单','微信用户zuf2lpoa3wne',11,NULL),(12,'2018-10-15 11:12:57',1,'2018-10-15 11:12:57','新建待提交订单','微信用户zuf2lpoa3wne',12,NULL),(13,'2018-10-15 11:13:57',1,'2018-10-15 11:13:57','新建待提交订单','微信用户zuf2lpoa3wne',13,NULL),(14,'2018-10-15 11:16:46',1,'2018-10-15 11:16:46','新建待提交订单','微信用户zuf2lpoa3wne',14,NULL),(15,'2018-10-15 11:18:58',1,'2018-10-15 11:18:58','新建待提交订单','微信用户zuf2lpoa3wne',15,NULL),(16,'2018-10-15 11:19:56',1,'2018-10-15 11:19:56','新建待提交订单','微信用户zuf2lpoa3wne',16,NULL),(17,'2018-10-15 11:23:32',1,'2018-10-15 11:23:32','新建待提交订单','微信用户zuf2lpoa3wne',17,NULL),(18,'2018-10-15 11:41:57',1,'2018-10-15 11:41:57','新建待提交订单','微信用户zuf2lpoa3wne',18,NULL),(19,'2018-10-15 11:44:19',1,'2018-10-15 11:44:19','新建待提交订单','微信用户zuf2lpoa3wne',19,NULL),(20,'2018-10-15 11:48:28',1,'2018-10-15 11:48:28','新建待提交订单','微信用户zuf2lpoa3wne',20,NULL),(21,'2018-10-15 11:50:42',1,'2018-10-15 11:50:42','新建待提交订单','微信用户zuf2lpoa3wne',21,NULL),(22,'2018-10-15 11:53:05',1,'2018-10-15 11:53:05','新建待提交订单','微信用户zuf2lpoa3wne',22,NULL),(23,'2018-10-15 13:39:03',1,'2018-10-15 13:39:03','新建待提交订单','微信用户zuf2lpoa3wne',23,NULL),(24,'2018-10-15 14:02:32',1,'2018-10-15 14:02:32','新建待提交订单','微信用户zuf2lpoa3wne',24,NULL),(25,'2018-10-15 14:06:45',1,'2018-10-15 14:06:45','新建待提交订单','微信用户zuf2lpoa3wne',25,NULL),(26,'2018-10-16 21:42:54',1,'2018-10-16 21:42:54','新建待提交订单','微信用户zuf2lpoa3wne',26,NULL),(27,'2018-10-17 17:26:17',1,'2018-10-17 17:26:17','用户取消订单','微信用户zuf2lpoa3wne',25,NULL),(28,'2018-10-17 17:26:53',1,'2018-10-17 17:26:53','用户取消订单','微信用户zuf2lpoa3wne',25,NULL),(29,'2018-10-17 17:29:48',1,'2018-10-17 17:29:48','用户取消订单','微信用户zuf2lpoa3wne',25,NULL),(30,'2018-10-17 17:31:27',1,'2018-10-17 17:31:27','用户取消订单','微信用户zuf2lpoa3wne',24,NULL),(31,'2018-10-17 17:33:22',1,'2018-10-17 17:33:22','用户取消订单','微信用户zuf2lpoa3wne',23,NULL),(32,'2018-10-17 17:34:36',1,'2018-10-17 17:34:36','用户取消订单','微信用户zuf2lpoa3wne',25,NULL),(33,'2018-10-17 17:35:05',1,'2018-10-17 17:35:05','用户取消订单','微信用户zuf2lpoa3wne',24,NULL),(34,'2018-10-17 17:36:23',1,'2018-10-17 17:36:23','用户取消订单','微信用户zuf2lpoa3wne',23,NULL),(35,'2018-10-17 17:37:15',1,'2018-10-17 17:37:15','用户取消订单','微信用户zuf2lpoa3wne',25,NULL),(36,'2018-10-17 17:39:55',1,'2018-10-17 17:39:55','用户取消订单','微信用户zuf2lpoa3wne',24,NULL),(37,'2018-10-17 17:40:55',1,'2018-10-17 17:40:55','用户取消订单','微信用户zuf2lpoa3wne',23,NULL),(38,'2018-10-18 09:55:23',1,'2018-10-18 09:55:23','新建待提交订单','微信用户zuf2lpoa3wne',27,NULL),(39,'2018-10-18 11:52:45',1,'2018-10-18 11:52:45','用户提交退款申请','微信用户zuf2lpoa3wne',26,NULL),(40,'2018-10-18 17:01:53',1,'2018-10-18 17:01:53','用户提交退款申请','微信用户zuf2lpoa3wne',23,NULL),(41,'2018-10-18 17:08:09',1,'2018-10-18 17:08:09','用户提交退款申请','微信用户zuf2lpoa3wne',24,NULL),(42,'2018-10-18 17:09:50',1,'2018-10-18 17:09:50','用户提交退款申请','微信用户zuf2lpoa3wne',23,NULL),(43,'2018-10-18 17:14:02',1,'2018-10-18 17:14:02','用户提交退款申请','微信用户zuf2lpoa3wne',24,NULL),(44,'2018-10-18 20:46:07',1,'2018-10-18 20:46:07','用户提交退货申请','微信用户zuf2lpoa3wne',23,NULL),(45,'2018-10-21 19:04:07',1,'2018-10-21 19:04:07','新建待提交订单','微信用户zuf2lpoa3wne',28,NULL),(46,'2018-10-21 21:24:33',1,'2018-10-21 21:24:33','新建待提交订单','微信用户c1oluaws1a26',29,NULL),(47,'2018-10-21 21:24:44',1,'2018-10-21 21:24:44','用户取消订单','微信用户c1oluaws1a26',29,NULL),(48,'2018-10-22 09:51:05',1,'2018-10-22 09:51:05','新建待提交订单','微信用户xykpdjbf7dk3',30,NULL),(49,'2018-10-22 20:02:29',1,'2018-10-22 20:02:29','新建待提交订单','微信用户c1oluaws1a26',31,NULL),(50,'2018-10-23 10:09:02',1,'2018-10-23 10:09:02','用户使用微信支付','微信登陆',30,NULL),(51,'2018-10-23 11:03:41',1,'2018-10-23 11:03:41','新建待提交订单','微信用户xykpdjbf7dk3',32,NULL),(52,'2018-10-23 11:22:37',1,'2018-10-23 11:22:37','用户使用微信支付','微信登陆',32,NULL),(53,'2018-10-23 11:27:28',1,'2018-10-23 11:27:28','新建待提交订单','微信用户xykpdjbf7dk3',33,NULL),(54,'2018-10-23 11:28:18',1,'2018-10-23 11:28:18','用户使用微信支付','微信登陆',33,NULL),(55,'2018-10-23 11:34:08',1,'2018-10-23 11:34:08','用户提交退款申请','微信用户xykpdjbf7dk3',33,NULL),(56,'2018-10-23 11:37:20',1,'2018-10-23 11:37:20','用户提交退款申请','微信用户xykpdjbf7dk3',30,NULL),(57,'2018-10-23 11:59:52',1,'2018-10-23 11:59:52','新建待提交订单','微信用户xykpdjbf7dk3',34,NULL),(58,'2018-10-23 12:00:44',1,'2018-10-23 12:00:44','用户使用微信支付','微信登陆',34,NULL),(59,'2018-10-23 12:02:03',1,'2018-10-23 12:02:03','用户提交退款申请','微信用户xykpdjbf7dk3',34,NULL),(60,'2018-10-23 12:02:40',1,'2018-10-23 12:02:40','用户取消订单','微信用户c1oluaws1a26',31,NULL),(61,'2018-10-31 09:22:39',1,'2018-10-31 09:22:39','新建待提交订单','微信用户z2p5ldu9fob2',35,NULL),(62,'2018-10-31 14:10:28',1,'2018-10-31 14:10:28','新建待提交订单','微信用户z2p5ldu9fob2',36,NULL),(63,'2018-10-31 20:01:16',1,'2018-10-31 20:01:16','管理员发货订单','admin',32,NULL),(64,'2018-10-31 20:02:54',1,'2018-10-31 20:02:54','管理员发货订单','admin',32,NULL),(68,'2018-11-01 18:58:37',1,'2018-11-01 18:58:37','新建待提交订单','微信用户z2p5ldu9fob2',37,NULL),(69,'2018-11-01 19:03:53',1,'2018-11-01 19:03:53','新建待提交订单','微信用户z2p5ldu9fob2',38,NULL),(70,'2018-11-02 14:31:31',1,'2018-11-02 14:31:31','新建待提交订单','微信用户z2p5ldu9fob2',40,NULL),(71,'2018-11-02 14:32:40',1,'2018-11-02 14:32:40','新建待提交订单','微信用户z2p5ldu9fob2',41,NULL),(72,'2018-11-02 15:33:14',1,'2018-11-02 15:33:14','新建待提交订单','微信用户adpg6hekzi7w',42,NULL),(73,'2018-11-02 15:34:14',1,'2018-11-02 15:34:14','新建待提交订单','微信用户xykpdjbf7dk3',43,NULL),(74,'2018-11-02 15:35:20',1,'2018-11-02 15:35:20','用户提交退款申请','微信用户adpg6hekzi7w',42,NULL),(75,'2018-11-02 15:39:13',1,'2018-11-02 15:39:13','新建待提交订单','微信用户adpg6hekzi7w',44,NULL),(76,'2018-11-02 16:36:34',1,'2018-11-02 16:36:34','新建待提交订单','微信用户adpg6hekzi7w',45,NULL),(77,'2018-11-05 11:36:19',1,'2018-11-05 11:36:19','新建待提交订单','微信用户adpg6hekzi7w',46,NULL),(78,'2018-11-05 18:47:45',1,'2018-11-05 18:47:45','新建待提交订单','微信用户c1oluaws1a26',51,NULL),(79,'2018-11-05 20:20:50',1,'2018-11-05 20:20:50','新建待提交订单','微信用户c1oluaws1a26',52,NULL),(80,'2018-11-05 20:21:07',1,'2018-11-05 20:21:07','新建待提交订单','微信用户c1oluaws1a26',53,NULL),(81,'2018-11-05 20:22:30',1,'2018-11-05 20:22:30','新建待提交订单','微信用户c1oluaws1a26',54,NULL),(82,'2018-11-05 20:22:42',1,'2018-11-05 20:22:42','新建待提交订单','微信用户c1oluaws1a26',55,NULL),(83,'2018-11-05 20:24:13',1,'2018-11-05 20:24:13','新建待提交订单','微信用户c1oluaws1a26',56,NULL),(84,'2018-11-05 20:25:37',1,'2018-11-05 20:25:37','新建待提交订单','微信用户c1oluaws1a26',57,NULL),(85,'2018-11-05 20:28:05',1,'2018-11-05 20:28:05','新建待提交订单','微信用户c1oluaws1a26',58,NULL),(86,'2018-11-05 20:29:25',1,'2018-11-05 20:29:25','新建待提交订单','微信用户c1oluaws1a26',59,NULL),(87,'2018-11-05 20:30:08',1,'2018-11-05 20:30:08','新建待提交订单','微信用户c1oluaws1a26',60,NULL),(88,'2018-11-05 20:37:32',1,'2018-11-05 20:37:32','新建待提交订单','微信用户c1oluaws1a26',61,NULL),(89,'2018-11-06 09:29:40',1,'2018-11-06 09:29:40','新建待提交订单','微信用户adpg6hekzi7w',62,NULL),(90,'2018-11-06 11:28:19',1,'2018-11-06 11:28:19','新建待提交订单','微信用户c1oluaws1a26',67,NULL),(91,'2018-11-06 11:40:48',1,'2018-11-06 11:40:48','新建待提交订单','微信用户c1oluaws1a26',68,NULL),(92,'2018-11-06 14:50:14',1,'2018-11-06 14:50:14','新建待提交订单','微信用户adpg6hekzi7w',69,NULL),(93,'2018-11-06 14:52:38',1,'2018-11-06 14:52:38','新建待提交订单','微信用户adpg6hekzi7w',70,NULL),(94,'2018-11-06 14:58:06',1,'2018-11-06 14:58:06','新建待提交订单','微信用户adpg6hekzi7w',71,NULL),(95,'2018-11-06 14:58:20',1,'2018-11-06 14:58:20','用户使用微信支付','微信登陆',71,NULL),(96,'2018-11-06 15:00:38',1,'2018-11-06 15:00:38','新建待提交订单','微信用户xykpdjbf7dk3',72,NULL),(97,'2018-11-06 15:00:44',1,'2018-11-06 15:00:44','用户使用微信支付','微信登陆',72,NULL),(98,'2018-11-06 15:29:56',1,'2018-11-06 15:29:56','管理员发货订单','admin',72,NULL),(99,'2018-11-06 16:51:03',1,'2018-11-06 16:51:03','用户提交退货申请','微信用户xykpdjbf7dk3',72,NULL),(100,'2018-11-06 17:48:57',1,'2018-11-06 17:48:57','退货审核不通过:null','林育池',72,NULL),(101,'2018-11-06 17:54:09',1,'2018-11-06 17:54:09','退货审核不通过:同意','林育池',72,NULL),(102,'2018-11-06 17:54:59',1,'2018-11-06 17:54:59','退货审核通过:同意退货','林育池',72,NULL),(103,'2018-11-06 17:56:40',1,'2018-11-06 17:56:40','退款退货完成:12','林育池',72,NULL),(104,'2018-11-06 17:56:40',1,'2018-11-06 17:56:40','退款退货完成:12','林育池',72,NULL),(105,'2018-11-06 18:15:42',1,'2018-11-06 18:15:42','管理员发货订单','admin',32,NULL),(106,'2018-11-06 19:36:57',1,'2018-11-06 19:36:57','用户提交退货申请','微信用户xykpdjbf7dk3',32,NULL),(107,'2018-11-06 19:40:31',1,'2018-11-06 19:40:31','用户提交退货申请','微信用户xykpdjbf7dk3',32,NULL),(108,'2018-11-06 19:42:16',1,'2018-11-06 19:42:16','用户提交退货申请','微信用户xykpdjbf7dk3',32,NULL),(109,'2018-11-06 18:23:14',1,'2018-11-06 18:23:14','新建待提交订单','微信用户c1oluaws1a26',73,NULL),(110,'2018-11-06 19:44:27',1,'2018-11-06 19:44:27','用户提交退货申请','微信用户xykpdjbf7dk3',32,NULL),(111,'2018-11-06 19:48:09',1,'2018-11-06 19:48:09','用户提交退货申请','微信用户xykpdjbf7dk3',32,NULL),(112,'2018-11-06 18:28:00',1,'2018-11-06 18:28:00','退货审核通过:同意','林育池',32,NULL),(115,'2018-11-07 10:17:11',1,'2018-11-07 10:17:11','退款退货完成:0.01','林育池',32,NULL),(116,'2018-11-07 10:17:14',1,'2018-11-07 10:17:14','退款退货完成:0.01','林育池',32,NULL),(117,'2018-11-07 10:46:25',1,'2018-11-07 10:46:25','新建待提交订单','微信用户xykpdjbf7dk3',74,NULL),(118,'2018-11-07 10:46:32',1,'2018-11-07 10:46:32','用户使用微信支付','微信登陆',74,NULL),(119,'2018-11-07 10:46:57',1,'2018-11-07 10:46:57','管理员发货订单','admin',74,NULL),(120,'2018-11-07 10:47:20',1,'2018-11-07 10:47:20','用户提交退货申请','微信用户xykpdjbf7dk3',74,NULL),(121,'2018-11-07 10:47:50',1,'2018-11-07 10:47:50','退货审核通过:同意','林育池',74,NULL),(126,'2018-11-07 15:12:00',1,'2018-11-07 15:12:00','新建待提交订单','微信用户xykpdjbf7dk3',75,NULL),(127,'2018-11-07 15:12:06',1,'2018-11-07 15:12:06','用户使用微信支付','微信登陆',75,NULL),(128,'2018-11-07 15:33:26',1,'2018-11-07 15:33:26','新建待提交订单','微信用户xykpdjbf7dk3',76,NULL),(129,'2018-11-07 15:33:32',1,'2018-11-07 15:33:32','用户使用微信支付','微信登陆',76,NULL),(130,'2018-11-07 15:38:09',1,'2018-11-07 15:38:09','新建待提交订单','微信用户xykpdjbf7dk3',77,NULL),(131,'2018-11-07 15:38:15',1,'2018-11-07 15:38:15','用户使用微信支付','微信登陆',77,NULL),(132,'2018-11-07 15:54:35',1,'2018-11-07 15:54:35','新建待提交订单','微信用户xykpdjbf7dk3',78,NULL),(133,'2018-11-07 15:54:45',1,'2018-11-07 15:54:45','用户使用微信支付','微信登陆',78,NULL),(134,'2018-11-07 15:56:47',1,'2018-11-07 15:56:47','管理员发货订单','admin',78,NULL),(135,'2018-11-07 15:57:10',1,'2018-11-07 15:57:10','用户提交退货申请','微信用户xykpdjbf7dk3',78,NULL),(136,'2018-11-07 15:57:22',1,'2018-11-07 15:57:22','退货审核通过:12345','林育池',78,NULL),(139,'2018-11-07 16:01:18',1,'2018-11-07 16:01:18','退款退货完成:0.01','林育池',78,NULL),(140,'2018-11-07 16:01:18',1,'2018-11-07 16:01:18','退款退货完成:0.01','林育池',78,NULL),(141,'2018-11-07 16:08:57',1,'2018-11-07 16:08:57','用户提交退款申请','微信用户xykpdjbf7dk3',77,NULL),(142,'2018-11-07 17:01:32',1,'2018-11-07 17:01:32','退款审核不通过:拒绝退款','林育池',77,NULL),(143,'2018-11-08 16:57:10',1,'2018-11-08 16:57:10','新建待提交订单','微信用户xykpdjbf7dk3',79,NULL),(144,'2018-11-08 17:46:09',1,'2018-11-08 17:46:09','新建待提交订单','微信用户xykpdjbf7dk3',80,NULL),(145,'2018-11-08 19:10:06',1,'2018-11-08 19:10:06','新建待提交订单','微信用户xykpdjbf7dk3',81,NULL),(146,'2018-11-08 19:10:13',1,'2018-11-08 19:10:13','用户使用微信支付','微信登陆',81,NULL),(147,'2018-11-08 21:25:09',1,'2018-11-08 21:25:09','新建待提交订单','微信用户xykpdjbf7dk3',82,NULL),(148,'2018-11-08 21:25:14',1,'2018-11-08 21:25:14','用户使用微信支付','微信登陆',82,NULL),(149,'2018-11-08 21:27:52',1,'2018-11-08 21:27:52','新建待提交订单','微信用户xykpdjbf7dk3',83,NULL),(150,'2018-11-08 21:27:58',1,'2018-11-08 21:27:58','用户使用微信支付','微信登陆',83,NULL),(151,'2018-11-08 21:30:36',1,'2018-11-08 21:30:36','新建待提交订单','微信用户xykpdjbf7dk3',84,NULL),(152,'2018-11-08 21:30:43',1,'2018-11-08 21:30:43','用户使用微信支付','微信登陆',84,NULL),(153,'2018-11-08 21:36:49',1,'2018-11-08 21:36:49','新建待提交订单','微信用户xykpdjbf7dk3',85,NULL),(154,'2018-11-08 21:36:55',1,'2018-11-08 21:36:55','用户使用微信支付','微信登陆',85,NULL),(155,'2018-11-08 21:43:30',1,'2018-11-08 21:43:30','管理员发货订单','admin',85,NULL),(156,'2018-11-08 21:45:01',1,'2018-11-08 21:45:01','用户提交退货申请','微信用户xykpdjbf7dk3',85,NULL),(157,'2018-11-08 21:47:41',1,'2018-11-08 21:47:41','退货审核通过:同意','林育池',85,NULL),(160,'2018-11-08 21:54:49',1,'2018-11-08 21:54:49','新建待提交订单','微信用户xykpdjbf7dk3',86,NULL),(161,'2018-11-08 21:54:56',1,'2018-11-08 21:54:56','用户使用微信支付','微信登陆',86,NULL),(162,'2018-11-08 21:55:14',1,'2018-11-08 21:55:14','用户提交退款申请','微信用户xykpdjbf7dk3',86,NULL),(163,'2018-11-08 21:56:33',1,'2018-11-08 21:56:33','退款审核通过:20','林育池',86,NULL),(164,'2018-11-08 21:56:33',1,'2018-11-08 21:56:33','退款审核通过:20','林育池',86,NULL),(165,'2018-11-08 22:12:25',1,'2018-11-08 22:12:25','新建待提交订单','微信用户xykpdjbf7dk3',87,NULL),(166,'2018-11-08 22:12:54',1,'2018-11-08 22:12:54','新建待提交订单','微信用户xykpdjbf7dk3',88,NULL),(167,'2018-11-08 22:13:01',1,'2018-11-08 22:13:01','用户使用微信支付','微信登陆',88,NULL),(168,'2018-11-08 22:13:01',1,'2018-11-08 22:13:01','用户使用微信支付','微信登陆',88,NULL),(169,'2018-11-08 22:13:25',1,'2018-11-08 22:13:25','用户提交退款申请','微信用户xykpdjbf7dk3',88,NULL),(170,'2018-11-08 22:13:43',1,'2018-11-08 22:13:43','退款审核不通过:不是意见','林育池',88,NULL),(171,'2018-11-12 16:18:31',1,'2018-11-12 16:18:31','新建待提交订单','微信用户xykpdjbf7dk3',89,NULL),(172,'2018-12-01 09:55:14',1,'2018-12-01 09:55:14','新建待提交订单','微信用户0s5im303aesx',90,NULL),(173,'2018-12-01 10:04:46',1,'2018-12-01 10:04:46','新建待提交订单','微信用户9ovs66095szl',91,NULL),(174,'2018-12-01 10:05:57',1,'2018-12-01 10:05:57','用户使用微信支付','微信登陆',91,NULL),(175,'2018-12-01 10:06:26',1,'2018-12-01 10:06:26','用户提交退款申请','微信用户9ovs66095szl',91,NULL),(186,'2018-12-01 13:08:51',1,'2018-12-01 13:08:51','退款审核通过:69','林育池',91,NULL),(187,'2018-12-01 13:08:51',1,'2018-12-01 13:08:51','退款审核通过:69','林育池',91,NULL),(188,'2018-12-01 13:23:37',1,'2018-12-01 13:23:37','用户使用微信支付','微信登陆',90,NULL),(193,'2018-12-01 13:25:12',1,'2018-12-01 13:25:12','退款审核通过:69','林育池',91,NULL),(194,'2018-12-01 13:25:12',1,'2018-12-01 13:25:12','退款审核通过:69','林育池',91,NULL),(195,'2018-12-01 13:25:32',1,'2018-12-01 13:25:32','用户提交退款申请','微信用户0s5im303aesx',90,NULL),(196,'2018-12-01 13:25:45',1,'2018-12-01 13:25:45','退款审核通过:tongyi ','林育池',90,NULL),(197,'2018-12-01 13:25:45',1,'2018-12-01 13:25:45','退款审核通过:tongyi ','林育池',90,NULL),(198,'2018-12-02 11:59:57',1,'2018-12-02 11:59:57','新建待提交订单','微信用户0s5im303aesx',92,NULL),(199,'2018-12-02 12:00:51',1,'2018-12-02 12:00:51','用户使用微信支付','微信登陆',92,NULL),(200,'2018-12-02 12:05:26',1,'2018-12-02 12:05:26','新建待提交订单','微信用户0s5im303aesx',93,NULL),(201,'2018-12-02 12:06:31',1,'2018-12-02 12:06:31','用户使用微信支付','微信登陆',93,NULL),(202,'2018-12-02 12:10:22',1,'2018-12-02 12:10:22','新建待提交订单','微信用户0s5im303aesx',94,NULL),(203,'2018-12-02 12:11:24',1,'2018-12-02 12:11:24','用户使用微信支付','微信登陆',94,NULL),(204,'2018-12-07 14:21:29',1,'2018-12-07 14:21:29','新建待提交订单','微信用户lvtl76tiozq1',95,NULL),(205,'2018-12-09 14:38:43',1,'2018-12-09 14:38:43','新建待提交订单','微信用户is1rms6eu195',96,NULL),(206,'2018-12-12 21:02:10',1,'2018-12-12 21:02:10','用户取消订单','微信用户is1rms6eu195',96,NULL),(207,'2018-12-17 20:34:41',1,'2018-12-17 20:34:41','新建待提交订单','微信用户v48y9t0tjvm2',97,NULL),(208,'2018-12-17 20:34:49',1,'2018-12-17 20:34:49','用户使用微信支付','微信登陆',97,NULL),(209,'2018-12-19 21:39:32',1,'2018-12-19 21:39:32','新建待提交订单','微信用户xyqjafahsfm1',98,NULL),(210,'2018-12-19 21:39:39',1,'2018-12-19 21:39:39','用户使用微信支付','微信登陆',98,NULL),(211,'2018-12-25 14:43:55',1,'2018-12-25 14:43:55','新建待提交订单','微信用户is1rms6eu195',99,NULL),(212,'2018-12-25 14:44:04',1,'2018-12-25 14:44:04','用户使用微信支付','微信登陆',99,NULL),(213,'2018-12-25 15:30:44',1,'2018-12-25 15:30:44','新建待提交订单','微信用户is1rms6eu195',100,NULL),(214,'2018-12-25 15:30:51',1,'2018-12-25 15:30:51','用户使用微信支付','微信登陆',100,NULL),(215,'2018-12-25 15:35:11',1,'2018-12-25 15:35:11','新建待提交订单','微信用户1546lyzz2ehw',101,NULL),(216,'2018-12-25 15:35:17',1,'2018-12-25 15:35:17','用户使用微信支付','微信登陆',101,NULL),(217,'2018-12-25 15:37:19',1,'2018-12-25 15:37:19','新建待提交订单','微信用户pvt7sjy8bovw',102,NULL),(218,'2018-12-25 15:37:28',1,'2018-12-25 15:37:28','用户使用微信支付','微信登陆',102,NULL),(219,'2018-12-25 15:46:42',1,'2018-12-25 15:46:42','新建待提交订单','微信用户is1rms6eu195',103,NULL),(220,'2018-12-25 15:46:49',1,'2018-12-25 15:46:49','用户使用微信支付','微信登陆',103,NULL),(221,'2018-12-25 15:47:13',1,'2018-12-25 15:47:13','新建待提交订单','微信用户is1rms6eu195',104,NULL),(222,'2018-12-25 15:47:19',1,'2018-12-25 15:47:19','用户使用微信支付','微信登陆',104,NULL),(223,'2018-12-25 15:47:46',1,'2018-12-25 15:47:46','新建待提交订单','微信用户is1rms6eu195',105,NULL),(224,'2018-12-25 15:47:54',1,'2018-12-25 15:47:54','用户使用微信支付','微信登陆',105,NULL),(225,'2019-01-09 09:30:59',1,'2019-01-09 09:30:59','新建待提交订单','微信用户adpg6hekzi7w',106,NULL),(226,'2019-01-21 18:23:32',1,'2019-01-21 18:23:32','新建待提交订单','微信用户xykpdjbf7dk3',107,NULL),(227,'2019-01-21 18:37:14',1,'2019-01-21 18:37:14','新建待提交订单','微信用户xykpdjbf7dk3',108,NULL),(228,'2019-01-22 15:53:22',1,'2019-01-22 15:53:22','管理员取消订单','admin',108,NULL),(229,'2019-01-22 16:04:54',1,'2019-01-22 16:04:54','用户提交退款申请','微信用户adpg6hekzi7w',71,NULL),(230,'2019-01-22 16:21:26',1,'2019-01-22 16:21:26','用户提交退货申请','微信用户adpg6hekzi7w',106,NULL),(231,'2019-01-22 23:19:33',1,'2019-01-22 23:19:33','退货审核不通过:1','admin',106,NULL);

/*Table structure for table `sh_order_pay` */

DROP TABLE IF EXISTS `sh_order_pay`;

CREATE TABLE `sh_order_pay` (
  `id` bigint(20) NOT NULL AUTO_INCREMENT COMMENT '主键ID',
  `create_time` datetime NOT NULL COMMENT '创建时间',
  `optlock` bigint(20) NOT NULL DEFAULT '1' COMMENT '乐观锁',
  `update_time` datetime NOT NULL COMMENT '修改时间',
  `order_id` bigint(20) DEFAULT NULL COMMENT '订单编号',
  `pay_type` varchar(20) DEFAULT NULL COMMENT '支付类型',
  `pay_number` varchar(64) DEFAULT NULL COMMENT '支付单单号',
  `pay_balance` decimal(19,2) DEFAULT NULL COMMENT '支付金额',
  `status` int(11) DEFAULT NULL COMMENT '状态',
  `third_pay_id` varchar(255) DEFAULT NULL COMMENT '第三方支付单号(微信)',
  `add_data` varchar(255) DEFAULT NULL COMMENT '附加数据',
  `pay_time` datetime DEFAULT NULL COMMENT '支付时间',
  `gateway_res_code` varchar(255) DEFAULT NULL COMMENT '网关响应吗',
  `gateway_res_body` varchar(255) DEFAULT NULL COMMENT '网关响应体',
  `appid` varchar(255) DEFAULT NULL,
  `prepay_id` varchar(200) DEFAULT NULL COMMENT '预支付ID',
  PRIMARY KEY (`id`)
) ENGINE=InnoDB AUTO_INCREMENT=62 DEFAULT CHARSET=utf8mb4 COMMENT='订单支付信息';

/*Data for the table `sh_order_pay` */

insert  into `sh_order_pay`(`id`,`create_time`,`optlock`,`update_time`,`order_id`,`pay_type`,`pay_number`,`pay_balance`,`status`,`third_pay_id`,`add_data`,`pay_time`,`gateway_res_code`,`gateway_res_body`,`appid`,`prepay_id`) values (12,'2018-10-22 20:20:39',1,'2018-10-22 20:20:39',30,NULL,'1810220951040006A2855','0.01',0,NULL,NULL,NULL,NULL,NULL,NULL,NULL),(13,'2018-10-23 10:08:54',1,'2018-10-23 10:09:02',30,'WX','1810220951040006A2222','0.01',1,'4200000180201810231077236008',NULL,'2018-10-23 10:09:02',NULL,NULL,NULL,NULL),(14,'2018-10-23 11:03:42',1,'2018-11-07 10:17:27',32,'WX','1810231103410006A1417','0.01',2,'4200000211201810237488643009',NULL,'2018-10-23 11:22:37','SUCCESS','com.miniapp.utils.wechat.WechatRefundApiResult@6ecd012d',NULL,NULL),(15,'2018-10-23 11:27:29',1,'2018-10-23 11:28:18',33,'WX','1810231127280006A2060','0.01',1,'4200000185201810235414904948',NULL,'2018-10-23 11:28:18',NULL,NULL,NULL,NULL),(16,'2018-10-23 11:59:53',1,'2018-10-23 12:00:39',34,'WX','1810231159520006A9516','0.01',0,NULL,NULL,NULL,NULL,NULL,NULL,NULL),(17,'2018-11-02 15:33:14',1,'2018-11-02 15:33:14',42,'WX','1811021533130011A5918','71.00',0,NULL,NULL,NULL,NULL,NULL,NULL,NULL),(18,'2018-11-02 15:34:15',1,'2018-11-02 15:34:15',43,'WX','1811021534140006A6649','71.00',0,NULL,NULL,NULL,NULL,NULL,NULL,NULL),(19,'2018-11-02 15:39:13',1,'2018-11-06 11:09:17',44,'WX','1811021539130011A3309','71.00',0,NULL,NULL,NULL,NULL,NULL,NULL,NULL),(20,'2018-11-02 16:36:35',1,'2018-11-02 16:36:35',45,'WX','1811021636340011A8254','71.00',0,NULL,NULL,NULL,NULL,NULL,NULL,NULL),(21,'2018-11-05 11:36:19',1,'2018-11-05 11:36:19',46,'WX','1811051136180011A7108','71.00',0,NULL,NULL,NULL,NULL,NULL,NULL,NULL),(22,'2018-11-06 09:29:40',1,'2018-11-06 14:49:17',62,'WX','1811060929390011A4277','71.00',0,NULL,NULL,NULL,NULL,NULL,NULL,NULL),(23,'2018-11-06 14:50:14',1,'2018-11-06 14:50:14',69,'WX','1811061450130011A5595','61.00',0,NULL,NULL,NULL,NULL,NULL,NULL,NULL),(24,'2018-11-06 14:52:38',1,'2018-11-06 14:52:38',70,'WX','1811061452370011A6974','70.00',0,NULL,NULL,NULL,NULL,NULL,NULL,NULL),(25,'2018-11-06 14:58:06',1,'2018-11-06 14:58:06',71,'WX','1811061458050011A9881','0.01',0,NULL,NULL,NULL,NULL,NULL,NULL,NULL),(26,'2018-11-06 15:00:38',1,'2018-11-06 15:00:38',72,'WX','1811061500370006A4946','0.01',0,NULL,NULL,NULL,NULL,NULL,NULL,NULL),(27,'2018-11-07 10:46:26',1,'2018-11-07 10:46:26',74,'WX','1811071046250006A4576','0.01',0,NULL,NULL,NULL,NULL,NULL,NULL,NULL),(28,'2018-11-07 15:12:00',1,'2018-11-07 15:12:00',75,'WX','1811071511590006A3804','0.01',0,NULL,NULL,NULL,NULL,NULL,NULL,NULL),(29,'2018-11-07 15:33:27',1,'2018-11-07 15:33:27',76,'WX','1811071533260006A8603','0.01',0,NULL,NULL,NULL,NULL,NULL,NULL,NULL),(30,'2018-11-07 15:38:10',1,'2018-11-07 15:38:10',77,'WX','1811071538090006A5676','0.01',0,NULL,NULL,NULL,NULL,NULL,NULL,NULL),(31,'2018-11-07 15:54:36',1,'2018-11-07 16:01:19',78,'WX','1811071554350006A4967','0.01',2,'4200000220201811074829332135',NULL,'2018-11-07 15:54:45','SUCCESS','com.miniapp.utils.wechat.WechatRefundApiResult@3e40a537',NULL,NULL),(32,'2018-11-08 16:57:11',1,'2018-11-08 17:43:41',79,'WX','1811081657100006A9841','0.01',0,NULL,NULL,NULL,NULL,NULL,NULL,NULL),(33,'2018-11-08 17:46:09',1,'2018-11-08 17:49:15',80,'WX','1811081746080006A2372','0.01',0,NULL,NULL,NULL,NULL,NULL,NULL,NULL),(34,'2018-11-08 19:10:06',1,'2018-11-08 19:10:13',81,'WX','1811081910050006A4885','0.01',1,'4200000225201811085416281924',NULL,'2018-11-08 19:10:13',NULL,NULL,NULL,NULL),(35,'2018-11-08 21:25:09',1,'2018-11-08 21:25:14',82,'WX','1811082125080006A8574','0.01',1,'4200000225201811087052764515',NULL,'2018-11-08 21:25:14',NULL,NULL,NULL,NULL),(36,'2018-11-08 21:27:52',1,'2018-11-08 21:27:58',83,'WX','1811082127510006A9842','0.01',1,'4200000237201811080616075302',NULL,'2018-11-08 21:27:58',NULL,NULL,NULL,NULL),(37,'2018-11-08 21:30:37',1,'2018-11-08 21:30:43',84,'WX','1811082130360006A6076','0.01',1,'4200000224201811087602481555',NULL,'2018-11-08 21:30:43',NULL,NULL,NULL,'wx08213036873729874a0a98e61973946445'),(38,'2018-11-08 21:36:49',1,'2018-11-08 21:36:55',85,'WX','1811082136480006A1538','0.01',1,'4200000217201811089898151747',NULL,'2018-11-08 21:36:55',NULL,NULL,NULL,'wx082136492829228d6073f5be4175492970'),(39,'2018-11-08 21:54:50',1,'2018-11-08 21:56:34',86,'WX','1811082154480006A8902','20.00',2,'4200000221201811087855120349',NULL,'2018-11-08 21:54:56','SUCCESS','com.miniapp.utils.wechat.WechatRefundApiResult@292547dc',NULL,'wx082154494211973b3ecc44702007606125'),(40,'2018-11-08 22:12:26',1,'2018-11-12 16:10:04',87,'WX','1811082212250006A3187','12.00',0,NULL,NULL,NULL,NULL,NULL,NULL,'wx121610031488314dc42542ee1368080276'),(41,'2018-11-08 22:12:55',1,'2018-11-08 22:13:01',88,'WX','1811082212540006A1681','0.01',1,'4200000221201811087059391732',NULL,'2018-11-08 22:13:01',NULL,NULL,NULL,'wx082212547671575acfc850081024260999'),(42,'2018-11-12 16:18:33',1,'2018-11-12 16:19:34',89,'WX','1811121618300006A9070','0.02',0,NULL,NULL,NULL,NULL,NULL,NULL,'wx121619331669901ad57c89240203480426'),(43,'2018-12-01 09:55:15',1,'2018-12-01 13:25:46',90,'WX','1812010955140012A3141','1.00',2,'4200000207201812017481324243',NULL,'2018-12-01 13:23:37','SUCCESS','com.miniapp.utils.wechat.WechatRefundApiResult@709dec5d',NULL,'wx01132330907574c7333ebe142481787272'),(44,'2018-12-01 10:04:46',1,'2018-12-01 13:25:13',91,'WX','1812011004450017A1729','69.00',2,'4200000204201812016271561876',NULL,'2018-12-01 10:05:57','SUCCESS','com.miniapp.utils.wechat.WechatRefundApiResult@5b988dea',NULL,'wx011005508426119080f3c9b20773184797'),(45,'2018-12-02 11:59:58',1,'2018-12-02 12:00:51',92,'WX','1812021159570012A2989','1.00',1,'4200000204201812020097183505',NULL,'2018-12-02 12:00:51',NULL,NULL,NULL,'wx021200463107036419d768951944014954'),(46,'2018-12-02 12:05:27',1,'2018-12-02 12:06:31',93,'WX','1812021205260012A4901','0.01',1,'4200000201201812029462916837',NULL,'2018-12-02 12:06:31',NULL,NULL,NULL,'wx02120625329170a7d3d5352f2960031332'),(47,'2018-12-02 12:10:23',1,'2018-12-02 12:11:24',94,'WX','1812021210220012A3805','0.01',1,'4200000191201812026950276120',NULL,'2018-12-02 12:11:24',NULL,NULL,NULL,'wx02121118645178ceec37ee900639230845'),(48,'2018-12-07 14:21:30',1,'2018-12-07 14:21:30',95,'WX','1812071421290020A7854','100.00',0,NULL,NULL,NULL,NULL,NULL,NULL,'wx0714213009858775224577933930750625'),(49,'2018-12-09 14:38:44',1,'2018-12-09 14:38:44',96,'WX','1812091438420018A2400','98.00',0,NULL,NULL,NULL,NULL,NULL,NULL,'wx09143843570351ee43c379eb3474975300'),(50,'2018-12-17 20:34:42',1,'2018-12-17 20:34:49',97,'WX','1812172034400047A7682','328.00',1,'4200000205201812175255585971',NULL,'2018-12-17 20:34:49',NULL,NULL,NULL,'wx17203441512359a822547ec82343370432'),(51,'2018-12-19 21:39:33',1,'2018-12-19 21:39:39',98,'WX','1812192139310061A4332','120.00',1,'4200000245201812190954836917',NULL,'2018-12-19 21:39:39',NULL,NULL,NULL,'wx19213932425916c33edee77e3156315319'),(52,'2018-12-25 14:43:56',1,'2018-12-25 14:44:04',99,'WX','1812251443550018A1090','0.01',1,'4200000257201812252783348942',NULL,'2018-12-25 14:44:04',NULL,NULL,NULL,'wx25144355947035207cdc4b4b3600877425'),(53,'2018-12-25 15:30:45',1,'2018-12-25 15:30:51',100,'WX','1812251530440018A4796','0.01',1,'4200000242201812256834555968',NULL,'2018-12-25 15:30:51',NULL,NULL,NULL,'wx251530448963273e9d48e4562359802000'),(54,'2018-12-25 15:35:12',1,'2018-12-25 15:35:17',101,'WX','1812251535110021A3752','0.01',1,'4200000243201812253342597930',NULL,'2018-12-25 15:35:17',NULL,NULL,NULL,'wx25153511841959c4de9381a72532381199'),(55,'2018-12-25 15:37:19',1,'2018-12-25 15:37:28',102,'WX','1812251537180103A7663','0.01',1,'4200000247201812256976310300',NULL,'2018-12-25 15:37:28',NULL,NULL,NULL,'wx25153718956275bb192617951519324432'),(56,'2018-12-25 15:46:43',1,'2018-12-25 15:46:49',103,'WX','1812251546420018A5342','0.01',1,'4200000247201812257065426278',NULL,'2018-12-25 15:46:49',NULL,NULL,NULL,'wx2515464268579036b8fcb3901494325154'),(57,'2018-12-25 15:47:13',1,'2018-12-25 15:47:19',104,'WX','1812251547120018A7892','0.01',1,'4200000249201812253296680852',NULL,'2018-12-25 15:47:19',NULL,NULL,NULL,'wx25154713310805ddf5965e6d1484738239'),(58,'2018-12-25 15:47:47',1,'2018-12-25 15:47:54',105,'WX','1812251547460018A9697','0.01',1,'4200000254201812250414512520',NULL,'2018-12-25 15:47:54',NULL,NULL,NULL,'wx251547469819269825427fd60855102730'),(59,'2019-01-09 09:31:00',1,'2019-01-09 09:31:00',106,'WX','1901090930580011A9043','0.05',0,NULL,NULL,NULL,NULL,NULL,NULL,'wx0909305946154973ee9f69100833711781'),(60,'2019-01-21 18:23:34',1,'2019-01-21 18:23:34',107,'WX','1901211823320006A9951','1.00',0,NULL,NULL,NULL,NULL,NULL,NULL,'wx2120100514715153e4d80da43055596235'),(61,'2019-01-21 18:37:18',1,'2019-01-21 18:37:18',108,'WX','1901211837130006A3062','1.00',0,NULL,NULL,NULL,NULL,NULL,NULL,'wx21202353989556c8be6e17a21553912607');

/*Table structure for table `sh_order_return` */

DROP TABLE IF EXISTS `sh_order_return`;

CREATE TABLE `sh_order_return` (
  `id` bigint(20) NOT NULL AUTO_INCREMENT,
  `optlock` bigint(20) DEFAULT '1',
  `return_type` int(11) DEFAULT NULL COMMENT '退货类型',
  `number` varchar(200) DEFAULT NULL COMMENT '退货退款单号',
  `order_id` bigint(20) DEFAULT NULL COMMENT '归属订单',
  `amount` decimal(19,2) DEFAULT NULL COMMENT '退货金额',
  `reason` varchar(1020) DEFAULT NULL COMMENT '原因',
  `check_status` int(11) DEFAULT NULL COMMENT '审核状态',
  `status` int(11) DEFAULT NULL COMMENT '当前状态',
  `check_time` datetime DEFAULT NULL COMMENT '审核时间',
  `operator` varchar(200) DEFAULT NULL COMMENT '操作人',
  `check_comment` varchar(1020) DEFAULT NULL COMMENT '审核意见',
  `tracking` varchar(200) DEFAULT NULL COMMENT '快递单号',
  `create_time` datetime DEFAULT NULL,
  `update_time` datetime DEFAULT NULL,
  `express_crop` varchar(200) DEFAULT NULL COMMENT '物流公司',
  `express_desc` varchar(200) DEFAULT NULL COMMENT '物流发货备注',
  `user_id` bigint(20) DEFAULT NULL COMMENT '所属用户',
  `appid` varchar(36) DEFAULT NULL,
  PRIMARY KEY (`id`)
) ENGINE=InnoDB AUTO_INCREMENT=28 DEFAULT CHARSET=utf8mb4 COMMENT='订单退款';

/*Data for the table `sh_order_return` */

insert  into `sh_order_return`(`id`,`optlock`,`return_type`,`number`,`order_id`,`amount`,`reason`,`check_status`,`status`,`check_time`,`operator`,`check_comment`,`tracking`,`create_time`,`update_time`,`express_crop`,`express_desc`,`user_id`,`appid`) values (6,1,1,'OR1810182046070004',23,'0.01','用户提交退款申请',0,0,'2018-10-18 20:46:07','微信用户zuf2lpoa3wne',NULL,NULL,'2018-10-18 20:46:07','2018-10-18 20:46:07',NULL,NULL,4,'d0cdaaaffb874843b66262ef56b0d759'),(7,1,0,'OR1810231134070006',33,'0.01','我要退款',0,0,'2018-10-23 11:34:08','微信用户xykpdjbf7dk3',NULL,NULL,'2018-10-23 11:34:08','2018-10-23 11:34:08',NULL,NULL,6,'be2c510b1b5440dc8550c404031e6035'),(8,1,0,'OR1810231137190006',30,'0.00','我要退款',0,0,'2018-10-23 11:37:20','微信用户xykpdjbf7dk3',NULL,NULL,'2018-10-23 11:37:20','2018-10-23 11:37:20',NULL,NULL,6,'be2c510b1b5440dc8550c404031e6035'),(9,1,0,'OR1810231202030006',34,'0.01','我要退款',0,0,'2018-10-23 12:02:03','微信用户xykpdjbf7dk3',NULL,NULL,'2018-10-23 12:02:03','2018-10-23 12:02:03',NULL,NULL,6,'be2c510b1b5440dc8550c404031e6035'),(11,1,0,'OR1811021535190011',42,'71.00','wbwgwhhgwgg',0,0,'2018-11-02 15:35:20','微信用户adpg6hekzi7w',NULL,NULL,'2018-11-02 15:35:20','2018-11-06 21:06:56','顺丰速运',NULL,11,'be2c510b1b5440dc8550c404031e6035'),(12,1,1,'OR1811061651030006',72,'0.00','用户提交退款申请',1,1,'2018-11-06 17:56:40','林育池','退货审核通过:同意退货',NULL,'2018-11-06 16:51:03','2018-11-06 17:56:40',NULL,NULL,6,'be2c510b1b5440dc8550c404031e6035'),(17,1,1,'OR1811061948080006',32,'0.01','用户提交退货申请',1,1,'2018-11-07 10:17:11','林育池','退货审核通过:同意',NULL,'2018-11-06 19:48:09','2018-11-07 10:17:11',NULL,NULL,6,'be2c510b1b5440dc8550c404031e6035'),(18,1,1,'OR1811071047190006',74,'0.01','用户提交退货申请',1,3,'2018-11-07 10:47:50','林育池','退货审核通过:同意','12345','2018-11-07 10:47:20','2018-11-07 16:56:07','顺丰速运','12345',6,'be2c510b1b5440dc8550c404031e6035'),(19,1,1,'OR1811071557100006',78,'0.01','用户提交退货申请',1,1,'2018-11-07 16:01:18','林育池','退货审核通过:12345',NULL,'2018-11-07 15:57:10','2018-11-07 16:01:18',NULL,NULL,6,'be2c510b1b5440dc8550c404031e6035'),(20,1,0,'OR1811071608560006',77,'0.01','我要退款',2,2,'2018-11-07 17:01:32','林育池','退款审核不通过:拒绝退款',NULL,'2018-11-07 16:08:57','2018-11-07 17:01:32',NULL,NULL,6,'be2c510b1b5440dc8550c404031e6035'),(21,1,1,'OR1811082145000006',85,'0.01','用户提交退货申请',1,0,'2018-11-08 21:47:41','林育池','退货审核通过:同意','123123','2018-11-08 21:45:01','2018-11-08 21:47:57','顺丰速运','123123',6,'be2c510b1b5440dc8550c404031e6035'),(22,1,0,'OR1811082155130006',86,'20.00','我要退款',1,1,'2018-11-08 21:56:33','林育池','退款审核通过:20',NULL,'2018-11-08 21:55:14','2018-11-08 21:56:33',NULL,NULL,6,'be2c510b1b5440dc8550c404031e6035'),(23,1,0,'OR1811082213250006',88,'0.01','退款',2,2,'2018-11-08 22:13:43','林育池','退款审核不通过:不是意见',NULL,'2018-11-08 22:13:25','2018-11-08 22:13:43',NULL,NULL,6,'be2c510b1b5440dc8550c404031e6035'),(24,1,0,'OR1812011006250017',91,'69.00','不买了',1,1,'2018-12-01 13:25:12','林育池','退款审核通过:69',NULL,'2018-12-01 10:06:26','2018-12-01 13:25:12',NULL,NULL,17,'d8f0329e3e2844aebf6ef06f6dc42e57'),(25,1,0,'OR1812011325320012',90,'1.00','不想了',1,1,'2018-12-01 13:25:45','林育池','退款审核通过:tongyi ',NULL,'2018-12-01 13:25:32','2018-12-01 13:25:45',NULL,NULL,12,'d8f0329e3e2844aebf6ef06f6dc42e57'),(26,1,0,'OR1901221604530011',71,'0.01','ssss',0,0,'2019-01-22 16:04:54','微信用户adpg6hekzi7w',NULL,NULL,'2019-01-22 16:04:54','2019-01-22 16:04:54',NULL,NULL,11,'be2c510b1b5440dc8550c404031e6035'),(27,1,1,'OR1901221621250011',106,'0.05','用户提交退货申请',2,2,'2019-01-22 23:19:33','admin','退货审核不通过:1',NULL,'2019-01-22 16:21:26','2019-01-22 23:19:33',NULL,NULL,11,'be2c510b1b5440dc8550c404031e6035');

/*Table structure for table `sh_order_return_log` */

DROP TABLE IF EXISTS `sh_order_return_log`;

CREATE TABLE `sh_order_return_log` (
  `id` bigint(20) NOT NULL AUTO_INCREMENT,
  `order_return_id` bigint(20) DEFAULT NULL COMMENT '退换货主表ID',
  `operator` varchar(1020) DEFAULT NULL COMMENT '操作员',
  `content` varchar(1020) DEFAULT NULL COMMENT '意见',
  `create_time` datetime DEFAULT NULL COMMENT '创建时间',
  `update_time` datetime DEFAULT NULL COMMENT '修改时间',
  `optlock` bigint(20) DEFAULT '1',
  `appid` varchar(36) DEFAULT NULL,
  PRIMARY KEY (`id`)
) ENGINE=InnoDB AUTO_INCREMENT=80 DEFAULT CHARSET=utf8mb4 COMMENT='订单退款日志';

/*Data for the table `sh_order_return_log` */

insert  into `sh_order_return_log`(`id`,`order_return_id`,`operator`,`content`,`create_time`,`update_time`,`optlock`,`appid`) values (6,6,'微信用户zuf2lpoa3wne','用户提交退货申请','2018-10-18 20:46:07','2018-10-18 20:46:07',1,NULL),(7,7,'微信用户xykpdjbf7dk3','用户提交退款申请','2018-10-23 11:34:08','2018-10-23 11:34:08',1,NULL),(8,8,'微信用户xykpdjbf7dk3','用户提交退款申请','2018-10-23 11:37:20','2018-10-23 11:37:20',1,NULL),(9,9,'微信用户xykpdjbf7dk3','用户提交退款申请','2018-10-23 12:02:03','2018-10-23 12:02:03',1,NULL),(12,11,'微信用户adpg6hekzi7w','用户提交退款申请','2018-11-02 15:35:20','2018-11-02 15:35:20',1,NULL),(13,12,'微信用户xykpdjbf7dk3','用户提交退货申请','2018-11-06 16:51:03','2018-11-06 16:51:03',1,NULL),(14,12,'林育池','退货审核不通过:null','2018-11-06 17:48:57','2018-11-06 17:48:57',1,NULL),(15,12,'林育池','退货审核不通过:同意','2018-11-06 17:54:09','2018-11-06 17:54:09',1,NULL),(16,12,'林育池','退货审核通过:同意退货','2018-11-06 17:54:58','2018-11-06 17:54:58',1,NULL),(17,12,'林育池','退款退货完成:12','2018-11-06 17:56:40','2018-11-06 17:56:40',1,NULL),(18,13,'微信用户xykpdjbf7dk3','用户提交退货申请','2018-11-06 19:36:57','2018-11-06 19:36:57',1,NULL),(19,14,'微信用户xykpdjbf7dk3','用户提交退货申请','2018-11-06 19:40:31','2018-11-06 19:40:31',1,NULL),(20,15,'微信用户xykpdjbf7dk3','用户提交退货申请','2018-11-06 19:42:16','2018-11-06 19:42:16',1,NULL),(21,16,'微信用户xykpdjbf7dk3','用户提交退货申请','2018-11-06 19:44:27','2018-11-06 19:44:27',1,NULL),(22,17,'微信用户xykpdjbf7dk3','用户提交退货申请','2018-11-06 19:48:09','2018-11-06 19:48:09',1,NULL),(23,17,'林育池','退货审核通过:同意','2018-11-06 18:28:00','2018-11-06 18:28:00',1,NULL),(28,11,'微信用户adpg6hekzi7w','提交退货物流单号','2018-11-06 21:00:46','2018-11-06 21:00:46',1,NULL),(29,11,'微信用户adpg6hekzi7w','提交退货物流单号','2018-11-06 21:02:56','2018-11-06 21:02:56',1,NULL),(30,11,'微信用户adpg6hekzi7w','提交退货物流单号','2018-11-06 21:03:40','2018-11-06 21:03:40',1,NULL),(31,11,'微信用户adpg6hekzi7w','提交退货物流单号','2018-11-06 21:04:43','2018-11-06 21:04:43',1,NULL),(32,11,'微信用户adpg6hekzi7w','提交退货物流单号','2018-11-06 21:06:56','2018-11-06 21:06:56',1,NULL),(34,17,'林育池','退款退货完成:0.01','2018-11-07 10:17:11','2018-11-07 10:17:11',1,NULL),(35,18,'微信用户xykpdjbf7dk3','用户提交退货申请','2018-11-07 10:47:20','2018-11-07 10:47:20',1,NULL),(36,18,'林育池','退货审核通过:同意','2018-11-07 10:47:50','2018-11-07 10:47:50',1,NULL),(39,19,'微信用户xykpdjbf7dk3','用户提交退货申请','2018-11-07 15:57:10','2018-11-07 15:57:10',1,NULL),(40,19,'林育池','退货审核通过:12345','2018-11-07 15:57:22','2018-11-07 15:57:22',1,NULL),(42,19,'林育池','退款退货完成:0.01','2018-11-07 16:01:18','2018-11-07 16:01:18',1,NULL),(43,20,'微信用户xykpdjbf7dk3','用户提交退款申请','2018-11-07 16:08:57','2018-11-07 16:08:57',1,NULL),(44,18,'微信用户xykpdjbf7dk3','提交退货物流单号','2018-11-07 16:01:56','2018-11-07 16:01:56',1,NULL),(45,18,'微信用户xykpdjbf7dk3','提交退货物流单号','2018-11-07 16:04:35','2018-11-07 16:04:35',1,NULL),(46,18,'微信用户xykpdjbf7dk3','提交退货物流单号','2018-11-07 16:04:44','2018-11-07 16:04:44',1,NULL),(47,18,'微信用户xykpdjbf7dk3','提交退货物流单号','2018-11-07 16:05:36','2018-11-07 16:05:36',1,NULL),(48,18,'微信用户xykpdjbf7dk3','提交退货物流单号','2018-11-07 16:07:05','2018-11-07 16:07:05',1,NULL),(49,18,'微信用户xykpdjbf7dk3','提交退货物流单号','2018-11-07 16:07:38','2018-11-07 16:07:38',1,NULL),(50,18,'微信用户xykpdjbf7dk3','提交退货物流单号','2018-11-07 16:54:46','2018-11-07 16:54:46',1,NULL),(51,18,'微信用户xykpdjbf7dk3','提交退货物流单号','2018-11-07 16:54:53','2018-11-07 16:54:53',1,NULL),(52,18,'微信用户xykpdjbf7dk3','提交退货物流单号','2018-11-07 16:55:23','2018-11-07 16:55:23',1,NULL),(53,18,'微信用户xykpdjbf7dk3','提交退货物流单号','2018-11-07 16:56:02','2018-11-07 16:56:02',1,NULL),(54,18,'微信用户xykpdjbf7dk3','提交退货物流单号','2018-11-07 16:56:07','2018-11-07 16:56:07',1,NULL),(55,20,'林育池','退款审核不通过:拒绝退款','2018-11-07 17:01:32','2018-11-07 17:01:32',1,NULL),(56,21,'微信用户xykpdjbf7dk3','用户提交退货申请','2018-11-08 21:45:01','2018-11-08 21:45:01',1,NULL),(57,21,'林育池','退货审核通过:同意','2018-11-08 21:47:41','2018-11-08 21:47:41',1,NULL),(58,21,'微信用户xykpdjbf7dk3','提交退货物流单号','2018-11-08 21:47:57','2018-11-08 21:47:57',1,NULL),(60,22,'微信用户xykpdjbf7dk3','用户提交退款申请','2018-11-08 21:55:14','2018-11-08 21:55:14',1,NULL),(61,22,'林育池','退款审核通过:20','2018-11-08 21:56:33','2018-11-08 21:56:33',1,NULL),(62,23,'微信用户xykpdjbf7dk3','用户提交退款申请','2018-11-08 22:13:25','2018-11-08 22:13:25',1,NULL),(63,23,'林育池','退款审核不通过:不是意见','2018-11-08 22:13:43','2018-11-08 22:13:43',1,NULL),(64,24,'微信用户9ovs66095szl','用户提交退款申请','2018-12-01 10:06:26','2018-12-01 10:06:26',1,NULL),(70,24,'林育池','退款审核通过:69','2018-12-01 13:08:51','2018-12-01 13:08:51',1,NULL),(73,24,'林育池','退款审核通过:69','2018-12-01 13:25:12','2018-12-01 13:25:12',1,NULL),(74,25,'微信用户0s5im303aesx','用户提交退款申请','2018-12-01 13:25:32','2018-12-01 13:25:32',1,NULL),(75,25,'林育池','退款审核通过:tongyi ','2018-12-01 13:25:45','2018-12-01 13:25:45',1,NULL),(76,26,'微信用户adpg6hekzi7w','用户提交退款申请','2019-01-22 16:04:54','2019-01-22 16:04:54',1,NULL),(77,27,'微信用户adpg6hekzi7w','用户提交退货申请','2019-01-22 16:21:26','2019-01-22 16:21:26',1,NULL),(78,27,'admin','退货审核不通过:1','2019-01-22 23:19:33','2019-01-22 23:19:33',1,NULL);

/*Table structure for table `sh_product` */

DROP TABLE IF EXISTS `sh_product`;

CREATE TABLE `sh_product` (
  `id` bigint(20) NOT NULL AUTO_INCREMENT COMMENT '主键ID',
  `create_time` datetime NOT NULL COMMENT '创建时间',
  `optlock` bigint(20) NOT NULL DEFAULT '1' COMMENT '乐观锁',
  `update_time` datetime NOT NULL COMMENT '修改时间',
  `stock_number` int(11) DEFAULT NULL COMMENT '库存量',
  `market_price` decimal(19,2) DEFAULT NULL COMMENT '市场价',
  `retail_price` decimal(19,2) DEFAULT NULL COMMENT '零售价',
  `product_model` varchar(60) DEFAULT NULL COMMENT '产品型号',
  `goods_id` bigint(20) DEFAULT NULL COMMENT '商品id',
  `appid` varchar(255) DEFAULT NULL,
  `spec_key` varchar(255) DEFAULT NULL COMMENT '规格id',
  `thumbnail_url` varchar(255) DEFAULT NULL COMMENT '产品图片',
  `spec_value` varchar(2000) DEFAULT NULL COMMENT '规格值',
  `is_default` int(1) DEFAULT '0' COMMENT '是否默认',
  PRIMARY KEY (`id`)
) ENGINE=InnoDB AUTO_INCREMENT=332 DEFAULT CHARSET=utf8mb4 COMMENT='产品表';

/*Data for the table `sh_product` */

insert  into `sh_product`(`id`,`create_time`,`optlock`,`update_time`,`stock_number`,`market_price`,`retail_price`,`product_model`,`goods_id`,`appid`,`spec_key`,`thumbnail_url`,`spec_value`,`is_default`) values (4,'2018-10-11 20:02:06',1,'2018-10-11 20:02:08',100,'100.00','100.00',NULL,32,NULL,'4_7','http://yanxuan.nosdn.127.net/129d47ee8e76e045d835e29556048ece.jpg','白色,1.8米',NULL),(5,'2018-10-11 20:02:06',1,'2018-10-11 20:02:08',200,'200.00','200.00',NULL,32,NULL,'4_8','http://yanxuan.nosdn.127.net/129d47ee8e76e045d835e29556048ece.jpg','白色,1.5米',NULL),(6,'2018-10-11 20:02:06',1,'2018-10-11 20:02:08',300,'300.00','300.00',NULL,32,NULL,'5_7','http://yanxuan.nosdn.127.net/129d47ee8e76e045d835e29556048ece.jpg','红色,1.8米',NULL),(7,'2018-10-11 20:02:06',1,'2018-10-11 20:02:08',400,'400.00','400.00',NULL,32,NULL,'5_8','http://yanxuan.nosdn.127.net/129d47ee8e76e045d835e29556048ece.jpg','红色,1.5米',NULL),(8,'2018-10-11 20:02:06',1,'2018-10-11 20:02:06',500,'500.00','500.00',NULL,32,NULL,'6_7','http://yanxuan.nosdn.127.net/129d47ee8e76e045d835e29556048ece.jpg','黑色,1.8米',NULL),(9,'2018-10-11 20:02:06',1,'2018-10-11 20:02:06',600,'600.00','600.00',NULL,32,NULL,'6_8','http://yanxuan.nosdn.127.net/129d47ee8e76e045d835e29556048ece.jpg','黑色,1.5米',NULL),(11,'2018-10-16 14:52:10',1,'2018-10-16 14:52:10',12,'12.00','12.00',NULL,51,NULL,'11_13','http://image.enfunly.com/upload/shgoods/201810161539671554860_4591.jpg','红色_1KG',0),(12,'2018-10-16 14:52:10',1,'2018-10-16 14:52:10',12,'12.50','12.50',NULL,51,NULL,'11_14','http://image.enfunly.com/upload/shgoods/201810161539671559086_5620.jpg','红色_2KG',0),(13,'2018-10-16 14:52:10',1,'2018-10-16 14:52:10',22,'22.50','22.50',NULL,51,NULL,'12_13','http://image.enfunly.com/upload/shgoods/201810161539671563314_0102.jpg','黑色_1KG',0),(14,'2018-10-16 14:52:10',1,'2018-10-16 14:52:10',32,'32.50','32.50',NULL,51,NULL,'12_14','http://image.enfunly.com/upload/shgoods/201810161539671566945_7114.jpg','黑色_2KG',0),(15,'2018-10-16 15:01:51',1,'2018-10-16 15:01:51',12,'12.00','12.00',NULL,52,NULL,'15','http://image.enfunly.com/upload/shgoods/201810161539673248428_0260.jpg','黑色',0),(16,'2018-10-16 15:01:51',1,'2018-10-16 15:01:51',12,'12.00','12.00',NULL,52,NULL,'16','http://image.enfunly.com/upload/shgoods/201810161539673252327_0591.jpg','白色',0),(18,'2018-10-16 20:30:44',1,'2018-10-16 20:30:44',12,'1.00','1.00',NULL,53,'9c7af37bb8a54e12be5afbe8e8bfd1b7','17_20','http://image.enfunly.com/upload/shgoods/201810161539692792397_0259.jpg','黑色_1KG',0),(19,'2018-10-16 20:30:45',1,'2018-10-16 20:30:45',12,'2.00','2.00',NULL,53,'9c7af37bb8a54e12be5afbe8e8bfd1b7','17_21','http://image.enfunly.com/upload/shgoods/201810161539692795614_6666.jpg','黑色_2KG',0),(20,'2018-10-16 20:30:45',1,'2018-10-16 20:30:45',12,'3.00','3.00',NULL,53,'9c7af37bb8a54e12be5afbe8e8bfd1b7','18_20','http://image.enfunly.com/upload/shgoods/201810161539692806393_0810.jpg','蓝色_1KG',0),(21,'2018-10-16 20:30:45',1,'2018-10-16 20:30:45',12,'4.00','4.00',NULL,53,'9c7af37bb8a54e12be5afbe8e8bfd1b7','18_21','http://image.enfunly.com/upload/shgoods/201810161539692801697_5883.jpg','蓝色_2KG',0),(22,'2018-10-16 20:30:45',1,'2018-10-16 20:30:45',12,'5.00','5.00',NULL,53,'9c7af37bb8a54e12be5afbe8e8bfd1b7','19_20','http://image.enfunly.com/upload/shgoods/201810161539692811786_2101.jpg','绿色_1KG',0),(23,'2018-10-16 20:30:45',1,'2018-10-16 20:30:45',12,'6.00','6.00',NULL,53,'9c7af37bb8a54e12be5afbe8e8bfd1b7','19_21','http://image.enfunly.com/upload/shgoods/201810161539692816065_9027.jpg','绿色_2KG',0),(24,'2018-10-16 22:07:19',1,'2018-10-16 22:07:19',2,'2.00','2.00',NULL,45,'d0cdaaaffb874843b66262ef56b0d759',NULL,'http://image.enfunly.com/upload/shgoods/201810161539670934858_1185.jpg',NULL,1),(25,'2018-10-21 16:58:58',1,'2018-10-21 21:32:53',1,'100000.00','100000.00',NULL,54,'7a8aff06e0a441b58dab8ea17d9509f7',NULL,'http://image.enfunly.com/upload/shgoods/201810211540112280981_6697.png',NULL,1),(26,'2018-10-22 09:31:18',1,'2018-10-22 09:31:18',100,'15.00','20.00',NULL,55,'be2c510b1b5440dc8550c404031e6035',NULL,'http://image.enfunly.com/upload/shgoods/201810221540171789183_6917.jpg',NULL,1),(27,'2018-10-29 09:13:00',1,'2018-10-29 09:13:00',3,'355555.00','333333.00',NULL,56,'d3cd796be2e341039cf3b9e4c79a57aa',NULL,'http://image.enfunly.com/upload/shgoods/201810291540775431677_0433.jpg',NULL,1),(28,'2018-11-02 09:22:15',1,'2018-11-02 10:12:54',101,'10.00','10.00',NULL,-1,'7a8aff06e0a441b58dab8ea17d9509f7',NULL,'http://image.enfunly.com/upload/shgoods/201811021541124755983_4739.jpg',NULL,1),(29,'2018-11-02 10:00:22',1,'2018-11-02 10:00:22',NULL,NULL,NULL,NULL,57,'7a8aff06e0a441b58dab8ea17d9509f7',NULL,'http://image.enfunly.com/upload/shgoods/201811021541124006318_0904.png',NULL,1),(30,'2018-11-02 10:35:52',1,'2018-11-02 10:35:52',NULL,NULL,NULL,NULL,58,'7a8aff06e0a441b58dab8ea17d9509f7',NULL,'http://image.enfunly.com/upload/shgoods/201811021541126143201_9473.png',NULL,1),(31,'2018-11-02 10:41:00',1,'2018-11-02 10:41:00',NULL,NULL,NULL,NULL,59,'7a8aff06e0a441b58dab8ea17d9509f7',NULL,'http://image.enfunly.com/upload/shgoods/201811021541126450682_3595.jpg',NULL,1),(32,'2018-11-02 10:50:11',1,'2018-11-02 10:50:11',1101,'120.00','1120.00',NULL,60,'7a8aff06e0a441b58dab8ea17d9509f7',NULL,'http://image.enfunly.com/upload/shgoods/201811021541126989225_1485.jpg',NULL,1),(33,'2018-11-04 14:52:15',1,'2018-11-04 14:52:15',1,'100000.00','100000.00',NULL,61,'7a8aff06e0a441b58dab8ea17d9509f7',NULL,'http://image.enfunly.com/upload/shgoods/201810211540112280981_6697.png',NULL,1),(34,'2018-11-04 14:53:57',1,'2018-12-09 19:07:31',100,'15.00','0.01',NULL,62,'be2c510b1b5440dc8550c404031e6035',NULL,'http://image.enfunly.com/upload/shgoods/201810221540171789183_6917.jpg',NULL,1),(35,'2018-11-06 11:05:50',1,'2018-11-06 11:05:50',1,'12.00','12.00',NULL,63,'be2c510b1b5440dc8550c404031e6035','22_24','http://image.enfunly.com/upload/shgoods/201811061541473486672_3691.jpg','周六_周一',0),(36,'2018-11-06 11:05:50',1,'2018-11-06 11:05:50',1,'12.00','12.00',NULL,63,'be2c510b1b5440dc8550c404031e6035','22_25','http://image.enfunly.com/upload/shgoods/201811061541473534299_4330.png','周六_周二',0),(37,'2018-11-06 11:05:50',1,'2018-11-06 11:05:50',1,'12.00','12.00',NULL,63,'be2c510b1b5440dc8550c404031e6035','23_24','http://image.enfunly.com/upload/shgoods/201811061541473510040_9573.jpg','周日_周一',0),(38,'2018-11-06 11:05:50',1,'2018-11-06 11:05:50',1,'12.00','12.00',NULL,63,'be2c510b1b5440dc8550c404031e6035','23_25','http://image.enfunly.com/upload/shgoods/201811061541473506378_9198.jpg','周日_周二',0),(39,'2018-11-06 11:06:28',1,'2018-11-06 11:06:28',1,'12.00','12.00',NULL,64,'be2c510b1b5440dc8550c404031e6035','26_28','http://image.enfunly.com/upload/shgoods/201811061541473486672_3691.jpg','周六_周一',0),(40,'2018-11-06 11:06:28',1,'2018-11-06 11:06:28',1,'12.00','12.00',NULL,64,'be2c510b1b5440dc8550c404031e6035','26_29','http://image.enfunly.com/upload/shgoods/201811061541473534299_4330.png','周六_周二',0),(41,'2018-11-06 11:06:28',1,'2018-11-06 11:06:28',1,'12.00','12.00',NULL,64,'be2c510b1b5440dc8550c404031e6035','27_28','http://image.enfunly.com/upload/shgoods/201811061541473510040_9573.jpg','周日_周一',0),(42,'2018-11-06 11:06:28',1,'2018-11-06 11:06:28',1,'12.00','12.00',NULL,64,'be2c510b1b5440dc8550c404031e6035','27_29','http://image.enfunly.com/upload/shgoods/201811061541473506378_9198.jpg','周日_周二',0),(43,'2018-11-06 14:53:54',1,'2018-11-06 14:53:54',100,'15.00','0.01',NULL,65,'be2c510b1b5440dc8550c404031e6035',NULL,'http://image.enfunly.com/upload/shgoods/201810221540171789183_6917.jpg',NULL,1),(44,'2018-11-06 14:54:11',1,'2018-11-09 14:14:00',100,'15.00','0.01',NULL,66,'be2c510b1b5440dc8550c404031e6035',NULL,'http://image.enfunly.com/upload/shgoods/201810221540171789183_6917.jpg',NULL,1),(45,'2018-11-06 14:57:47',1,'2018-12-26 09:23:38',100,'15.00','1.01',NULL,67,'be2c510b1b5440dc8550c404031e6035',NULL,'http://image.enfunly.com/upload/shgoods/201810221540171789183_6917.jpg',NULL,1),(46,'2018-11-06 23:43:09',1,'2018-12-07 13:52:21',9999,'198.00','158.00',NULL,68,'d8f0329e3e2844aebf6ef06f6dc42e57',NULL,'http://image.enfunly.com/upload/shgoods/201811071541569295475_0193.jpg',NULL,1),(47,'2018-11-07 00:15:43',1,'2018-12-09 17:21:03',999,'2368.00','288.00',NULL,69,'d8f0329e3e2844aebf6ef06f6dc42e57',NULL,'http://image.enfunly.com/upload/shgoods/201811071541569524936_5586.jpg',NULL,1),(48,'2018-11-07 00:17:23',1,'2018-12-25 14:09:20',999,'588.00','368.00',NULL,70,'d8f0329e3e2844aebf6ef06f6dc42e57',NULL,'http://image.enfunly.com/upload/shgoods/201811071541569752744_5762.jpg',NULL,1),(49,'2018-11-07 00:20:10',1,'2018-12-09 17:03:49',999,'69.00','69.00',NULL,71,'d8f0329e3e2844aebf6ef06f6dc42e57',NULL,'http://image.enfunly.com/upload/shgoods/201812011543632698841_1211.jpg',NULL,1),(50,'2018-11-07 00:31:01',1,'2018-12-09 17:58:06',999,'88.00','88.00',NULL,72,'d8f0329e3e2844aebf6ef06f6dc42e57',NULL,'http://image.enfunly.com/upload/shgoods/201811071541568823423_0725.jpg',NULL,1),(51,'2018-11-07 00:33:28',1,'2018-12-04 20:41:29',999,'188.00','188.00',NULL,73,'d8f0329e3e2844aebf6ef06f6dc42e57',NULL,'http://image.enfunly.com/upload/shgoods/201812011543633149331_4851.jpg',NULL,1),(52,'2018-11-07 00:35:11',1,'2018-12-04 20:41:20',999,'208.00','208.00',NULL,74,'d8f0329e3e2844aebf6ef06f6dc42e57',NULL,'http://image.enfunly.com/upload/shgoods/201812011543632192746_0242.jpg',NULL,1),(53,'2018-11-07 00:43:27',1,'2018-12-07 13:57:57',999,'128.00','128.00',NULL,75,'d8f0329e3e2844aebf6ef06f6dc42e57',NULL,'http://image.enfunly.com/upload/shgoods/201811071541552855025_4521.jpg',NULL,1),(61,'2018-11-28 14:37:01',1,'2018-11-28 14:37:01',99,'148.00','148.00',NULL,88,'798fcb91187549a5b3b9338b0e8d9485','37','http://image.enfunly.com/upload/shgoods/201811281543386944231_2599.png','6寸',0),(62,'2018-11-28 14:37:01',1,'2018-11-28 14:37:01',99,'188.00','188.00',NULL,88,'798fcb91187549a5b3b9338b0e8d9485','38','http://image.enfunly.com/upload/shgoods/201811281543386947106_8209.png','8寸',0),(63,'2018-11-28 14:37:01',1,'2018-11-28 14:37:01',99,'238.00','238.00',NULL,88,'798fcb91187549a5b3b9338b0e8d9485','39','http://image.enfunly.com/upload/shgoods/201811281543386949933_8006.png','10寸',0),(64,'2018-11-28 14:37:01',1,'2018-11-28 14:37:01',99,'288.00','288.00',NULL,88,'798fcb91187549a5b3b9338b0e8d9485','40','http://image.enfunly.com/upload/shgoods/201811281543386953418_1982.png','12寸',0),(65,'2018-11-28 22:21:13',1,'2018-11-28 22:21:13',99,'148.00','148.00',NULL,89,'798fcb91187549a5b3b9338b0e8d9485','41','http://image.enfunly.com/upload/shgoods/201811281543414857868_9302.jpg','6寸',0),(66,'2018-11-28 22:21:13',1,'2018-11-28 22:21:13',99,'168.00','168.00',NULL,89,'798fcb91187549a5b3b9338b0e8d9485','42','http://image.enfunly.com/upload/shgoods/201811281543414860060_9651.jpg','8寸',0),(67,'2018-11-28 22:21:13',1,'2018-11-28 22:21:13',99,'238.00','238.00',NULL,89,'798fcb91187549a5b3b9338b0e8d9485','43','http://image.enfunly.com/upload/shgoods/201811281543414862736_8623.jpg','10寸',0),(68,'2018-11-28 22:21:13',1,'2018-11-28 22:21:13',99,'268.00','268.00',NULL,89,'798fcb91187549a5b3b9338b0e8d9485','44','http://image.enfunly.com/upload/shgoods/201811281543414865164_2001.jpg','12寸',0),(69,'2018-11-28 22:21:13',1,'2018-11-28 22:21:13',99,'399.00','399.00',NULL,89,'798fcb91187549a5b3b9338b0e8d9485','45','http://image.enfunly.com/upload/shgoods/201811281543414870208_3955.jpg','双层定制请联系客服',0),(70,'2018-11-28 22:22:02',1,'2018-11-28 22:22:02',99,'148.00','148.00',NULL,90,'798fcb91187549a5b3b9338b0e8d9485','46','http://image.enfunly.com/upload/shgoods/201811281543414857868_9302.jpg','6寸',0),(71,'2018-11-28 22:22:02',1,'2018-11-28 22:22:02',99,'168.00','168.00',NULL,90,'798fcb91187549a5b3b9338b0e8d9485','47','http://image.enfunly.com/upload/shgoods/201811281543414860060_9651.jpg','8寸',0),(72,'2018-11-28 22:22:02',1,'2018-11-28 22:22:02',99,'238.00','238.00',NULL,90,'798fcb91187549a5b3b9338b0e8d9485','48','http://image.enfunly.com/upload/shgoods/201811281543414862736_8623.jpg','10寸',0),(73,'2018-11-28 22:22:02',1,'2018-11-28 22:22:02',99,'268.00','268.00',NULL,90,'798fcb91187549a5b3b9338b0e8d9485','49','http://image.enfunly.com/upload/shgoods/201811281543414865164_2001.jpg','12寸',0),(74,'2018-11-28 22:22:02',1,'2018-11-28 22:22:02',99,'399.00','399.00',NULL,90,'798fcb91187549a5b3b9338b0e8d9485','50','http://image.enfunly.com/upload/shgoods/201811281543414870208_3955.jpg','双层定制请联系客服',0),(75,'2018-11-28 22:35:50',1,'2018-11-28 22:35:50',99,'88.00','88.00',NULL,91,'798fcb91187549a5b3b9338b0e8d9485','51','http://image.enfunly.com/upload/shgoods/201811281543415743675_4885.jpg','5寸',0),(76,'2018-11-28 22:35:50',1,'2018-11-28 22:35:50',99,'148.00','148.00',NULL,91,'798fcb91187549a5b3b9338b0e8d9485','52','http://image.enfunly.com/upload/shgoods/201811281543415746005_8658.jpg','6寸',0),(77,'2018-11-28 22:35:50',1,'2018-11-28 22:35:50',99,'188.00','188.00',NULL,91,'798fcb91187549a5b3b9338b0e8d9485','53','http://image.enfunly.com/upload/shgoods/201811281543415748419_1701.jpg','8寸',0),(78,'2018-11-29 11:03:48',1,'2018-11-29 11:03:48',2,'148.00','148.00',NULL,92,'798fcb91187549a5b3b9338b0e8d9485','54','http://image.enfunly.com/upload/shgoods/201811291543460471318_1998.jpg','6寸',0),(79,'2018-11-29 11:03:48',1,'2018-11-29 11:03:48',2,'188.00','188.00',NULL,92,'798fcb91187549a5b3b9338b0e8d9485','55','http://image.enfunly.com/upload/shgoods/201811291543460474497_4707.jpg','8寸',0),(80,'2018-11-29 11:03:48',1,'2018-11-29 11:03:48',2,'238.00','238.00',NULL,92,'798fcb91187549a5b3b9338b0e8d9485','56','http://image.enfunly.com/upload/shgoods/201811291543460477062_4234.jpg','10寸',0),(81,'2018-11-29 11:03:48',1,'2018-11-29 11:03:48',2,'288.00','288.00',NULL,92,'798fcb91187549a5b3b9338b0e8d9485','57','http://image.enfunly.com/upload/shgoods/201811291543460479875_8422.jpg','12寸',0),(82,'2018-11-29 11:05:04',1,'2018-11-29 11:05:04',2,'148.00','148.00',NULL,93,'798fcb91187549a5b3b9338b0e8d9485','58','http://image.enfunly.com/upload/shgoods/201811291543460690719_9047.jpg','6寸',0),(83,'2018-11-29 11:05:04',1,'2018-11-29 11:05:04',2,'188.00','188.00',NULL,93,'798fcb91187549a5b3b9338b0e8d9485','59','http://image.enfunly.com/upload/shgoods/201811291543460692998_2906.jpg','8寸',0),(84,'2018-11-29 11:05:04',1,'2018-11-29 11:05:04',2,'238.00','238.00',NULL,93,'798fcb91187549a5b3b9338b0e8d9485','60','http://image.enfunly.com/upload/shgoods/201811291543460695935_9680.jpg','10寸',0),(85,'2018-11-29 11:05:04',1,'2018-11-29 11:05:04',2,'288.00','288.00',NULL,93,'798fcb91187549a5b3b9338b0e8d9485','61','http://image.enfunly.com/upload/shgoods/201811291543460701007_2745.jpg','12寸',0),(86,'2018-11-29 11:06:24',1,'2018-11-29 11:06:24',2,'148.00','148.00',NULL,94,'798fcb91187549a5b3b9338b0e8d9485','62','http://image.enfunly.com/upload/shgoods/201811291543460763891_6353.jpg','6寸',0),(87,'2018-11-29 11:06:24',1,'2018-11-29 11:06:24',2,'188.00','188.00',NULL,94,'798fcb91187549a5b3b9338b0e8d9485','63','http://image.enfunly.com/upload/shgoods/201811291543460766554_8596.jpg','8寸',0),(88,'2018-11-29 11:06:24',1,'2018-11-29 11:06:24',2,'238.00','238.00',NULL,94,'798fcb91187549a5b3b9338b0e8d9485','64','http://image.enfunly.com/upload/shgoods/201811291543460770509_6987.jpg','10寸',0),(89,'2018-11-29 11:06:24',1,'2018-11-29 11:06:24',2,'288.00','288.00',NULL,94,'798fcb91187549a5b3b9338b0e8d9485','65','http://image.enfunly.com/upload/shgoods/201811291543460775378_0950.jpg','12寸',0),(90,'2018-11-29 12:41:15',1,'2018-11-29 12:41:15',2,'148.00','148.00',NULL,95,'798fcb91187549a5b3b9338b0e8d9485','66','http://image.enfunly.com/upload/shgoods/201811291543460763891_6353.jpg','6寸',0),(91,'2018-11-29 12:41:15',1,'2018-11-29 12:41:15',2,'188.00','188.00',NULL,95,'798fcb91187549a5b3b9338b0e8d9485','67','http://image.enfunly.com/upload/shgoods/201811291543460766554_8596.jpg','8寸',0),(92,'2018-11-29 12:41:15',1,'2018-11-29 12:41:15',2,'238.00','238.00',NULL,95,'798fcb91187549a5b3b9338b0e8d9485','68','http://image.enfunly.com/upload/shgoods/201811291543460770509_6987.jpg','10寸',0),(93,'2018-11-29 12:41:15',1,'2018-11-29 12:41:15',2,'288.00','288.00',NULL,95,'798fcb91187549a5b3b9338b0e8d9485','69','http://image.enfunly.com/upload/shgoods/201811291543460775378_0950.jpg','12寸',0),(94,'2018-11-29 12:47:19',1,'2018-11-29 12:47:19',2,'148.00','148.00',NULL,96,'798fcb91187549a5b3b9338b0e8d9485','70','http://image.enfunly.com/upload/shgoods/201811291543466829140_9330.jpg','6寸',0),(95,'2018-11-29 12:47:19',1,'2018-11-29 12:47:19',2,'188.00','188.00',NULL,96,'798fcb91187549a5b3b9338b0e8d9485','71','http://image.enfunly.com/upload/shgoods/201811291543466831598_2341.jpg','8寸',0),(96,'2018-11-29 12:47:19',1,'2018-11-29 12:47:19',2,'238.00','238.00',NULL,96,'798fcb91187549a5b3b9338b0e8d9485','72','http://image.enfunly.com/upload/shgoods/201811291543466834330_5758.jpg','10寸',0),(97,'2018-11-29 12:47:19',1,'2018-11-29 12:47:19',2,'288.00','288.00',NULL,96,'798fcb91187549a5b3b9338b0e8d9485','73','http://image.enfunly.com/upload/shgoods/201811291543466837738_3559.jpg','12寸',0),(98,'2018-11-29 13:05:11',1,'2018-11-29 13:05:11',2,'148.00','148.00',NULL,97,'798fcb91187549a5b3b9338b0e8d9485','74','http://image.enfunly.com/upload/shgoods/201811291543467746787_4645.jpg','12寸',0),(99,'2018-11-29 13:05:11',1,'2018-11-29 13:05:11',2,'188.00','188.00',NULL,97,'798fcb91187549a5b3b9338b0e8d9485','75','http://image.enfunly.com/upload/shgoods/201811291543467749227_4873.jpg','10寸',0),(100,'2018-11-29 13:05:11',1,'2018-11-29 13:05:11',1,'238.00','238.00',NULL,97,'798fcb91187549a5b3b9338b0e8d9485','76','http://image.enfunly.com/upload/shgoods/201811291543467751979_6708.jpg','8寸',0),(101,'2018-11-29 13:05:11',1,'2018-11-29 13:05:11',1,'288.00','288.00',NULL,97,'798fcb91187549a5b3b9338b0e8d9485','77','http://image.enfunly.com/upload/shgoods/201811291543467754505_8426.jpg','6寸',0),(102,'2018-11-29 13:08:15',1,'2018-11-29 13:08:15',288,'288.00','288.00',NULL,98,'798fcb91187549a5b3b9338b0e8d9485','78','http://image.enfunly.com/upload/shgoods/201811291543468064172_1081.jpg','12寸',0),(103,'2018-11-29 13:08:15',1,'2018-11-29 13:08:15',238,'238.00','238.00',NULL,98,'798fcb91187549a5b3b9338b0e8d9485','79','http://image.enfunly.com/upload/shgoods/201811291543468066974_8461.jpg','10寸',0),(104,'2018-11-29 13:08:15',1,'2018-11-29 13:08:15',188,'188.00','188.00',NULL,98,'798fcb91187549a5b3b9338b0e8d9485','80','http://image.enfunly.com/upload/shgoods/201811291543468069211_7422.jpg','8寸',0),(105,'2018-11-29 13:08:15',1,'2018-11-29 13:08:15',148,'148.00','148.00',NULL,98,'798fcb91187549a5b3b9338b0e8d9485','81','http://image.enfunly.com/upload/shgoods/201811291543468071909_9052.jpg','6寸',0),(106,'2018-11-29 13:10:20',1,'2018-11-29 13:10:20',1,'1.00','1.00',NULL,99,'798fcb91187549a5b3b9338b0e8d9485','82','http://image.enfunly.com/upload/shgoods/201811291543468195733_9911.png','12寸',0),(107,'2018-11-29 13:10:20',1,'2018-11-29 13:10:20',1,'1.00','1.00',NULL,99,'798fcb91187549a5b3b9338b0e8d9485','83','http://image.enfunly.com/upload/shgoods/201811291543468197969_2450.png','10寸',0),(108,'2018-11-29 13:10:20',1,'2018-11-29 13:10:20',1,'1.00','1.00',NULL,99,'798fcb91187549a5b3b9338b0e8d9485','84','http://image.enfunly.com/upload/shgoods/201811291543468200540_8961.png','8寸',0),(109,'2018-11-29 13:10:20',1,'2018-11-29 13:10:20',1,'1.00','1.00',NULL,99,'798fcb91187549a5b3b9338b0e8d9485','85','http://image.enfunly.com/upload/shgoods/201811291543468203430_9133.png','6寸',0),(110,'2018-11-29 13:11:25',1,'2018-11-29 13:11:25',1,'1.00','1.00',NULL,100,'798fcb91187549a5b3b9338b0e8d9485','86','http://image.enfunly.com/upload/shgoods/201811291543468248664_1774.png','12寸',0),(111,'2018-11-29 13:11:25',1,'2018-11-29 13:11:25',1,'1.00','1.00',NULL,100,'798fcb91187549a5b3b9338b0e8d9485','87','http://image.enfunly.com/upload/shgoods/201811291543468251091_2225.png','10寸',0),(112,'2018-11-29 13:11:25',1,'2018-11-29 13:11:25',1,'1.00','1.00',NULL,100,'798fcb91187549a5b3b9338b0e8d9485','88','http://image.enfunly.com/upload/shgoods/201811291543468253569_9107.png','8寸',0),(113,'2018-11-29 13:11:25',1,'2018-11-29 13:11:25',1,'1.00','1.00',NULL,100,'798fcb91187549a5b3b9338b0e8d9485','89','http://image.enfunly.com/upload/shgoods/201811291543468256347_8794.png','6寸',0),(114,'2018-11-29 13:14:12',1,'2018-11-29 13:14:12',1,'1.00','1.00',NULL,101,'798fcb91187549a5b3b9338b0e8d9485','90','http://image.enfunly.com/upload/shgoods/201811291543468438412_1242.jpg','12寸',0),(115,'2018-11-29 13:14:12',1,'2018-11-29 13:14:12',1,'1.00','1.00',NULL,101,'798fcb91187549a5b3b9338b0e8d9485','91','http://image.enfunly.com/upload/shgoods/201811291543468441525_4559.jpg','10寸',0),(116,'2018-11-29 13:14:12',1,'2018-11-29 13:14:12',1,'1.00','1.00',NULL,101,'798fcb91187549a5b3b9338b0e8d9485','92','http://image.enfunly.com/upload/shgoods/201811291543468446122_2267.jpg','8寸',0),(117,'2018-11-29 13:14:12',1,'2018-11-29 13:14:12',1,'1.00','1.00',NULL,101,'798fcb91187549a5b3b9338b0e8d9485','93','http://image.enfunly.com/upload/shgoods/201811291543468448622_2866.jpg','6寸',0),(118,'2018-11-29 13:19:13',1,'2018-11-29 13:19:13',1,'148.00','148.00',NULL,102,'798fcb91187549a5b3b9338b0e8d9485','94','http://image.enfunly.com/upload/shgoods/201811291543468741697_1875.jpg','12寸',0),(119,'2018-11-29 13:19:13',1,'2018-11-29 13:19:13',1,'188.00','188.00',NULL,102,'798fcb91187549a5b3b9338b0e8d9485','95','http://image.enfunly.com/upload/shgoods/201811291543468744914_9551.jpg','10寸',0),(120,'2018-11-29 13:19:13',1,'2018-11-29 13:19:13',1,'238.00','238.00',NULL,102,'798fcb91187549a5b3b9338b0e8d9485','96','http://image.enfunly.com/upload/shgoods/201811291543468747464_8992.jpg','8寸',0),(121,'2018-11-29 13:19:13',1,'2018-11-29 13:19:13',1,'288.00','288.00',NULL,102,'798fcb91187549a5b3b9338b0e8d9485','97','http://image.enfunly.com/upload/shgoods/201811291543468751995_9414.jpg','6寸',0),(122,'2018-11-29 13:24:21',1,'2018-11-29 13:24:21',1,'148.00','148.00',NULL,103,'798fcb91187549a5b3b9338b0e8d9485','98','http://image.enfunly.com/upload/shgoods/201811291543469050656_9648.jpg','12寸',0),(123,'2018-11-29 13:24:21',1,'2018-11-29 13:24:21',1,'188.00','188.00',NULL,103,'798fcb91187549a5b3b9338b0e8d9485','99','http://image.enfunly.com/upload/shgoods/201811291543469053368_2471.jpg','10寸',0),(124,'2018-11-29 13:24:21',1,'2018-11-29 13:24:21',1,'238.00','238.00',NULL,103,'798fcb91187549a5b3b9338b0e8d9485','100','http://image.enfunly.com/upload/shgoods/201811291543469055760_5527.jpg','8寸',0),(125,'2018-11-29 13:24:21',1,'2018-11-29 13:24:21',1,'288.00','288.00',NULL,103,'798fcb91187549a5b3b9338b0e8d9485','101','http://image.enfunly.com/upload/shgoods/201811291543469059099_3708.jpg','6寸',0),(126,'2018-11-29 13:50:59',1,'2018-11-29 13:50:59',1,'148.00','148.00',NULL,104,'798fcb91187549a5b3b9338b0e8d9485','102','http://image.enfunly.com/upload/shgoods/201811291543470645038_2550.jpg','12寸',0),(127,'2018-11-29 13:50:59',1,'2018-11-29 13:50:59',1,'188.00','188.00',NULL,104,'798fcb91187549a5b3b9338b0e8d9485','103','http://image.enfunly.com/upload/shgoods/201811291543470648100_1565.jpg','10寸',0),(128,'2018-11-29 13:50:59',1,'2018-11-29 13:50:59',1,'238.00','238.00',NULL,104,'798fcb91187549a5b3b9338b0e8d9485','104','http://image.enfunly.com/upload/shgoods/201811291543470650248_6222.jpg','8寸',0),(129,'2018-11-29 13:50:59',1,'2018-11-29 13:50:59',1,'288.00','288.00',NULL,104,'798fcb91187549a5b3b9338b0e8d9485','105','http://image.enfunly.com/upload/shgoods/201811291543470652861_2826.jpg','6寸',0),(130,'2018-11-29 13:52:59',1,'2018-11-29 13:52:59',1,'148.00','148.00',NULL,105,'798fcb91187549a5b3b9338b0e8d9485','106','http://image.enfunly.com/upload/shgoods/201811291543470769485_5900.jpg','12寸',0),(131,'2018-11-29 13:52:59',1,'2018-11-29 13:52:59',1,'188.00','188.00',NULL,105,'798fcb91187549a5b3b9338b0e8d9485','107','http://image.enfunly.com/upload/shgoods/201811291543470772176_3517.jpg','10寸',0),(132,'2018-11-29 13:52:59',1,'2018-11-29 13:52:59',1,'238.00','238.00',NULL,105,'798fcb91187549a5b3b9338b0e8d9485','108','http://image.enfunly.com/upload/shgoods/201811291543470774639_8803.jpg','8寸',0),(133,'2018-11-29 13:52:59',1,'2018-11-29 13:52:59',1,'288.00','288.00',NULL,105,'798fcb91187549a5b3b9338b0e8d9485','109','http://image.enfunly.com/upload/shgoods/201811291543470777367_8489.jpg','6寸',0),(134,'2018-11-29 13:55:12',1,'2018-11-29 13:55:12',1,'148.00','148.00',NULL,106,'798fcb91187549a5b3b9338b0e8d9485','110','http://image.enfunly.com/upload/shgoods/201811291543470901103_0962.jpg','12寸',0),(135,'2018-11-29 13:55:12',1,'2018-11-29 13:55:12',1,'188.00','188.00',NULL,106,'798fcb91187549a5b3b9338b0e8d9485','111','http://image.enfunly.com/upload/shgoods/201811291543470903707_6013.jpg','10寸',0),(136,'2018-11-29 13:55:12',1,'2018-11-29 13:55:12',1,'238.00','238.00',NULL,106,'798fcb91187549a5b3b9338b0e8d9485','112','http://image.enfunly.com/upload/shgoods/201811291543470906128_2467.jpg','8寸',0),(137,'2018-11-29 13:55:12',1,'2018-11-29 13:55:12',1,'288.00','288.00',NULL,106,'798fcb91187549a5b3b9338b0e8d9485','113','http://image.enfunly.com/upload/shgoods/201811291543470908246_5701.jpg','6寸',0),(138,'2018-11-29 13:56:08',1,'2018-11-29 13:56:08',1,'148.00','148.00',NULL,107,'798fcb91187549a5b3b9338b0e8d9485','114','http://image.enfunly.com/upload/shgoods/201811291543470958487_5259.jpg','12寸',0),(139,'2018-11-29 13:56:08',1,'2018-11-29 13:56:08',1,'188.00','188.00',NULL,107,'798fcb91187549a5b3b9338b0e8d9485','115','http://image.enfunly.com/upload/shgoods/201811291543470960977_5638.jpg','10寸',0),(140,'2018-11-29 13:56:08',1,'2018-11-29 13:56:08',1,'238.00','238.00',NULL,107,'798fcb91187549a5b3b9338b0e8d9485','116','http://image.enfunly.com/upload/shgoods/201811291543470963853_9283.jpg','8寸',0),(141,'2018-11-29 13:56:08',1,'2018-11-29 13:56:08',1,'288.00','288.00',NULL,107,'798fcb91187549a5b3b9338b0e8d9485','117','http://image.enfunly.com/upload/shgoods/201811291543470966112_4112.jpg','6寸',0),(142,'2018-11-29 13:59:49',1,'2018-11-29 13:59:49',1,'148.00','148.00',NULL,108,'798fcb91187549a5b3b9338b0e8d9485','118','http://image.enfunly.com/upload/shgoods/201811291543471162185_7083.jpg','12寸',0),(143,'2018-11-29 13:59:49',1,'2018-11-29 13:59:49',1,'188.00','188.00',NULL,108,'798fcb91187549a5b3b9338b0e8d9485','119','http://image.enfunly.com/upload/shgoods/201811291543471164218_1145.jpg','10寸',0),(144,'2018-11-29 13:59:49',1,'2018-11-29 13:59:49',1,'238.00','238.00',NULL,108,'798fcb91187549a5b3b9338b0e8d9485','120','http://image.enfunly.com/upload/shgoods/201811291543471166649_8972.jpg','8寸',0),(145,'2018-11-29 13:59:49',1,'2018-11-29 13:59:49',1,'288.00','288.00',NULL,108,'798fcb91187549a5b3b9338b0e8d9485','121','http://image.enfunly.com/upload/shgoods/201811291543471169044_0387.jpg','6寸',0),(146,'2018-11-29 14:00:51',1,'2018-11-29 14:00:51',1,'148.00','148.00',NULL,109,'798fcb91187549a5b3b9338b0e8d9485','122','http://image.enfunly.com/upload/shgoods/201811291543471241480_4271.jpg','12寸',0),(147,'2018-11-29 14:00:51',1,'2018-11-29 14:00:51',1,'188.00','188.00',NULL,109,'798fcb91187549a5b3b9338b0e8d9485','123','http://image.enfunly.com/upload/shgoods/201811291543471244653_1059.jpg','10寸',0),(148,'2018-11-29 14:00:51',1,'2018-11-29 14:00:51',1,'238.00','238.00',NULL,109,'798fcb91187549a5b3b9338b0e8d9485','124','http://image.enfunly.com/upload/shgoods/201811291543471247301_9100.jpg','8寸',0),(149,'2018-11-29 14:00:51',1,'2018-11-29 14:00:51',1,'288.00','288.00',NULL,109,'798fcb91187549a5b3b9338b0e8d9485','125','http://image.enfunly.com/upload/shgoods/201811291543471249476_5046.jpg','6寸',0),(150,'2018-11-29 14:04:23',1,'2018-11-29 14:04:23',1,'148.00','148.00',NULL,110,'798fcb91187549a5b3b9338b0e8d9485','126','http://image.enfunly.com/upload/shgoods/201811291543471451403_0701.jpg','12寸',0),(151,'2018-11-29 14:04:23',1,'2018-11-29 14:04:23',1,'188.00','188.00',NULL,110,'798fcb91187549a5b3b9338b0e8d9485','127','http://image.enfunly.com/upload/shgoods/201811291543471454066_5484.jpg','10寸',0),(152,'2018-11-29 14:04:23',1,'2018-11-29 14:04:23',1,'238.00','238.00',NULL,110,'798fcb91187549a5b3b9338b0e8d9485','128','http://image.enfunly.com/upload/shgoods/201811291543471456265_5508.jpg','8寸',0),(153,'2018-11-29 14:04:23',1,'2018-11-29 14:04:23',1,'288.00','288.00',NULL,110,'798fcb91187549a5b3b9338b0e8d9485','129','http://image.enfunly.com/upload/shgoods/201811291543471460188_0693.jpg','6寸',0),(154,'2018-11-29 14:05:09',1,'2018-11-29 14:05:09',1,'148.00','148.00',NULL,111,'798fcb91187549a5b3b9338b0e8d9485','130','http://image.enfunly.com/upload/shgoods/201811291543471473087_5501.jpg','12寸',0),(155,'2018-11-29 14:05:09',1,'2018-11-29 14:05:09',1,'188.00','188.00',NULL,111,'798fcb91187549a5b3b9338b0e8d9485','131','http://image.enfunly.com/upload/shgoods/201811291543471475570_8416.jpg','10寸',0),(156,'2018-11-29 14:05:09',1,'2018-11-29 14:05:09',1,'238.00','238.00',NULL,111,'798fcb91187549a5b3b9338b0e8d9485','132','http://image.enfunly.com/upload/shgoods/201811291543471480683_2910.jpg','8寸',0),(157,'2018-11-29 14:05:09',1,'2018-11-29 14:05:09',1,'288.00','288.00',NULL,111,'798fcb91187549a5b3b9338b0e8d9485','133','http://image.enfunly.com/upload/shgoods/201811291543471483601_3204.jpg','6寸',0),(158,'2018-11-29 14:06:07',1,'2018-11-29 14:06:07',1,'148.00','148.00',NULL,112,'798fcb91187549a5b3b9338b0e8d9485','134','http://image.enfunly.com/upload/shgoods/201811291543471558575_2392.jpg','12寸',0),(159,'2018-11-29 14:06:07',1,'2018-11-29 14:06:07',1,'188.00','188.00',NULL,112,'798fcb91187549a5b3b9338b0e8d9485','135','http://image.enfunly.com/upload/shgoods/201811291543471560701_3111.jpg','10寸',0),(160,'2018-11-29 14:06:07',1,'2018-11-29 14:06:07',1,'238.00','238.00',NULL,112,'798fcb91187549a5b3b9338b0e8d9485','136','http://image.enfunly.com/upload/shgoods/201811291543471562857_2476.jpg','8寸',0),(161,'2018-11-29 14:06:07',1,'2018-11-29 14:06:07',1,'288.00','288.00',NULL,112,'798fcb91187549a5b3b9338b0e8d9485','137','http://image.enfunly.com/upload/shgoods/201811291543471564988_2850.jpg','6寸',0),(162,'2018-11-29 14:07:14',1,'2018-11-29 14:07:14',1,'148.00','148.00',NULL,113,'798fcb91187549a5b3b9338b0e8d9485','138','http://image.enfunly.com/upload/shgoods/201811291543471622280_4841.jpg','12寸',0),(163,'2018-11-29 14:07:14',1,'2018-11-29 14:07:14',1,'188.00','188.00',NULL,113,'798fcb91187549a5b3b9338b0e8d9485','139','http://image.enfunly.com/upload/shgoods/201811291543471624944_8536.jpg','10寸',0),(164,'2018-11-29 14:07:14',1,'2018-11-29 14:07:14',1,'238.00','238.00',NULL,113,'798fcb91187549a5b3b9338b0e8d9485','140','http://image.enfunly.com/upload/shgoods/201811291543471627636_2266.jpg','8寸',0),(165,'2018-11-29 14:07:14',1,'2018-11-29 14:07:14',1,'288.00','288.00',NULL,113,'798fcb91187549a5b3b9338b0e8d9485','141','http://image.enfunly.com/upload/shgoods/201811291543471630895_6908.jpg','6寸',0),(166,'2018-11-29 14:10:43',1,'2018-11-29 14:10:43',0,'1.00','1.00',NULL,114,'798fcb91187549a5b3b9338b0e8d9485','142','http://image.enfunly.com/upload/shgoods/201811291543471753093_9678.jpg','12+10寸',0),(167,'2018-11-29 14:10:43',1,'2018-11-29 14:10:43',0,'1.00','1.00',NULL,114,'798fcb91187549a5b3b9338b0e8d9485','143','http://image.enfunly.com/upload/shgoods/201811291543471758168_4757.jpg','10+8寸',0),(168,'2018-11-29 14:10:43',1,'2018-11-29 14:10:43',0,'1.00','1.00',NULL,114,'798fcb91187549a5b3b9338b0e8d9485','144','http://image.enfunly.com/upload/shgoods/201811291543471825629_5591.jpg','8+6寸',0),(169,'2018-11-29 14:11:22',1,'2018-11-29 14:11:22',0,'1.00','1.00',NULL,115,'798fcb91187549a5b3b9338b0e8d9485','145','http://image.enfunly.com/upload/shgoods/201811291543471855917_2752.jpg','12+10寸',0),(170,'2018-11-29 14:11:22',1,'2018-11-29 14:11:22',0,'1.00','1.00',NULL,115,'798fcb91187549a5b3b9338b0e8d9485','146','http://image.enfunly.com/upload/shgoods/201811291543471859855_6334.jpg','10+8寸',0),(171,'2018-11-29 14:11:22',1,'2018-11-29 14:11:22',0,'1.00','1.00',NULL,115,'798fcb91187549a5b3b9338b0e8d9485','147','http://image.enfunly.com/upload/shgoods/201811291543471862657_3168.jpg','8+6寸',0),(172,'2018-11-29 14:15:41',1,'2018-11-29 14:15:41',1,'1.00','1.00',NULL,116,'798fcb91187549a5b3b9338b0e8d9485','148','http://image.enfunly.com/upload/shgoods/201811291543472129540_6179.jpg','12寸',0),(173,'2018-11-29 14:15:41',1,'2018-11-29 14:15:41',1,'1.00','1.00',NULL,116,'798fcb91187549a5b3b9338b0e8d9485','149','http://image.enfunly.com/upload/shgoods/201811291543472132807_0557.jpg','10寸',0),(174,'2018-11-29 14:15:41',1,'2018-11-29 14:15:41',1,'1.00','1.00',NULL,116,'798fcb91187549a5b3b9338b0e8d9485','150','http://image.enfunly.com/upload/shgoods/201811291543472135677_2866.jpg','8寸',0),(175,'2018-11-29 14:15:41',1,'2018-11-29 14:15:41',1,'1.00','1.00',NULL,116,'798fcb91187549a5b3b9338b0e8d9485','151','http://image.enfunly.com/upload/shgoods/201811291543472139652_8909.jpg','6寸',0),(176,'2018-11-29 14:17:28',1,'2018-11-29 14:17:28',1,'1.00','1.00',NULL,117,'798fcb91187549a5b3b9338b0e8d9485','152','http://image.enfunly.com/upload/shgoods/201811291543472214540_2047.jpg','12寸',0),(177,'2018-11-29 14:17:28',1,'2018-11-29 14:17:28',1,'1.00','1.00',NULL,117,'798fcb91187549a5b3b9338b0e8d9485','153','http://image.enfunly.com/upload/shgoods/201811291543472216827_1026.jpg','10寸',0),(178,'2018-11-29 14:17:28',1,'2018-11-29 14:17:28',1,'1.00','1.00',NULL,117,'798fcb91187549a5b3b9338b0e8d9485','154','http://image.enfunly.com/upload/shgoods/201811291543472219528_9533.jpg','8寸',0),(179,'2018-11-29 14:17:28',1,'2018-11-29 14:17:28',1,'1.00','1.00',NULL,117,'798fcb91187549a5b3b9338b0e8d9485','155','http://image.enfunly.com/upload/shgoods/201811291543472222825_5621.jpg','6寸',0),(180,'2018-11-29 14:18:42',1,'2018-11-29 14:18:42',1,'1.00','1.00',NULL,118,'798fcb91187549a5b3b9338b0e8d9485','156','http://image.enfunly.com/upload/shgoods/201811291543472312511_9753.jpg','12寸',0),(181,'2018-11-29 14:18:42',1,'2018-11-29 14:18:42',1,'1.00','1.00',NULL,118,'798fcb91187549a5b3b9338b0e8d9485','157','http://image.enfunly.com/upload/shgoods/201811291543472314787_6202.jpg','10寸',0),(182,'2018-11-29 14:18:42',1,'2018-11-29 14:18:42',1,'1.00','1.00',NULL,118,'798fcb91187549a5b3b9338b0e8d9485','158','http://image.enfunly.com/upload/shgoods/201811291543472317395_6193.jpg','8寸',0),(183,'2018-11-29 14:18:42',1,'2018-11-29 14:18:42',1,'1.00','1.00',NULL,118,'798fcb91187549a5b3b9338b0e8d9485','159','http://image.enfunly.com/upload/shgoods/201811291543472320221_5598.jpg','6寸',0),(184,'2018-11-29 14:19:35',1,'2018-11-29 14:19:35',1,'1.00','1.00',NULL,119,'798fcb91187549a5b3b9338b0e8d9485','160','http://image.enfunly.com/upload/shgoods/201811291543472332921_4426.jpg','12寸',0),(185,'2018-11-29 14:19:35',1,'2018-11-29 14:19:35',1,'1.00','1.00',NULL,119,'798fcb91187549a5b3b9338b0e8d9485','161','http://image.enfunly.com/upload/shgoods/201811291543472338326_6408.jpg','10寸',0),(186,'2018-11-29 14:19:35',1,'2018-11-29 14:19:35',1,'1.00','1.00',NULL,119,'798fcb91187549a5b3b9338b0e8d9485','162','http://image.enfunly.com/upload/shgoods/201811291543472340753_2938.jpg','8寸',0),(187,'2018-11-29 14:19:35',1,'2018-11-29 14:19:35',1,'1.00','1.00',NULL,119,'798fcb91187549a5b3b9338b0e8d9485','163','http://image.enfunly.com/upload/shgoods/201811291543472343403_4732.jpg','6寸',0),(188,'2018-11-29 14:20:28',1,'2018-11-29 14:20:28',1,'1.00','1.00',NULL,120,'798fcb91187549a5b3b9338b0e8d9485','164','http://image.enfunly.com/upload/shgoods/201811291543472412796_6320.jpg','12寸',0),(189,'2018-11-29 14:20:28',1,'2018-11-29 14:20:28',1,'1.00','1.00',NULL,120,'798fcb91187549a5b3b9338b0e8d9485','165','http://image.enfunly.com/upload/shgoods/201811291543472416958_9322.jpg','10寸',0),(190,'2018-11-29 14:20:28',1,'2018-11-29 14:20:28',1,'1.00','1.00',NULL,120,'798fcb91187549a5b3b9338b0e8d9485','166','http://image.enfunly.com/upload/shgoods/201811291543472419487_9736.jpg','8寸',0),(191,'2018-11-29 14:20:28',1,'2018-11-29 14:20:28',1,'1.00','1.00',NULL,120,'798fcb91187549a5b3b9338b0e8d9485','167','http://image.enfunly.com/upload/shgoods/201811291543472422967_1499.jpg','6寸',0),(192,'2018-11-29 14:21:14',1,'2018-11-29 14:21:14',1,'1.00','1.00',NULL,121,'798fcb91187549a5b3b9338b0e8d9485','168','http://image.enfunly.com/upload/shgoods/201811291543472463342_3608.jpg','12寸',0),(193,'2018-11-29 14:21:14',1,'2018-11-29 14:21:14',1,'1.00','1.00',NULL,121,'798fcb91187549a5b3b9338b0e8d9485','169','http://image.enfunly.com/upload/shgoods/201811291543472466489_6623.jpg','10寸',0),(194,'2018-11-29 14:21:14',1,'2018-11-29 14:21:14',1,'1.00','1.00',NULL,121,'798fcb91187549a5b3b9338b0e8d9485','170','http://image.enfunly.com/upload/shgoods/201811291543472468765_4529.jpg','8寸',0),(195,'2018-11-29 14:21:14',1,'2018-11-29 14:21:14',1,'1.00','1.00',NULL,121,'798fcb91187549a5b3b9338b0e8d9485','171','http://image.enfunly.com/upload/shgoods/201811291543472471111_2689.jpg','6寸',0),(196,'2018-11-29 14:22:25',1,'2018-11-29 14:22:25',1,'1.00','1.00',NULL,122,'798fcb91187549a5b3b9338b0e8d9485','172','http://image.enfunly.com/upload/shgoods/201811291543472503568_9517.jpg','12寸',0),(197,'2018-11-29 14:22:25',1,'2018-11-29 14:22:25',1,'1.00','1.00',NULL,122,'798fcb91187549a5b3b9338b0e8d9485','173','http://image.enfunly.com/upload/shgoods/201811291543472515726_0983.jpg','10寸',0),(198,'2018-11-29 14:22:25',1,'2018-11-29 14:22:25',1,'1.00','1.00',NULL,122,'798fcb91187549a5b3b9338b0e8d9485','174','http://image.enfunly.com/upload/shgoods/201811291543472519272_2543.jpg','8寸',0),(199,'2018-11-29 14:22:25',1,'2018-11-29 14:22:25',1,'1.00','1.00',NULL,122,'798fcb91187549a5b3b9338b0e8d9485','175','http://image.enfunly.com/upload/shgoods/201811291543472521862_4938.jpg','6寸',0),(200,'2018-11-29 14:23:19',1,'2018-11-29 14:23:19',1,'1.00','1.00',NULL,123,'798fcb91187549a5b3b9338b0e8d9485','176','http://image.enfunly.com/upload/shgoods/201811291543472586018_2116.jpg','12寸',0),(201,'2018-11-29 14:23:19',1,'2018-11-29 14:23:19',1,'1.00','1.00',NULL,123,'798fcb91187549a5b3b9338b0e8d9485','177','http://image.enfunly.com/upload/shgoods/201811291543472588788_6203.jpg','10寸',0),(202,'2018-11-29 14:23:19',1,'2018-11-29 14:23:19',1,'1.00','1.00',NULL,123,'798fcb91187549a5b3b9338b0e8d9485','178','http://image.enfunly.com/upload/shgoods/201811291543472593036_0080.jpg','8寸',0),(203,'2018-11-29 14:23:19',1,'2018-11-29 14:23:19',1,'1.00','1.00',NULL,123,'798fcb91187549a5b3b9338b0e8d9485','179','http://image.enfunly.com/upload/shgoods/201811291543472595821_9561.jpg','6寸',0),(204,'2018-11-29 14:24:15',1,'2018-11-29 14:24:15',1,'1.00','1.00',NULL,124,'798fcb91187549a5b3b9338b0e8d9485','180','http://image.enfunly.com/upload/shgoods/201811291543472613861_2495.jpg','12寸',0),(205,'2018-11-29 14:24:15',1,'2018-11-29 14:24:15',1,'1.00','1.00',NULL,124,'798fcb91187549a5b3b9338b0e8d9485','181','http://image.enfunly.com/upload/shgoods/201811291543472616305_3961.jpg','10寸',0),(206,'2018-11-29 14:24:15',1,'2018-11-29 14:24:15',1,'1.00','1.00',NULL,124,'798fcb91187549a5b3b9338b0e8d9485','182','http://image.enfunly.com/upload/shgoods/201811291543472619558_4905.jpg','8寸',0),(207,'2018-11-29 14:24:15',1,'2018-11-29 14:24:15',1,'1.00','1.00',NULL,124,'798fcb91187549a5b3b9338b0e8d9485','183','http://image.enfunly.com/upload/shgoods/201811291543472621892_4716.jpg','6寸',0),(208,'2018-11-29 14:25:04',1,'2018-11-29 14:25:04',1,'1.00','1.00',NULL,125,'798fcb91187549a5b3b9338b0e8d9485','184','http://image.enfunly.com/upload/shgoods/201811291543472693337_0584.jpg','12寸',0),(209,'2018-11-29 14:25:04',1,'2018-11-29 14:25:04',1,'1.00','1.00',NULL,125,'798fcb91187549a5b3b9338b0e8d9485','185','http://image.enfunly.com/upload/shgoods/201811291543472695684_3395.jpg','10寸',0),(210,'2018-11-29 14:25:04',1,'2018-11-29 14:25:04',1,'1.00','1.00',NULL,125,'798fcb91187549a5b3b9338b0e8d9485','186','http://image.enfunly.com/upload/shgoods/201811291543472699097_8181.jpg','8寸',0),(211,'2018-11-29 14:25:04',1,'2018-11-29 14:25:04',1,'1.00','1.00',NULL,125,'798fcb91187549a5b3b9338b0e8d9485','187','http://image.enfunly.com/upload/shgoods/201811291543472703008_5881.jpg','6寸',0),(212,'2018-11-29 14:25:56',1,'2018-11-29 14:25:56',1,'1.00','1.00',NULL,126,'798fcb91187549a5b3b9338b0e8d9485','188','http://image.enfunly.com/upload/shgoods/201811291543472720472_8683.jpg','12寸',0),(213,'2018-11-29 14:25:56',1,'2018-11-29 14:25:56',1,'1.00','1.00',NULL,126,'798fcb91187549a5b3b9338b0e8d9485','189','http://image.enfunly.com/upload/shgoods/201811291543472723420_1743.jpg','10寸',0),(214,'2018-11-29 14:25:56',1,'2018-11-29 14:25:56',1,'1.00','1.00',NULL,126,'798fcb91187549a5b3b9338b0e8d9485','190','http://image.enfunly.com/upload/shgoods/201811291543472726069_2373.jpg','8寸',0),(215,'2018-11-29 14:25:56',1,'2018-11-29 14:25:56',1,'1.00','1.00',NULL,126,'798fcb91187549a5b3b9338b0e8d9485','191','http://image.enfunly.com/upload/shgoods/201811291543472730052_6401.jpg','6寸',0),(216,'2018-11-29 14:26:49',1,'2018-11-29 14:26:49',1,'1.00','1.00',NULL,127,'798fcb91187549a5b3b9338b0e8d9485','192','http://image.enfunly.com/upload/shgoods/201811291543472795310_2664.jpg','12寸',0),(217,'2018-11-29 14:26:49',1,'2018-11-29 14:26:49',1,'1.00','1.00',NULL,127,'798fcb91187549a5b3b9338b0e8d9485','193','http://image.enfunly.com/upload/shgoods/201811291543472798378_1813.jpg','10寸',0),(218,'2018-11-29 14:26:49',1,'2018-11-29 14:26:49',1,'1.00','1.00',NULL,127,'798fcb91187549a5b3b9338b0e8d9485','194','http://image.enfunly.com/upload/shgoods/201811291543472803413_6877.jpg','8寸',0),(219,'2018-11-29 14:26:49',1,'2018-11-29 14:26:49',1,'1.00','1.00',NULL,127,'798fcb91187549a5b3b9338b0e8d9485','195','http://image.enfunly.com/upload/shgoods/201811291543472806552_9500.jpg','6寸',0),(220,'2018-11-29 16:14:30',1,'2018-11-29 16:14:30',1,'1.00','1.00',NULL,128,'798fcb91187549a5b3b9338b0e8d9485','196','http://image.enfunly.com/upload/shgoods/201811291543479214915_5250.jpg','12寸',0),(221,'2018-11-29 16:14:30',1,'2018-11-29 16:14:30',1,'1.00','1.00',NULL,128,'798fcb91187549a5b3b9338b0e8d9485','197','http://image.enfunly.com/upload/shgoods/201811291543479218555_6153.jpg','10寸',0),(222,'2018-11-29 16:14:30',1,'2018-11-29 16:14:30',1,'1.00','1.00',NULL,128,'798fcb91187549a5b3b9338b0e8d9485','198','http://image.enfunly.com/upload/shgoods/201811291543479222930_5091.jpg','8寸',0),(223,'2018-11-29 16:14:31',1,'2018-11-29 16:14:31',1,'1.00','1.00',NULL,128,'798fcb91187549a5b3b9338b0e8d9485','199','http://image.enfunly.com/upload/shgoods/201811291543479225295_9446.jpg','6寸',0),(224,'2018-11-29 16:15:19',1,'2018-11-29 16:15:19',1,'1.00','1.00',NULL,129,'798fcb91187549a5b3b9338b0e8d9485','200','http://image.enfunly.com/upload/shgoods/201811291543479301490_7302.jpg','12寸',0),(225,'2018-11-29 16:15:19',1,'2018-11-29 16:15:19',1,'1.00','1.00',NULL,129,'798fcb91187549a5b3b9338b0e8d9485','201','http://image.enfunly.com/upload/shgoods/201811291543479303886_2084.jpg','10寸',0),(226,'2018-11-29 16:15:19',1,'2018-11-29 16:15:19',1,'1.00','1.00',NULL,129,'798fcb91187549a5b3b9338b0e8d9485','202','http://image.enfunly.com/upload/shgoods/201811291543479306869_1888.jpg','8寸',0),(227,'2018-11-29 16:15:19',1,'2018-11-29 16:15:19',1,'1.00','1.00',NULL,129,'798fcb91187549a5b3b9338b0e8d9485','203','http://image.enfunly.com/upload/shgoods/201811291543479310383_7737.jpg','6寸',0),(228,'2018-11-29 16:21:15',1,'2018-11-29 16:21:15',1,'1.00','1.00',NULL,130,'798fcb91187549a5b3b9338b0e8d9485','204','http://image.enfunly.com/upload/shgoods/201811291543479530762_8618.jpg','12寸',0),(229,'2018-11-29 16:21:15',1,'2018-11-29 16:21:15',1,'1.00','1.00',NULL,130,'798fcb91187549a5b3b9338b0e8d9485','205','http://image.enfunly.com/upload/shgoods/201811291543479534766_6253.jpg','10寸',0),(230,'2018-11-29 16:21:15',1,'2018-11-29 16:21:15',1,'1.00','1.00',NULL,130,'798fcb91187549a5b3b9338b0e8d9485','206','http://image.enfunly.com/upload/shgoods/201811291543479537517_4810.jpg','8寸',0),(231,'2018-11-29 16:21:15',1,'2018-11-29 16:21:15',1,'1.00','1.00',NULL,130,'798fcb91187549a5b3b9338b0e8d9485','207','http://image.enfunly.com/upload/shgoods/201811291543479540265_5400.jpg','6寸',0),(232,'2018-11-29 16:34:50',1,'2018-11-29 16:34:50',1,'1.00','1.00',NULL,131,'798fcb91187549a5b3b9338b0e8d9485','208','http://image.enfunly.com/upload/shgoods/201811291543480424833_7861.jpg','12寸',0),(233,'2018-11-29 16:34:50',1,'2018-11-29 16:34:50',1,'1.00','1.00',NULL,131,'798fcb91187549a5b3b9338b0e8d9485','209','http://image.enfunly.com/upload/shgoods/201811291543480440739_2563.jpg','10寸',0),(234,'2018-11-29 16:34:50',1,'2018-11-29 16:34:50',1,'1.00','1.00',NULL,131,'798fcb91187549a5b3b9338b0e8d9485','210','http://image.enfunly.com/upload/shgoods/201811291543480445261_0796.jpg','8寸',0),(235,'2018-11-29 16:34:50',1,'2018-11-29 16:34:50',1,'1.00','1.00',NULL,131,'798fcb91187549a5b3b9338b0e8d9485','211','http://image.enfunly.com/upload/shgoods/201811291543480457580_4757.jpg','6寸',0),(236,'2018-11-29 17:01:52',1,'2018-11-29 17:01:52',1,'1.00','1.00',NULL,132,'798fcb91187549a5b3b9338b0e8d9485','212','http://image.enfunly.com/upload/shgoods/201811291543482098683_3650.jpg','12寸',0),(237,'2018-11-29 17:01:52',1,'2018-11-29 17:01:52',1,'1.00','1.00',NULL,132,'798fcb91187549a5b3b9338b0e8d9485','213','http://image.enfunly.com/upload/shgoods/201811291543482101191_5714.jpg','10寸',0),(238,'2018-11-29 17:01:52',1,'2018-11-29 17:01:52',1,'1.00','1.00',NULL,132,'798fcb91187549a5b3b9338b0e8d9485','214','http://image.enfunly.com/upload/shgoods/201811291543482103328_5392.jpg','8寸',0),(239,'2018-11-29 17:01:52',1,'2018-11-29 17:01:52',1,'1.00','1.00',NULL,132,'798fcb91187549a5b3b9338b0e8d9485','215','http://image.enfunly.com/upload/shgoods/201811291543482109182_1766.jpg','6寸',0),(240,'2018-11-29 17:05:13',1,'2018-11-29 17:05:13',1,'1.00','1.00',NULL,133,'798fcb91187549a5b3b9338b0e8d9485','216','http://image.enfunly.com/upload/shgoods/201811291543482267946_0878.jpg','12寸',0),(241,'2018-11-29 17:05:13',1,'2018-11-29 17:05:13',1,'1.00','1.00',NULL,133,'798fcb91187549a5b3b9338b0e8d9485','217','http://image.enfunly.com/upload/shgoods/201811291543482272658_4835.jpg','10寸',0),(242,'2018-11-29 17:05:13',1,'2018-11-29 17:05:13',1,'1.00','1.00',NULL,133,'798fcb91187549a5b3b9338b0e8d9485','218','http://image.enfunly.com/upload/shgoods/201811291543482274978_3436.jpg','8寸',0),(243,'2018-11-29 17:05:13',1,'2018-11-29 17:05:13',1,'1.00','1.00',NULL,133,'798fcb91187549a5b3b9338b0e8d9485','219','http://image.enfunly.com/upload/shgoods/201811291543482278667_0072.jpg','6寸',0),(244,'2018-11-29 17:34:16',1,'2018-11-29 17:34:16',1,'1.00','1.00',NULL,134,'798fcb91187549a5b3b9338b0e8d9485','220','http://image.enfunly.com/upload/shgoods/201811291543484044915_5439.jpg','12寸',0),(245,'2018-11-29 17:34:16',1,'2018-11-29 17:34:16',1,'1.00','1.00',NULL,134,'798fcb91187549a5b3b9338b0e8d9485','221','http://image.enfunly.com/upload/shgoods/201811291543484047478_7567.jpg','10寸',0),(246,'2018-11-29 17:34:16',1,'2018-11-29 17:34:16',1,'1.00','1.00',NULL,134,'798fcb91187549a5b3b9338b0e8d9485','222','http://image.enfunly.com/upload/shgoods/201811291543484050415_6231.jpg','8寸',0),(247,'2018-11-29 17:34:16',1,'2018-11-29 17:34:16',1,'1.00','1.00',NULL,134,'798fcb91187549a5b3b9338b0e8d9485','223','http://image.enfunly.com/upload/shgoods/201811291543484052938_0349.jpg','6寸',0),(248,'2018-11-29 17:36:13',1,'2018-11-29 17:36:13',1,'1.00','1.00',NULL,135,'798fcb91187549a5b3b9338b0e8d9485','224','http://image.enfunly.com/upload/shgoods/201811291543484127956_1091.jpg','12寸',0),(249,'2018-11-29 17:36:13',1,'2018-11-29 17:36:13',1,'1.00','1.00',NULL,135,'798fcb91187549a5b3b9338b0e8d9485','225','http://image.enfunly.com/upload/shgoods/201811291543484134226_0383.jpg','10寸',0),(250,'2018-11-29 17:36:13',1,'2018-11-29 17:36:13',1,'1.00','1.00',NULL,135,'798fcb91187549a5b3b9338b0e8d9485','226','http://image.enfunly.com/upload/shgoods/201811291543484139697_1407.jpg','8寸',0),(251,'2018-11-29 17:36:13',1,'2018-11-29 17:36:13',1,'1.00','1.00',NULL,135,'798fcb91187549a5b3b9338b0e8d9485','227','http://image.enfunly.com/upload/shgoods/201811291543484142659_4466.jpg','6寸',0),(252,'2018-11-29 17:42:37',1,'2018-11-29 17:42:37',1,'1.00','1.00',NULL,136,'798fcb91187549a5b3b9338b0e8d9485','228','http://image.enfunly.com/upload/shgoods/201811291543484547532_9936.jpg','12寸',0),(253,'2018-11-29 17:42:37',1,'2018-11-29 17:42:37',1,'1.00','1.00',NULL,136,'798fcb91187549a5b3b9338b0e8d9485','229','http://image.enfunly.com/upload/shgoods/201811291543484549950_1217.jpg','10寸',0),(254,'2018-11-29 17:42:37',1,'2018-11-29 17:42:37',1,'1.00','1.00',NULL,136,'798fcb91187549a5b3b9338b0e8d9485','230','http://image.enfunly.com/upload/shgoods/201811291543484552373_1391.jpg','8寸',0),(255,'2018-11-29 17:42:37',1,'2018-11-29 17:42:37',1,'1.00','1.00',NULL,136,'798fcb91187549a5b3b9338b0e8d9485','231','http://image.enfunly.com/upload/shgoods/201811291543484554829_7473.jpg','6寸',0),(256,'2018-11-29 17:43:47',1,'2018-11-29 17:43:47',1,'1.00','1.00',NULL,137,'798fcb91187549a5b3b9338b0e8d9485','232','http://image.enfunly.com/upload/shgoods/201811291543484588754_0857.jpg','12寸',0),(257,'2018-11-29 17:43:47',1,'2018-11-29 17:43:47',1,'1.00','1.00',NULL,137,'798fcb91187549a5b3b9338b0e8d9485','233','http://image.enfunly.com/upload/shgoods/201811291543484591133_2354.jpg','10寸',0),(258,'2018-11-29 17:43:47',1,'2018-11-29 17:43:47',1,'1.00','1.00',NULL,137,'798fcb91187549a5b3b9338b0e8d9485','234','http://image.enfunly.com/upload/shgoods/201811291543484593563_5941.jpg','8寸',0),(259,'2018-11-29 17:43:47',1,'2018-11-29 17:43:47',1,'1.00','1.00',NULL,137,'798fcb91187549a5b3b9338b0e8d9485','235','http://image.enfunly.com/upload/shgoods/201811291543484597063_1830.jpg','6寸',0),(260,'2018-11-29 17:45:57',1,'2018-11-29 17:45:57',1,'1.00','1.00',NULL,138,'798fcb91187549a5b3b9338b0e8d9485','236','http://image.enfunly.com/upload/shgoods/201811291543484737178_9096.jpg','12寸',0),(261,'2018-11-29 17:45:57',1,'2018-11-29 17:45:57',1,'1.00','1.00',NULL,138,'798fcb91187549a5b3b9338b0e8d9485','237','http://image.enfunly.com/upload/shgoods/201811291543484739644_8031.jpg','10寸',0),(262,'2018-11-29 17:45:57',1,'2018-11-29 17:45:57',1,'1.00','1.00',NULL,138,'798fcb91187549a5b3b9338b0e8d9485','238','http://image.enfunly.com/upload/shgoods/201811291543484742331_2139.jpg','8寸',0),(263,'2018-11-29 17:45:57',1,'2018-11-29 17:45:57',1,'1.00','1.00',NULL,138,'798fcb91187549a5b3b9338b0e8d9485','239','http://image.enfunly.com/upload/shgoods/201811291543484745480_9099.jpg','6寸',0),(264,'2018-11-29 17:48:20',1,'2018-11-29 17:48:20',1,'1.00','1.00',NULL,139,'798fcb91187549a5b3b9338b0e8d9485','240','http://image.enfunly.com/upload/shgoods/201811291543484888332_9819.jpg','12寸',0),(265,'2018-11-29 17:48:20',1,'2018-11-29 17:48:20',1,'1.00','1.00',NULL,139,'798fcb91187549a5b3b9338b0e8d9485','241','http://image.enfunly.com/upload/shgoods/201811291543484890183_2206.jpg','10寸',0),(266,'2018-11-29 17:48:20',1,'2018-11-29 17:48:20',1,'1.00','1.00',NULL,139,'798fcb91187549a5b3b9338b0e8d9485','242','http://image.enfunly.com/upload/shgoods/201811291543484892451_1455.jpg','8寸',0),(267,'2018-11-29 17:48:20',1,'2018-11-29 17:48:20',1,'1.00','1.00',NULL,139,'798fcb91187549a5b3b9338b0e8d9485','243','http://image.enfunly.com/upload/shgoods/201811291543484897648_7702.jpg','6寸',0),(268,'2018-11-29 18:06:54',1,'2018-11-29 18:06:54',1,'148.00','148.00',NULL,140,'798fcb91187549a5b3b9338b0e8d9485','244','http://image.enfunly.com/upload/shgoods/201811291543485984106_5943.jpg','12寸',0),(269,'2018-11-29 18:06:54',1,'2018-11-29 18:06:54',1,'188.00','188.00',NULL,140,'798fcb91187549a5b3b9338b0e8d9485','245','http://image.enfunly.com/upload/shgoods/201811291543485987321_2358.jpg','10寸',0),(270,'2018-11-29 18:06:54',1,'2018-11-29 18:06:54',1,'238.00','238.00',NULL,140,'798fcb91187549a5b3b9338b0e8d9485','246','http://image.enfunly.com/upload/shgoods/201811291543485990322_3925.jpg','8寸',0),(271,'2018-11-29 18:06:54',1,'2018-11-29 18:06:54',1,'288.00','288.00',NULL,140,'798fcb91187549a5b3b9338b0e8d9485','247','http://image.enfunly.com/upload/shgoods/201811291543485993407_2954.jpg','6寸',0),(272,'2018-11-29 18:08:15',1,'2018-11-29 18:08:15',1,'148.00','148.00',NULL,141,'798fcb91187549a5b3b9338b0e8d9485','248','http://image.enfunly.com/upload/shgoods/201811291543486054229_9717.jpg','12寸',0),(273,'2018-11-29 18:08:15',1,'2018-11-29 18:08:15',1,'188.00','188.00',NULL,141,'798fcb91187549a5b3b9338b0e8d9485','249','http://image.enfunly.com/upload/shgoods/201811291543486056804_1980.jpg','10寸',0),(274,'2018-11-29 18:08:15',1,'2018-11-29 18:08:15',1,'238.00','238.00',NULL,141,'798fcb91187549a5b3b9338b0e8d9485','250','http://image.enfunly.com/upload/shgoods/201811291543486059625_4961.jpg','8寸',0),(275,'2018-11-29 18:08:15',1,'2018-11-29 18:08:15',1,'288.00','288.00',NULL,141,'798fcb91187549a5b3b9338b0e8d9485','251','http://image.enfunly.com/upload/shgoods/201811291543486064297_1343.jpg','6寸',0),(276,'2018-11-29 18:09:07',1,'2018-11-29 18:09:07',1,'148.00','148.00',NULL,142,'798fcb91187549a5b3b9338b0e8d9485','252','http://image.enfunly.com/upload/shgoods/201811291543486136157_4369.jpg','12寸',0),(277,'2018-11-29 18:09:07',1,'2018-11-29 18:09:07',1,'188.00','188.00',NULL,142,'798fcb91187549a5b3b9338b0e8d9485','253','http://image.enfunly.com/upload/shgoods/201811291543486138551_1246.jpg','10寸',0),(278,'2018-11-29 18:09:07',1,'2018-11-29 18:09:07',1,'238.00','238.00',NULL,142,'798fcb91187549a5b3b9338b0e8d9485','254','http://image.enfunly.com/upload/shgoods/201811291543486142559_2627.jpg','8寸',0),(279,'2018-11-29 18:09:07',1,'2018-11-29 18:09:07',1,'288.00','288.00',NULL,142,'798fcb91187549a5b3b9338b0e8d9485','255','http://image.enfunly.com/upload/shgoods/201811291543486145605_0780.jpg','6寸',0),(280,'2018-11-29 18:10:42',1,'2018-11-29 18:10:42',1,'148.00','148.00',NULL,143,'798fcb91187549a5b3b9338b0e8d9485','256','http://image.enfunly.com/upload/shgoods/201811291543486228993_8341.jpg','12寸',0),(281,'2018-11-29 18:10:42',1,'2018-11-29 18:10:42',1,'188.00','188.00',NULL,143,'798fcb91187549a5b3b9338b0e8d9485','257','http://image.enfunly.com/upload/shgoods/201811291543486231344_5738.jpg','10寸',0),(282,'2018-11-29 18:10:42',1,'2018-11-29 18:10:42',1,'238.00','238.00',NULL,143,'798fcb91187549a5b3b9338b0e8d9485','258','http://image.enfunly.com/upload/shgoods/201811291543486233955_3576.jpg','8寸',0),(283,'2018-11-29 18:10:42',1,'2018-11-29 18:10:42',1,'288.00','288.00',NULL,143,'798fcb91187549a5b3b9338b0e8d9485','259','http://image.enfunly.com/upload/shgoods/201811291543486237168_1685.jpg','6寸',0),(284,'2018-11-29 18:15:48',1,'2018-11-29 18:15:48',1,'1.00','1.00',NULL,144,'798fcb91187549a5b3b9338b0e8d9485','260','http://image.enfunly.com/upload/shgoods/201811291543486502061_6137.jpg','12寸',0),(285,'2018-11-29 18:15:48',1,'2018-11-29 18:15:48',1,'1.00','1.00',NULL,144,'798fcb91187549a5b3b9338b0e8d9485','261','http://image.enfunly.com/upload/shgoods/201811291543486504200_3288.jpg','10寸',0),(286,'2018-11-29 18:15:48',1,'2018-11-29 18:15:48',1,'1.00','1.00',NULL,144,'798fcb91187549a5b3b9338b0e8d9485','262','http://image.enfunly.com/upload/shgoods/201811291543486506814_2960.jpg','8寸',0),(287,'2018-11-29 18:15:48',1,'2018-11-29 18:15:48',1,'1.00','1.00',NULL,144,'798fcb91187549a5b3b9338b0e8d9485','263','http://image.enfunly.com/upload/shgoods/201811291543486509173_7507.jpg','6寸',0),(288,'2018-11-29 18:17:36',1,'2018-11-29 18:17:36',1,'1.00','1.00',NULL,145,'798fcb91187549a5b3b9338b0e8d9485','264','http://image.enfunly.com/upload/shgoods/201811291543486644950_8548.jpg','12寸',0),(289,'2018-11-29 18:17:36',1,'2018-11-29 18:17:36',1,'1.00','1.00',NULL,145,'798fcb91187549a5b3b9338b0e8d9485','265','http://image.enfunly.com/upload/shgoods/201811291543486647429_1780.jpg','10寸',0),(290,'2018-11-29 18:17:36',1,'2018-11-29 18:17:36',1,'1.00','1.00',NULL,145,'798fcb91187549a5b3b9338b0e8d9485','266','http://image.enfunly.com/upload/shgoods/201811291543486649931_4649.jpg','8寸',0),(291,'2018-11-29 18:17:36',1,'2018-11-29 18:17:36',1,'1.00','1.00',NULL,145,'798fcb91187549a5b3b9338b0e8d9485','267','http://image.enfunly.com/upload/shgoods/201811291543486652604_3882.jpg','6寸',0),(292,'2018-11-29 18:18:46',1,'2018-11-29 18:18:46',1,'1.00','1.00',NULL,146,'798fcb91187549a5b3b9338b0e8d9485','268','http://image.enfunly.com/upload/shgoods/201811291543486714822_9001.jpg','12寸',0),(293,'2018-11-29 18:18:46',1,'2018-11-29 18:18:46',1,'1.00','1.00',NULL,146,'798fcb91187549a5b3b9338b0e8d9485','269','http://image.enfunly.com/upload/shgoods/201811291543486718281_5935.jpg','10寸',0),(294,'2018-11-29 18:18:46',1,'2018-11-29 18:18:46',1,'1.00','1.00',NULL,146,'798fcb91187549a5b3b9338b0e8d9485','270','http://image.enfunly.com/upload/shgoods/201811291543486721453_1106.jpg','8寸',0),(295,'2018-11-29 18:18:46',1,'2018-11-29 18:18:46',1,'1.00','1.00',NULL,146,'798fcb91187549a5b3b9338b0e8d9485','271','http://image.enfunly.com/upload/shgoods/201811291543486724085_3726.jpg','6寸',0),(296,'2018-11-29 18:19:57',1,'2018-11-29 18:19:57',1,'1.00','1.00',NULL,147,'798fcb91187549a5b3b9338b0e8d9485','272','http://image.enfunly.com/upload/shgoods/201811291543486714822_9001.jpg','12寸',0),(297,'2018-11-29 18:19:57',1,'2018-11-29 18:19:57',1,'1.00','1.00',NULL,147,'798fcb91187549a5b3b9338b0e8d9485','273','http://image.enfunly.com/upload/shgoods/201811291543486718281_5935.jpg','10寸',0),(298,'2018-11-29 18:19:57',1,'2018-11-29 18:19:57',1,'1.00','1.00',NULL,147,'798fcb91187549a5b3b9338b0e8d9485','274','http://image.enfunly.com/upload/shgoods/201811291543486721453_1106.jpg','8寸',0),(299,'2018-11-29 18:19:57',1,'2018-11-29 18:19:57',1,'1.00','1.00',NULL,147,'798fcb91187549a5b3b9338b0e8d9485','275','http://image.enfunly.com/upload/shgoods/201811291543486724085_3726.jpg','6寸',0),(300,'2018-12-02 14:31:13',1,'2018-12-07 13:58:21',999,'78.00','78.00',NULL,148,'d8f0329e3e2844aebf6ef06f6dc42e57',NULL,'http://image.enfunly.com/upload/shgoods/201812021543732062207_0571.jpg',NULL,1),(301,'2018-12-05 23:13:45',1,'2018-12-05 23:13:45',1,'188.00','188.00',NULL,149,'5bea456761b64da081c8e7aae0a47e8d',NULL,'http://image.enfunly.com/upload/shgoods/201812051544022639444_1651.jpg',NULL,1),(302,'2018-12-05 23:18:35',1,'2018-12-05 23:18:35',1,'188.00','188.00',NULL,150,'5bea456761b64da081c8e7aae0a47e8d',NULL,'http://image.enfunly.com/upload/shgoods/201812051544022931239_5841.jpg',NULL,1),(303,'2018-12-05 23:20:23',1,'2018-12-05 23:20:23',1,'188.00','188.00',NULL,151,'5bea456761b64da081c8e7aae0a47e8d',NULL,'http://image.enfunly.com/upload/shgoods/201812051544023128282_9287.jpg',NULL,1),(304,'2018-12-05 23:22:46',1,'2018-12-05 23:22:46',1,'188.00','188.00',NULL,152,'5bea456761b64da081c8e7aae0a47e8d',NULL,'http://image.enfunly.com/upload/shgoods/201812051544023349963_1431.jpg',NULL,1),(305,'2018-12-05 23:22:54',1,'2018-12-05 23:22:54',1,'188.00','188.00',NULL,153,'5bea456761b64da081c8e7aae0a47e8d',NULL,'http://image.enfunly.com/upload/shgoods/201812051544023349963_1431.jpg',NULL,1),(306,'2018-12-07 13:37:14',1,'2018-12-25 14:11:58',5000,'580.00','120.00',NULL,154,'d8f0329e3e2844aebf6ef06f6dc42e57',NULL,'http://image.enfunly.com/upload/shgoods/201812071544157528788_5890.jpg',NULL,1),(307,'2018-12-07 17:41:04',1,'2018-12-07 17:41:04',500,'158.00','100.00',NULL,155,'d8f0329e3e2844aebf6ef06f6dc42e57',NULL,'http://image.enfunly.com/upload/shgoods/201812071544175298985_2148.jpg',NULL,1),(308,'2018-12-07 21:24:09',1,'2018-12-07 21:24:09',0,'0.00','0.00',NULL,156,'d8f0329e3e2844aebf6ef06f6dc42e57',NULL,'http://image.enfunly.com/upload/shgoods/201812071544187701483_9338.gif',NULL,1),(309,'2018-12-09 14:07:57',1,'2018-12-09 14:07:57',500,'188.00','98.00',NULL,157,'d8f0329e3e2844aebf6ef06f6dc42e57',NULL,'http://image.enfunly.com/upload/shgoods/201812091544319550399_8571.jpg',NULL,1),(310,'2018-12-09 14:08:51',1,'2018-12-09 14:08:51',500,'188.00','98.00',NULL,158,'d8f0329e3e2844aebf6ef06f6dc42e57',NULL,'http://image.enfunly.com/upload/shgoods/201812091544319550399_8571.jpg',NULL,1),(311,'2018-12-09 14:09:02',1,'2018-12-09 14:09:02',500,'188.00','98.00',NULL,159,'d8f0329e3e2844aebf6ef06f6dc42e57',NULL,'http://image.enfunly.com/upload/shgoods/201812091544319550399_8571.jpg',NULL,1),(312,'2018-12-09 14:09:11',1,'2018-12-09 14:09:11',500,'188.00','98.00',NULL,160,'d8f0329e3e2844aebf6ef06f6dc42e57',NULL,'http://image.enfunly.com/upload/shgoods/201812091544319550399_8571.jpg',NULL,1),(313,'2018-12-09 14:09:29',1,'2018-12-09 16:28:13',500,'188.00','98.00',NULL,161,'d8f0329e3e2844aebf6ef06f6dc42e57',NULL,'http://image.enfunly.com/upload/shgoods/201812091544319550399_8571.jpg',NULL,1),(314,'2018-12-09 14:11:07',1,'2018-12-09 16:56:20',500,'188.00','98.00',NULL,162,'d8f0329e3e2844aebf6ef06f6dc42e57',NULL,'http://image.enfunly.com/upload/shgoods/201812091544319550399_8571.jpg',NULL,1),(315,'2018-12-10 11:46:24',1,'2018-12-10 11:46:24',1000,'588.00','368.00',NULL,163,'d8f0329e3e2844aebf6ef06f6dc42e57',NULL,'http://image.enfunly.com/upload/shgoods/201812101544410115536_5167.jpg',NULL,1),(316,'2018-12-11 20:01:29',1,'2018-12-15 13:00:29',1,'0.00','0.00',NULL,164,'d8f0329e3e2844aebf6ef06f6dc42e57',NULL,'http://image.enfunly.com/upload/shgoods/201812111544508255820_1123.jpg',NULL,1),(318,'2018-12-17 18:59:43',1,'2018-12-24 19:47:08',1000,'0.00','138.00',NULL,166,'d8f0329e3e2844aebf6ef06f6dc42e57',NULL,'http://image.enfunly.com/upload/shgoods/201812171545045970495_4458.jpg',NULL,1),(319,'2018-12-19 17:28:30',1,'2019-01-05 20:18:29',500,'60.00','9.00',NULL,167,'d8f0329e3e2844aebf6ef06f6dc42e57',NULL,'http://image.enfunly.com/upload/shgoods/201812191545204521177_9615.jpg',NULL,1),(320,'2018-12-20 15:44:16',1,'2018-12-25 16:34:03',11,'0.10','0.01',NULL,168,'d8f0329e3e2844aebf6ef06f6dc42e57',NULL,'http://image.enfunly.com/upload/shgoods/201812201545291816384_9676.jpg',NULL,1),(321,'2018-12-23 09:12:23',1,'2018-12-23 09:12:23',0,'0.00','0.00',NULL,169,'d8f0329e3e2844aebf6ef06f6dc42e57',NULL,'http://image.enfunly.com/upload/shgoods/201812231545527457279_4223.jpg',NULL,1),(322,'2018-12-23 17:03:14',1,'2018-12-25 13:39:57',1000,'1380.00','998.00',NULL,170,'d8f0329e3e2844aebf6ef06f6dc42e57',NULL,'http://image.enfunly.com/upload/shgoods/201812231545555726686_2425.jpg',NULL,1),(323,'2018-12-24 11:52:37',1,'2018-12-24 11:52:37',10,'0.00','0.00',NULL,171,'d8f0329e3e2844aebf6ef06f6dc42e57',NULL,'http://image.enfunly.com/upload/shgoods/201812241545623545870_6203.jpg',NULL,1),(324,'2018-12-25 17:41:02',1,'2019-01-03 11:44:46',1000,'188.00','132.00',NULL,172,'d8f0329e3e2844aebf6ef06f6dc42e57',NULL,'http://image.enfunly.com/upload/shgoods/201812251545731466346_7649.gif',NULL,1),(325,'2018-12-25 18:27:08',1,'2018-12-25 18:29:47',1000,'132.00','66.00',NULL,173,'d8f0329e3e2844aebf6ef06f6dc42e57',NULL,'http://image.enfunly.com/upload/shgoods/201812251545725715334_0869.gif',NULL,1),(328,'2018-12-27 18:55:25',1,'2018-12-27 18:55:25',100,'688.00','880.00',NULL,165,'d8f0329e3e2844aebf6ef06f6dc42e57','277','http://image.enfunly.com/upload/shgoods/201812271545908120935_1371.jpg','雏鹰特训升级版',0),(329,'2018-12-27 18:57:10',1,'2019-01-03 11:44:16',500,'880.00','688.00',NULL,165,'d8f0329e3e2844aebf6ef06f6dc42e57',NULL,'http://image.enfunly.com/upload/shgoods/201812201545302914569_7154.jpg',NULL,1),(330,'2019-01-15 11:23:10',1,'2019-01-15 11:24:26',1,'1.00','1.00',NULL,175,'4afd59eac1084c999371d28d06534a75',NULL,'http://venice-test-bucket.oss-cn-beijing.aliyuncs.com/20190115/fde7ac3053a74530bb69d4d843711218.jpg',NULL,1),(331,'2019-01-15 11:30:51',1,'2019-01-15 11:30:51',1,'1.00','1.00',NULL,176,'4afd59eac1084c999371d28d06534a75',NULL,'http://venice-test-bucket.oss-cn-beijing.aliyuncs.com/20190115/ef285a0ccbee47148a7073858eae0501.jpg',NULL,1);

/*Table structure for table `sh_search_history` */

DROP TABLE IF EXISTS `sh_search_history`;

CREATE TABLE `sh_search_history` (
  `id` bigint(20) NOT NULL AUTO_INCREMENT COMMENT '主键ID',
  `create_time` datetime NOT NULL COMMENT '创建时间',
  `optlock` bigint(20) NOT NULL DEFAULT '1' COMMENT '乐观锁',
  `update_time` datetime NOT NULL COMMENT '修改时间',
  `from` varchar(45) DEFAULT NULL COMMENT '搜索来源，如PC、小程序、APP等',
  `user_id` bigint(20) DEFAULT NULL COMMENT '会员Id',
  `keyword` varchar(255) DEFAULT NULL COMMENT '关键字',
  `add_time` int(11) DEFAULT NULL COMMENT '搜索时间',
  `appid` varchar(255) DEFAULT NULL,
  PRIMARY KEY (`id`)
) ENGINE=InnoDB DEFAULT CHARSET=utf8mb4 COMMENT='搜索历史';

/*Data for the table `sh_search_history` */

/*Table structure for table `sh_specification` */

DROP TABLE IF EXISTS `sh_specification`;

CREATE TABLE `sh_specification` (
  `id` bigint(20) NOT NULL AUTO_INCREMENT COMMENT '主键ID',
  `create_time` datetime NOT NULL COMMENT '创建时间',
  `optlock` bigint(20) NOT NULL DEFAULT '1' COMMENT '乐观锁',
  `update_time` datetime NOT NULL COMMENT '修改时间',
  `appid` varchar(36) NOT NULL,
  `goods_id` bigint(20) DEFAULT NULL COMMENT '商品ID',
  `name` varchar(255) DEFAULT NULL COMMENT '规格分类名称',
  PRIMARY KEY (`id`)
) ENGINE=InnoDB AUTO_INCREMENT=83 DEFAULT CHARSET=utf8mb4 COMMENT='规格';

/*Data for the table `sh_specification` */

insert  into `sh_specification`(`id`,`create_time`,`optlock`,`update_time`,`appid`,`goods_id`,`name`) values (1,'2018-10-11 22:16:29',0,'2018-10-11 22:16:29','',32,'颜色'),(2,'2018-10-11 22:16:29',0,'2018-10-11 22:16:29','',32,'长度'),(8,'2018-10-16 14:52:10',1,'2018-10-16 14:52:10','d0cdaaaffb874843b66262ef56b0d759',51,'颜色'),(9,'2018-10-16 14:52:10',1,'2018-10-16 14:52:10','d0cdaaaffb874843b66262ef56b0d759',51,'重量'),(10,'2018-10-16 15:01:14',1,'2018-10-16 15:01:14','d0cdaaaffb874843b66262ef56b0d759',52,'颜色'),(11,'2018-10-16 20:30:42',1,'2018-10-16 20:30:42','9c7af37bb8a54e12be5afbe8e8bfd1b7',53,'颜色'),(12,'2018-10-16 20:30:44',1,'2018-10-16 20:30:44','9c7af37bb8a54e12be5afbe8e8bfd1b7',53,'重量'),(13,'2018-11-06 11:05:50',1,'2018-11-06 11:05:50','be2c510b1b5440dc8550c404031e6035',63,'节假日'),(14,'2018-11-06 11:05:50',1,'2018-11-06 11:05:50','be2c510b1b5440dc8550c404031e6035',63,'上班期间'),(15,'2018-11-06 11:06:28',1,'2018-11-06 11:06:28','be2c510b1b5440dc8550c404031e6035',64,'节假日'),(16,'2018-11-06 11:06:28',1,'2018-11-06 11:06:28','be2c510b1b5440dc8550c404031e6035',64,'上班期间'),(21,'2018-11-28 14:37:01',1,'2018-11-28 14:37:01','798fcb91187549a5b3b9338b0e8d9485',88,'6寸'),(22,'2018-11-28 22:21:13',1,'2018-11-28 22:21:13','798fcb91187549a5b3b9338b0e8d9485',89,'6寸'),(23,'2018-11-28 22:22:02',1,'2018-11-28 22:22:02','798fcb91187549a5b3b9338b0e8d9485',90,'6寸'),(24,'2018-11-28 22:35:50',1,'2018-11-28 22:35:50','798fcb91187549a5b3b9338b0e8d9485',91,'6寸'),(25,'2018-11-29 11:03:48',1,'2018-11-29 11:03:48','798fcb91187549a5b3b9338b0e8d9485',92,' '),(26,'2018-11-29 11:05:04',1,'2018-11-29 11:05:04','798fcb91187549a5b3b9338b0e8d9485',93,' '),(27,'2018-11-29 11:06:24',1,'2018-11-29 11:06:24','798fcb91187549a5b3b9338b0e8d9485',94,' '),(28,'2018-11-29 12:41:15',1,'2018-11-29 12:41:15','798fcb91187549a5b3b9338b0e8d9485',95,' '),(29,'2018-11-29 12:47:19',1,'2018-11-29 12:47:19','798fcb91187549a5b3b9338b0e8d9485',96,' '),(30,'2018-11-29 13:05:11',1,'2018-11-29 13:05:11','798fcb91187549a5b3b9338b0e8d9485',97,'6寸'),(31,'2018-11-29 13:08:15',1,'2018-11-29 13:08:15','798fcb91187549a5b3b9338b0e8d9485',98,'6寸'),(32,'2018-11-29 13:10:20',1,'2018-11-29 13:10:20','798fcb91187549a5b3b9338b0e8d9485',99,'6寸'),(33,'2018-11-29 13:11:25',1,'2018-11-29 13:11:25','798fcb91187549a5b3b9338b0e8d9485',100,'6寸'),(34,'2018-11-29 13:14:12',1,'2018-11-29 13:14:12','798fcb91187549a5b3b9338b0e8d9485',101,'6寸'),(35,'2018-11-29 13:19:13',1,'2018-11-29 13:19:13','798fcb91187549a5b3b9338b0e8d9485',102,'6寸'),(36,'2018-11-29 13:24:21',1,'2018-11-29 13:24:21','798fcb91187549a5b3b9338b0e8d9485',103,'6寸'),(37,'2018-11-29 13:50:59',1,'2018-11-29 13:50:59','798fcb91187549a5b3b9338b0e8d9485',104,'6寸'),(38,'2018-11-29 13:52:59',1,'2018-11-29 13:52:59','798fcb91187549a5b3b9338b0e8d9485',105,'6寸'),(39,'2018-11-29 13:55:12',1,'2018-11-29 13:55:12','798fcb91187549a5b3b9338b0e8d9485',106,'6寸'),(40,'2018-11-29 13:56:08',1,'2018-11-29 13:56:08','798fcb91187549a5b3b9338b0e8d9485',107,'6寸'),(41,'2018-11-29 13:59:49',1,'2018-11-29 13:59:49','798fcb91187549a5b3b9338b0e8d9485',108,'6寸'),(42,'2018-11-29 14:00:51',1,'2018-11-29 14:00:51','798fcb91187549a5b3b9338b0e8d9485',109,'6寸'),(43,'2018-11-29 14:04:23',1,'2018-11-29 14:04:23','798fcb91187549a5b3b9338b0e8d9485',110,'6寸'),(44,'2018-11-29 14:05:09',1,'2018-11-29 14:05:09','798fcb91187549a5b3b9338b0e8d9485',111,'6寸'),(45,'2018-11-29 14:06:07',1,'2018-11-29 14:06:07','798fcb91187549a5b3b9338b0e8d9485',112,'6寸'),(46,'2018-11-29 14:07:14',1,'2018-11-29 14:07:14','798fcb91187549a5b3b9338b0e8d9485',113,'6寸'),(47,'2018-11-29 14:10:43',1,'2018-11-29 14:10:43','798fcb91187549a5b3b9338b0e8d9485',114,'双层蛋糕，可做单层'),(48,'2018-11-29 14:11:22',1,'2018-11-29 14:11:22','798fcb91187549a5b3b9338b0e8d9485',115,'双层蛋糕，可做单层'),(49,'2018-11-29 14:15:41',1,'2018-11-29 14:15:41','798fcb91187549a5b3b9338b0e8d9485',116,'双层蛋糕，可做单层'),(50,'2018-11-29 14:17:28',1,'2018-11-29 14:17:28','798fcb91187549a5b3b9338b0e8d9485',117,'6寸'),(51,'2018-11-29 14:18:42',1,'2018-11-29 14:18:42','798fcb91187549a5b3b9338b0e8d9485',118,'6寸'),(52,'2018-11-29 14:19:35',1,'2018-11-29 14:19:35','798fcb91187549a5b3b9338b0e8d9485',119,'6寸'),(53,'2018-11-29 14:20:28',1,'2018-11-29 14:20:28','798fcb91187549a5b3b9338b0e8d9485',120,'6寸'),(54,'2018-11-29 14:21:14',1,'2018-11-29 14:21:14','798fcb91187549a5b3b9338b0e8d9485',121,'6寸'),(55,'2018-11-29 14:22:25',1,'2018-11-29 14:22:25','798fcb91187549a5b3b9338b0e8d9485',122,'6寸'),(56,'2018-11-29 14:23:19',1,'2018-11-29 14:23:19','798fcb91187549a5b3b9338b0e8d9485',123,'6寸'),(57,'2018-11-29 14:24:15',1,'2018-11-29 14:24:15','798fcb91187549a5b3b9338b0e8d9485',124,'6寸'),(58,'2018-11-29 14:25:04',1,'2018-11-29 14:25:04','798fcb91187549a5b3b9338b0e8d9485',125,'6寸'),(59,'2018-11-29 14:25:56',1,'2018-11-29 14:25:56','798fcb91187549a5b3b9338b0e8d9485',126,'6寸'),(60,'2018-11-29 14:26:49',1,'2018-11-29 14:26:49','798fcb91187549a5b3b9338b0e8d9485',127,'6寸'),(61,'2018-11-29 16:14:30',1,'2018-11-29 16:14:30','798fcb91187549a5b3b9338b0e8d9485',128,'6寸'),(62,'2018-11-29 16:15:19',1,'2018-11-29 16:15:19','798fcb91187549a5b3b9338b0e8d9485',129,'6寸'),(63,'2018-11-29 16:21:15',1,'2018-11-29 16:21:15','798fcb91187549a5b3b9338b0e8d9485',130,'6寸'),(64,'2018-11-29 16:34:50',1,'2018-11-29 16:34:50','798fcb91187549a5b3b9338b0e8d9485',131,'6寸'),(65,'2018-11-29 17:01:52',1,'2018-11-29 17:01:52','798fcb91187549a5b3b9338b0e8d9485',132,'6寸'),(66,'2018-11-29 17:05:13',1,'2018-11-29 17:05:13','798fcb91187549a5b3b9338b0e8d9485',133,'6寸'),(67,'2018-11-29 17:34:16',1,'2018-11-29 17:34:16','798fcb91187549a5b3b9338b0e8d9485',134,'6寸'),(68,'2018-11-29 17:36:13',1,'2018-11-29 17:36:13','798fcb91187549a5b3b9338b0e8d9485',135,'6寸'),(69,'2018-11-29 17:42:37',1,'2018-11-29 17:42:37','798fcb91187549a5b3b9338b0e8d9485',136,'6寸'),(70,'2018-11-29 17:43:47',1,'2018-11-29 17:43:47','798fcb91187549a5b3b9338b0e8d9485',137,'6寸'),(71,'2018-11-29 17:45:57',1,'2018-11-29 17:45:57','798fcb91187549a5b3b9338b0e8d9485',138,'6寸'),(72,'2018-11-29 17:48:20',1,'2018-11-29 17:48:20','798fcb91187549a5b3b9338b0e8d9485',139,'6寸'),(73,'2018-11-29 18:06:54',1,'2018-11-29 18:06:54','798fcb91187549a5b3b9338b0e8d9485',140,'原味戚风蛋糕'),(74,'2018-11-29 18:08:15',1,'2018-11-29 18:08:15','798fcb91187549a5b3b9338b0e8d9485',141,'原味戚风蛋糕'),(75,'2018-11-29 18:09:07',1,'2018-11-29 18:09:07','798fcb91187549a5b3b9338b0e8d9485',142,'原味戚风蛋糕'),(76,'2018-11-29 18:10:42',1,'2018-11-29 18:10:42','798fcb91187549a5b3b9338b0e8d9485',143,'原味戚风蛋糕'),(77,'2018-11-29 18:15:48',1,'2018-11-29 18:15:48','798fcb91187549a5b3b9338b0e8d9485',144,'红茶戚风蛋糕'),(78,'2018-11-29 18:17:36',1,'2018-11-29 18:17:36','798fcb91187549a5b3b9338b0e8d9485',145,'红茶戚风蛋糕'),(79,'2018-11-29 18:18:46',1,'2018-11-29 18:18:46','798fcb91187549a5b3b9338b0e8d9485',146,'红茶戚风蛋糕'),(80,'2018-11-29 18:19:57',1,'2018-11-29 18:19:57','798fcb91187549a5b3b9338b0e8d9485',147,'红茶戚风蛋糕'),(82,'2018-12-27 18:55:25',1,'2018-12-27 18:55:25','d8f0329e3e2844aebf6ef06f6dc42e57',165,'三日营');

/*Table structure for table `sh_topic` */

DROP TABLE IF EXISTS `sh_topic`;

CREATE TABLE `sh_topic` (
  `id` bigint(20) NOT NULL AUTO_INCREMENT COMMENT '主键ID',
  `create_time` datetime NOT NULL COMMENT '创建时间',
  `optlock` bigint(20) NOT NULL DEFAULT '1' COMMENT '乐观锁',
  `update_time` datetime NOT NULL COMMENT '修改时间',
  `title` varchar(255) DEFAULT NULL COMMENT '活动主题',
  `avatar` varchar(255) DEFAULT NULL COMMENT '化名',
  `item_pic_url` varchar(255) DEFAULT NULL COMMENT '活动条例图片',
  `subtitle` varchar(255) DEFAULT NULL COMMENT '子标题',
  `read_count` varchar(255) DEFAULT '0' COMMENT '阅读量',
  `scene_pic_url` varchar(255) DEFAULT NULL COMMENT '场景图片链接',
  `content` text COMMENT '活动内容',
  `price_info` decimal(19,2) DEFAULT NULL COMMENT '活动价格',
  `appid` varchar(255) DEFAULT NULL,
  PRIMARY KEY (`id`)
) ENGINE=InnoDB AUTO_INCREMENT=29 DEFAULT CHARSET=utf8mb4 COMMENT='活动';

/*Data for the table `sh_topic` */

insert  into `sh_topic`(`id`,`create_time`,`optlock`,`update_time`,`title`,`avatar`,`item_pic_url`,`subtitle`,`read_count`,`scene_pic_url`,`content`,`price_info`,`appid`) values (13,'2018-10-17 09:35:14',1,'2018-10-17 09:40:53','111111111111111111',NULL,'http://image.enfunly.com/upload/shtopic/201810171539739400516_7081.jpg','11111111111111111111111','0','http://image.enfunly.com/upload/shtopic/201810171539739409950_6746.jpg','<p>111111111111111111111111111</p>','12.00','9c7af37bb8a54e12be5afbe8e8bfd1b7'),(14,'2018-10-17 09:53:12',1,'2018-10-17 09:53:12','秒杀化学洗涤剂的纯天然皂',NULL,'http://image.enfunly.com/upload/shtopic/201810171539741062057_0972.jpg','前段时间有朋友跟我抱怨，和婆婆住到一起才发现生活理念有太多不和。别的不提，光是洗...','0','http://image.enfunly.com/upload/shtopic/201810171539741078741_5782.jpg','<p>&lt;img src=&quot;//yanxuan.nosdn.127.net/75c55a13fde5eb2bc2dd6813b4c565cc.jpg&quot;&gt;</p><p>&nbsp; &nbsp; &lt;img src=&quot;//yanxuan.nosdn.127.net/e27e1de2b271a28a21c10213b9df7e95.jpg&quot;&gt;</p><p>&nbsp; &nbsp; &lt;img src=&quot;//yanxuan.nosdn.127.net/9d413d1d28f753cb19096b533d53418d.jpg&quot;&gt;</p><p>&nbsp; &nbsp; &lt;img src=&quot;//yanxuan.nosdn.127.net/64b0f2f350969e9818a3b6c43c217325.jpg&quot;&gt;</p><p>&nbsp; &nbsp; &lt;img src=&quot;//yanxuan.nosdn.127.net/a668e6ae7f1fa45565c1eac221787570.jpg&quot;&gt;</p><p>&nbsp; &nbsp; &lt;img src=&quot;//yanxuan.nosdn.127.net/0d4004e19728f2707f08f4be79bbc774.jpg&quot;&gt;</p><p>&nbsp; &nbsp; &lt;img src=&quot;//yanxuan.nosdn.127.net/79ee021bbe97de7ecda691de6787241f.jpg&quot;&gt;</p><p><br/></p>','1.00','d0cdaaaffb874843b66262ef56b0d759'),(18,'2018-11-09 10:01:33',1,'2018-11-09 10:01:33','专题名称',NULL,'http://image.enfunly.com/upload/shtopic/201811091541728867847_6996.jpg','这是一个子标题','0','http://image.enfunly.com/upload/shtopic/201811091541728873336_8803.jpg','<p>111111111111111111111111111111111111111111111111111111111111111111111111111111111111</p>','1.00','be2c510b1b5440dc8550c404031e6035'),(19,'2018-11-09 15:39:17',1,'2018-11-11 23:13:44','11111111',NULL,'http://image.enfunly.com/upload/shtopic/201811091541749139606_4265.gif','1111111111111111','1','http://image.enfunly.com/upload/shtopic/201811091541749153306_2508.gif','<p>sdasdsadsd</p>','1.00','47f5c50c5c1b49d4a5214decbc58ddd7'),(20,'2018-11-09 15:39:35',1,'2018-11-12 00:34:14','11111111',NULL,'http://image.enfunly.com/upload/shtopic/201811091541749139606_4265.gif','1111111111111111','1','http://image.enfunly.com/upload/shtopic/201811091541749153306_2508.gif','<p>20s</p>','1.00','47f5c50c5c1b49d4a5214decbc58ddd7'),(21,'2018-12-09 19:46:37',1,'2018-12-09 19:46:37','派对',NULL,'http://image.enfunly.com/upload/shtopic/201812091544355595163_3357.jpg','欢乐其中','1000','http://image.enfunly.com/upload/shtopic/201812091544355689528_1258.jpg','<p><img src=\"http://image.enfunly.com/upload/ueditor/image/20181209/1544355745292070916.jpg\" style=\"\" title=\"8092275546756862\"/></p><p><img src=\"http://image.enfunly.com/upload/ueditor/image/20181209/1544355746364076925.jpg\" style=\"\" title=\"4768514417601656\"/></p><p><img src=\"http://image.enfunly.com/upload/ueditor/image/20181209/1544355797905040589.jpg\" style=\"\" title=\"7125999773874511\"/></p><p><img src=\"http://image.enfunly.com/upload/ueditor/image/20181209/1544355800437069206.jpg\" style=\"\" title=\"989946821684238\"/></p><p><img src=\"http://image.enfunly.com/upload/ueditor/image/20181209/1544355946796012763.jpg\" style=\"\" title=\"15854406986680058\"/></p><p><img src=\"http://image.enfunly.com/upload/ueditor/image/20181209/1544355946710011015.jpg\" style=\"\" title=\"4205465044494518\"/></p><p><img src=\"http://image.enfunly.com/upload/ueditor/image/20181209/1544355946658038050.jpg\" style=\"\" title=\"7841363034808043\"/></p><p><img src=\"http://image.enfunly.com/upload/ueditor/image/20181209/1544355950589043819.jpg\" style=\"\" title=\"8281053147226768\"/></p><p><img src=\"http://image.enfunly.com/upload/ueditor/image/20181209/1544355951089042250.jpg\" style=\"\" title=\"7121225931874531\"/></p><p><br/></p>','1.00','d8f0329e3e2844aebf6ef06f6dc42e57'),(23,'2018-12-17 17:09:11',1,'2018-12-17 17:28:11','冬令营--雏鹰计划',NULL,'http://image.enfunly.com/upload/shtopic/201812171545037691666_5495.jpg','我是小小特种兵','1000','http://image.enfunly.com/upload/shtopic/201812171545037704212_5968.jpg','<p style=\"white-space: normal; text-align: center;\"><span style=\"font-size: 20px;\">每到放长假时，家长最头大的事情就来了：</span></p><p style=\"white-space: normal; text-align: center;\"><span style=\"font-size: 20px; color: rgb(255, 0, 0);\">孩子每天玩手机；打游戏，看电视剧</span></p><p style=\"white-space: normal; text-align: center;\"><span style=\"font-size: 20px; color: rgb(0, 176, 80);\">是的每个孩子都一样的，不比过去的小朋友，玩泥巴都能玩出不同的花样来！</span></p><p style=\"white-space: normal; text-align: center;\"><span style=\"font-size: 20px; color: rgb(192, 0, 0);\">这只能说社会的进步，切忘了孩子们童真的世界，造成孩子们的生活范围越来越小。</span></p><p style=\"white-space: normal; text-align: center;\"><span style=\"font-size: 20px; color: rgb(31, 73, 125);\">为此，我们专门为孩子们策划了一套能玩，又能交朋友，重点是还能学到课堂上所学不到的冬令营之我是特战队的产品</span></p><p style=\"white-space: normal; text-align: center;\"><span style=\"font-size: 20px; color: rgb(31, 73, 125);\">我们先来回顾今年的夏令营----雏鹰特训营</span></p><p style=\"white-space: normal;\"><br/></p><p style=\"white-space: normal; text-align: center;\"><img src=\"http://image.enfunly.com/upload/ueditor/image/20181217/1545037973562082837.jpg\" title=\"8315497461036372\"/><br/></p><p style=\"white-space: normal; text-align: center;\"><img src=\"http://image.enfunly.com/upload/ueditor/image/20181217/1545037974256016701.jpg\" title=\"11511199355249369\" alt=\"微信图片_20181210113427_副本.jpg\"/></p><p style=\"white-space: normal; text-align: center;\"><img src=\"http://image.enfunly.com/upload/ueditor/image/20181217/1545037975096025296.jpg\" title=\"377184226788986\"/></p><p style=\"white-space: normal; text-align: center;\"><img src=\"http://image.enfunly.com/upload/ueditor/image/20181217/1545037975537084872.jpg\" title=\"4833221438952002\" alt=\"微信图片_20181217140617.jpg\"/></p><p style=\"white-space: normal;\"><br/></p><p style=\"white-space: normal;\"><br/></p><p style=\"white-space: normal;\"><br/></p><p style=\"white-space: normal; text-align: center;\"><img src=\"http://image.enfunly.com/upload/ueditor/image/20181217/1545037976428085477.jpg\" title=\"8906699060527697\"/></p><p style=\"white-space: normal;\"><br/></p><p style=\"white-space: normal;\"><br/></p><p style=\"white-space: normal; text-align: center;\"><img src=\"http://image.enfunly.com/upload/ueditor/image/20181217/1545038045955080921.jpg\" title=\"18710925161249859\" alt=\"微信图片_20181211153303.jpg\"/></p><p style=\"white-space: normal;\"><br/></p><p style=\"white-space: normal; text-align: center;\"><span style=\"font-size: 24px; color: rgb(255, 0, 0);\">是不是很帅，当然这只是看到的表面，</span></p><p style=\"white-space: normal; text-align: center;\"><span style=\"font-size: 24px; color: rgb(255, 0, 0);\">重点的是他们确实变的懂事了！</span></p><p style=\"white-space: normal; text-align: center;\"><img src=\"http://image.enfunly.com/upload/ueditor/image/20181217/1545037978777087653.jpg\" title=\"19739239630175564\" alt=\"initpintu_副本.jpg\"/></p><p style=\"white-space: normal; text-align: center;\"><span style=\"font-size: 24px; color: rgb(112, 48, 160);\">曾是衣来伸手饭来张口的一个宝，如今把劳动当成是光荣的责任，</span></p><p style=\"white-space: normal;\"><br/></p><p style=\"white-space: normal; text-align: center;\"><span style=\"color: rgb(255, 0, 0); font-size: 24px;\">酷出有型，重点的是他们确实变的懂事了！</span><br/></p><p style=\"white-space: normal; text-align: center;\"><img src=\"http://image.enfunly.com/upload/ueditor/image/20181217/1545037979783051628.jpg\" title=\"7640156352341856\" alt=\"微信图片_20181217161856.jpg\"/></p><p style=\"white-space: normal; text-align: center;\"><span style=\"font-size: 24px;\"><img src=\"http://image.enfunly.com/upload/ueditor/image/20181217/1545037980082044145.jpg\" title=\"31189100877791097\" alt=\"微信图片_20181217161900.jpg\"/></span></p><p style=\"white-space: normal; text-align: center;\"><span style=\"font-size: 24px;\">我们再往下回忆：他们不是在做秀，</span></p><p style=\"white-space: normal; text-align: center;\"><span style=\"font-size: 24px;\">几天的时间他们成为合格的小战士，不再是你心目中长不大的娃！</span></p><p style=\"white-space: normal; text-align: center;\"><img src=\"http://image.enfunly.com/upload/ueditor/image/20181217/1545037980813002756.jpg\" title=\"34318863805853825\" alt=\"initpintu_副本.jpg\"/></p><p style=\"white-space: normal;\"><br/></p><p style=\"white-space: normal; text-align: center;\"><span style=\"font-size: 24px;\">再看结营一的幕</span></p><p style=\"white-space: normal; text-align: center;\"><img src=\"http://image.enfunly.com/upload/ueditor/image/20181217/1545037981619061099.jpg\" title=\"4620475557782711\" alt=\"微信图片_20181217142027.jpg\"/></p><p style=\"white-space: normal; text-align: center;\"><img src=\"http://image.enfunly.com/upload/ueditor/image/20181217/1545037983179060445.jpg\" title=\"18851693025923444\" alt=\"微信图片_20181217142022.jpg\"/></p><p style=\"white-space: normal;\"><br/></p><p style=\"white-space: normal; text-align: center;\"><span style=\"color: rgb(0, 112, 192); font-size: 24px;\">几天下来。他们早成为了“同生共死”的战友，学校能给他们培养这样的情感吗？</span></p><p style=\"white-space: normal; text-align: center;\"><img src=\"http://image.enfunly.com/upload/ueditor/image/20181217/1545037984469089995.png\" title=\"16293808099997354\" alt=\"未命名.png\"/><video class=\"edui-upload-video  vjs-default-skin      video-js\" controls=\"\" preload=\"none\" width=\"420\" height=\"280\" src data-setup=\"{}\"></video></p><p style=\"white-space: normal;\"><span style=\"font-size: 24px;\">不舍之情源于：对战友不舍；对生活过的营房不舍，对教官的不舍</span></p><p style=\"white-space: normal; text-align: center;\"><span style=\"font-size: 24px; color: rgb(255, 0, 0);\">这就是成长，这是就他们天性！</span></p><p style=\"white-space: normal; text-align: center;\"><span style=\"font-size: 24px; color: rgb(0, 176, 80);\">放飞孩子的心灵，归属他们的童年</span>！</p><p style=\"white-space: normal;\"><br/></p><p style=\"white-space: normal; text-align: center;\"><span style=\"font-size: 36px; color: rgb(255, 0, 0); background-color: rgb(146, 208, 80);\">雏鹰计划三日营</span></p><p style=\"white-space: normal; text-align: center;\"><span style=\"font-size: 24px; color: rgb(255, 0, 0); background-color: rgb(146, 208, 80);\"><br/></span></p><p style=\"white-space: normal; text-align: center;\"><span style=\"font-size: 24px; color: rgb(0, 112, 192); background-color: rgb(255, 255, 255);\">全营区监控覆盖，家长可随时打开看到自己孩子成长过程</span></p><p style=\"white-space: normal; text-align: center;\"><span style=\"font-size: 24px; color: rgb(255, 0, 0); background-color: rgb(255, 255, 255);\"><br/></span></p><p style=\"white-space: normal; text-align: center;\"><span style=\"font-size: 24px; background-color: rgb(146, 208, 80);\">日常训练：</span><span style=\"font-size: 24px; color: rgb(255, 0, 0); background-color: rgb(146, 208, 80);\"><br/></span></p><p style=\"white-space: normal; text-align: center;\"><span style=\"font-size: 24px; color: rgb(255, 0, 0); background-color: rgb(146, 208, 80);\">队列；跑步；体能；灾害自救常识；遇敌自救，</span></p><p style=\"white-space: normal; text-align: center;\"><span style=\"font-size: 24px; color: rgb(255, 0, 0); background-color: rgb(146, 208, 80);\"><br/></span></p><p style=\"white-space: normal; text-align: center;\"><span style=\"font-size: 24px; background-color: rgb(146, 208, 80);\">手工配套：</span></p><p style=\"white-space: normal; text-align: center;\"><span style=\"font-size: 24px; color: rgb(255, 0, 0); background-color: rgb(146, 208, 80);\">超级战士</span></p><p style=\"white-space: normal; text-align: center;\"><span style=\"font-size: 24px; color: rgb(255, 0, 0); background-color: rgb(146, 208, 80);\">我是小花农</span></p><p style=\"white-space: normal; text-align: center;\"><span style=\"font-size: 24px; color: rgb(255, 0, 0); background-color: rgb(146, 208, 80);\">森林考古（恐龙化石）</span></p><p style=\"white-space: normal; text-align: center;\"><span style=\"font-size: 24px; color: rgb(255, 0, 0); background-color: rgb(146, 208, 80);\">昆虫；植物标本</span></p><p style=\"white-space: normal; text-align: center;\"><span style=\"font-size: 24px; color: rgb(255, 0, 0); background-color: rgb(146, 208, 80);\"><br/></span></p><p style=\"white-space: normal; text-align: center;\"><span style=\"font-size: 24px; background-color: rgb(146, 208, 80);\">生活配套：</span></p><p style=\"white-space: normal; text-align: center;\"><span style=\"font-size: 24px; color: rgb(255, 0, 0); background-color: rgb(146, 208, 80);\">垂钓</span></p><p style=\"white-space: normal; text-align: center;\"><span style=\"font-size: 24px; color: rgb(255, 0, 0); background-color: rgb(146, 208, 80);\">篝火晚会；</span></p><p style=\"white-space: normal; text-align: center;\"><span style=\"font-size: 24px; color: rgb(255, 0, 0); background-color: rgb(146, 208, 80);\">烧烤</span></p><p style=\"white-space: normal; text-align: center;\"><span style=\"font-size: 24px; color: rgb(255, 0, 0); background-color: rgb(146, 208, 80);\">VCR录制（我是主角）</span></p><p style=\"white-space: normal; text-align: center;\"><span style=\"font-size: 24px; color: rgb(255, 0, 0); background-color: rgb(146, 208, 80);\"><br/></span></p><p style=\"white-space: normal; text-align: center;\"><span style=\"font-size: 24px; background-color: rgb(146, 208, 80);\">结营：</span></p><p style=\"white-space: normal; text-align: center;\"><span style=\"font-size: 24px; color: rgb(255, 0, 0); background-color: rgb(146, 208, 80);\">风雨人生路（家长；队员共同参加）</span></p><p style=\"white-space: normal; text-align: center;\"><span style=\"font-size: 24px; color: rgb(255, 0, 0); background-color: rgb(146, 208, 80);\">颂奖</span></p><p style=\"white-space: normal; text-align: center;\"><span style=\"font-size: 24px; color: rgb(255, 0, 0); background-color: rgb(146, 208, 80);\">开营日期</span></p><p style=\"white-space: normal; text-align: center;\"><span style=\"font-size: 24px; color: rgb(255, 0, 0); background-color: rgb(146, 208, 80);\">2019年元月24日--26日</span></p><p style=\"white-space: normal; text-align: center;\"><span style=\"font-size: 24px; color: rgb(255, 0, 0); background-color: rgb(146, 208, 80);\">2019年元月26日--28日</span></p><p style=\"white-space: normal; text-align: center;\"><span style=\"font-size: 24px; color: rgb(255, 0, 0); background-color: rgb(146, 208, 80);\">2019年2月28日--30日</span></p><p style=\"white-space: normal; text-align: center;\"><span style=\"font-size: 24px; color: rgb(255, 0, 0); background-color: rgb(146, 208, 80);\">2019年2月9日--11日</span></p><p style=\"white-space: normal;\"><br/></p><p style=\"white-space: normal; text-align: center;\"><span style=\"font-size: 24px; background-color: rgb(146, 208, 80);\">开营地址：</span><span style=\"font-size: 24px; color: rgb(255, 0, 0); background-color: rgb(146, 208, 80);\">凤凰仙都军旅俱乐部</span></p><p><img src=\"http://image.enfunly.com/upload/ueditor/image/20181217/1545038471822045535.jpg\" title=\"37927019207888357\" alt=\"qrcode_for_gh_aadfa4977bd7_860.jpg\"/></p><p style=\"text-align: center;\"><span style=\"font-size: 24px; color: rgb(255, 0, 0);\">关注我们更多产品为您服务</span></p><p><span style=\"font-size: 24px; color: rgb(255, 0, 0);\"><img src=\"http://image.enfunly.com/upload/ueditor/image/20181217/1545038739465047843.jpg\" title=\"6405500518070523\" alt=\"微信图片_20181015221718.jpg\"/></span></p><p><img src=\"http://image.enfunly.com/upload/ueditor/image/20181217/1545038816731014390.jpg\" title=\"2089225244446774\" alt=\"微信图片_20181209140317.jpg\"/></p><p style=\"text-align: center;\"><span style=\"font-size: 24px; color: rgb(255, 0, 0);\">加入我们，我们更热心为你服务</span></p>','688.00','d8f0329e3e2844aebf6ef06f6dc42e57'),(25,'2019-01-05 20:06:53',1,'2019-01-05 20:14:19','9元参加预选赛超值体验',NULL,'http://image.enfunly.com//upload/shtopic/201901051546689609803_8710.jpg','9元就能参加预赛','10000','http://image.enfunly.com//upload/shtopic/201901051546690152934_7091.jpg','<p><img src=\"http://image.enfunly.com//upload/ueditor/image/20190105/1546690190853057626.jpg\" title=\"40952245921265153\" alt=\"s1.jpg\"/></p><p><img src=\"http://image.enfunly.com//upload/ueditor/image/20190105/1546690221484000340.jpg\" title=\"5491547873187954\" alt=\"s2.jpg\"/></p><p><video class=\"edui-upload-video  vjs-default-skin video-js\" controls=\"\" preload=\"none\" width=\"420\" height=\"280\" src=\"http://image.enfunly.com//upload/ueditor/video/20190105/1546690317881060039.mp4\" data-setup=\"{}\"></video><img src=\"http://image.enfunly.com//upload/ueditor/image/20190105/1546690250732085046.jpg\" title=\"9969161716795717\" alt=\"s3.jpg\"/></p><p><br/></p><p><br/></p><p><br/></p><p><br/></p><p><br/></p>','9.00','d8f0329e3e2844aebf6ef06f6dc42e57'),(26,'2019-01-14 10:20:01',1,'2019-01-14 10:20:01','twest',NULL,'http://venice-test-bucket.oss-cn-beijing.aliyuncs.com/20190114/61638e4f24cb453281bd5f423a8ddda6.jpg','test','1','http://venice-test-bucket.oss-cn-beijing.aliyuncs.com/20190114/a987473190a748c9a061adee531fa097.jpg','<p>test</p>','1.00','4afd59eac1084c999371d28d06534a75'),(28,'2019-01-15 15:20:12',1,'2019-01-15 15:20:12','agag',NULL,'http://venice-test-bucket.oss-cn-beijing.aliyuncs.com/20190115/47ec6e760b8b43339b56c014387bd605.jpg','agg','1','http://venice-test-bucket.oss-cn-beijing.aliyuncs.com/20190115/782daf61649a45bd83b207130f15ffe4.jpg','<p>agag<br/></p>','1.00','4afd59eac1084c999371d28d06534a75');

/*Table structure for table `sh_topic_goods` */

DROP TABLE IF EXISTS `sh_topic_goods`;

CREATE TABLE `sh_topic_goods` (
  `id` bigint(20) NOT NULL AUTO_INCREMENT COMMENT '主键ID',
  `create_time` datetime NOT NULL COMMENT '创建时间',
  `optlock` bigint(20) NOT NULL DEFAULT '1' COMMENT '乐观锁',
  `update_time` datetime NOT NULL COMMENT '修改时间',
  `goods_id` bigint(20) NOT NULL COMMENT '商品ID',
  `topic_id` bigint(20) NOT NULL COMMENT '话题ID',
  `appid` varchar(36) DEFAULT NULL,
  PRIMARY KEY (`id`)
) ENGINE=InnoDB AUTO_INCREMENT=21 DEFAULT CHARSET=utf8mb4 COMMENT='主题管理商品';

/*Data for the table `sh_topic_goods` */

insert  into `sh_topic_goods`(`id`,`create_time`,`optlock`,`update_time`,`goods_id`,`topic_id`,`appid`) values (4,'2018-10-14 14:20:05',0,'2018-10-14 14:20:07',29,4,NULL),(7,'2018-10-17 09:40:53',1,'2018-10-17 09:40:53',53,13,'9c7af37bb8a54e12be5afbe8e8bfd1b7'),(8,'2018-10-17 09:53:12',1,'2018-10-17 09:53:12',31,14,'d0cdaaaffb874843b66262ef56b0d759'),(9,'2018-10-17 09:53:12',1,'2018-10-17 09:53:12',32,14,'d0cdaaaffb874843b66262ef56b0d759'),(10,'2018-10-17 09:53:12',1,'2018-10-17 09:53:12',34,14,'d0cdaaaffb874843b66262ef56b0d759'),(11,'2018-10-17 09:53:12',1,'2018-10-17 09:53:12',45,14,'d0cdaaaffb874843b66262ef56b0d759'),(12,'2018-10-17 09:53:12',1,'2018-10-17 09:53:12',51,14,'d0cdaaaffb874843b66262ef56b0d759'),(13,'2018-10-17 09:53:12',1,'2018-10-17 09:53:12',52,14,'d0cdaaaffb874843b66262ef56b0d759'),(17,'2018-11-09 10:01:33',1,'2018-11-09 10:01:33',66,18,'be2c510b1b5440dc8550c404031e6035'),(18,'2018-11-09 10:01:33',1,'2018-11-09 10:01:33',67,18,'be2c510b1b5440dc8550c404031e6035'),(19,'2019-01-15 15:20:13',1,'2019-01-15 15:20:13',175,28,'4afd59eac1084c999371d28d06534a75'),(20,'2019-01-15 15:20:13',1,'2019-01-15 15:20:13',176,28,'4afd59eac1084c999371d28d06534a75');

/*Table structure for table `sh_user` */

DROP TABLE IF EXISTS `sh_user`;

CREATE TABLE `sh_user` (
  `id` bigint(20) NOT NULL AUTO_INCREMENT COMMENT '主键ID',
  `create_time` datetime NOT NULL COMMENT '创建时间',
  `optlock` bigint(20) NOT NULL DEFAULT '1' COMMENT '乐观锁',
  `update_time` datetime NOT NULL COMMENT '修改时间',
  `username` varchar(60) DEFAULT NULL COMMENT '用户姓名',
  `user_type` int(11) DEFAULT '1' COMMENT '用户类型(01:买家;02:卖家)',
  `mobile` varchar(60) DEFAULT NULL COMMENT '手机号',
  `password` varchar(255) DEFAULT NULL COMMENT '用户密码',
  `email` varchar(60) DEFAULT NULL COMMENT '用户邮箱',
  `integral` decimal(19,2) DEFAULT NULL COMMENT '积分',
  `balance_amt` decimal(19,2) DEFAULT NULL COMMENT '用户余额',
  `last_login_ip` varchar(15) DEFAULT NULL COMMENT '上次登录ip',
  `birthday` datetime DEFAULT NULL COMMENT '用户生日',
  `last_login_time` datetime DEFAULT NULL COMMENT '上次登录时间',
  `user_level_id` bigint(20) DEFAULT '1' COMMENT '所属用户组(01:默认;02：待定)',
  `nickname` varchar(60) DEFAULT NULL COMMENT '用户昵称',
  `gender` int(11) DEFAULT NULL COMMENT '性别',
  `appid` varchar(255) DEFAULT NULL,
  `avatar_url` varchar(255) DEFAULT NULL,
  `city` varchar(255) DEFAULT NULL,
  `openid` varchar(255) DEFAULT NULL,
  `province` varchar(255) DEFAULT NULL,
  PRIMARY KEY (`id`)
) ENGINE=InnoDB AUTO_INCREMENT=130 DEFAULT CHARSET=utf8mb4 COMMENT='会员信息';

/*Data for the table `sh_user` */

insert  into `sh_user`(`id`,`create_time`,`optlock`,`update_time`,`username`,`user_type`,`mobile`,`password`,`email`,`integral`,`balance_amt`,`last_login_ip`,`birthday`,`last_login_time`,`user_level_id`,`nickname`,`gender`,`appid`,`avatar_url`,`city`,`openid`,`province`) values (4,'2018-09-16 16:09:01',1,'2018-09-16 18:56:57','微信用户zuf2lpoa3wne',NULL,NULL,'oJUIu5f8FwswSiZApbtsoVBJEMGg',NULL,NULL,NULL,'8.8.8.8',NULL,'2018-09-16 18:56:57',NULL,'李小木',1,'d8f0329e3e2844aebf6ef06f6dc42e57','https://wx.qlogo.cn/mmopen/vi_32/uIPPUgmOWUlicZpJ1Bo0IiaTDODX4ebqjBVlOZetkOEE33IBfWmnuXVpk0NnmfiaF76reNvs9ytJgibtMBnRqic8X4g/132','Fuzhou','oJUIu5f8FwswSiZApbtsoVBJEMGg','Fujian'),(5,'2018-10-21 19:31:50',1,'2018-11-02 14:50:56','微信用户c1oluaws1a26',1,NULL,'oHlM65K20PVa3Kmt_aBuLP8TZbf8',NULL,NULL,NULL,'120.36.227.208',NULL,'2018-11-02 14:50:56',1,'林育池',1,'d8f0329e3e2844aebf6ef06f6dc42e57','https://wx.qlogo.cn/mmopen/vi_32/PiajxSqBRaEIA952RiaibOqRFtmjN5Kg323oiaH3yaiag1Y3t8m7zeoXFGXaez1xweovL3adE86IggM0En8OLsp546g/132','Zhangzhou','oHlM65K20PVa3Kmt_aBuLP8TZbf8','Fujian'),(6,'2018-10-22 09:36:48',1,'2019-01-24 11:24:26','微信用户xykpdjbf7dk3',1,NULL,'ou7gJ47FgskZmlas4-HYDgoRsLaE',NULL,NULL,NULL,'8.8.8.8',NULL,'2019-01-24 11:24:26',1,'林育池',1,'d8f0329e3e2844aebf6ef06f6dc42e57','https://wx.qlogo.cn/mmopen/vi_32/PiajxSqBRaEKqUlhfGzHg6gwbrFn9hIib1aQ6AibUjLyBbCEVbgpdY6JsW1rj9RibWYcoGiaoua3mgpaCOHmqw3qABQ/132','Zhangzhou','ou7gJ47FgskZmlas4-HYDgoRsLaE','Fujian'),(7,'2018-10-22 20:00:47',1,'2018-10-22 20:00:47','微信用户9y0vzdiju5sf',1,NULL,'oJUIu5WqJCbujGkfoPvxpitZPY0A',NULL,NULL,NULL,'119.233.150.96',NULL,'2018-10-22 20:00:47',1,'林育池',1,'d8f0329e3e2844aebf6ef06f6dc42e57','https://wx.qlogo.cn/mmopen/vi_32/PiajxSqBRaEJDHGxYQwyWUY69T7icuT87kLicC61Lybn3r4ibWXwLDjxQYD8U5KNQvj3icepUBibkNn2zzxstdYk9Uicg/132','Zhangzhou','oJUIu5WqJCbujGkfoPvxpitZPY0A','Fujian'),(8,'2018-10-22 20:45:09',1,'2018-10-22 20:45:09','微信用户iece3krjqbem',1,NULL,'ou7gJ40Rw7KiIxe7_utByHIXKHb4',NULL,NULL,NULL,'223.104.6.15',NULL,'2018-10-22 20:45:09',1,'洪志艺',1,'d8f0329e3e2844aebf6ef06f6dc42e57','https://wx.qlogo.cn/mmopen/vi_32/DYAIOgq83eqkLKKQHT1z8aMcXSLiag1lT3AVotkCj95kSXPF1hPBnD4Wy3XEHrFszcpyUIZFlrbTkW3jSAgTjAQ/132','Xiamen','ou7gJ40Rw7KiIxe7_utByHIXKHb4','Fujian'),(9,'2018-10-26 10:40:09',1,'2018-10-26 11:10:03','微信用户nkeacd2yit09',1,NULL,'ocfvW5Rf62VNNdfa_I_VbfZzSTOo',NULL,NULL,NULL,'110.87.82.128',NULL,'2018-10-26 11:10:03',1,'听谁说谁呢',1,'d8f0329e3e2844aebf6ef06f6dc42e57','https://wx.qlogo.cn/mmopen/vi_32/Q0j4TwGTfTKHf2mnUKxVaWEaMwFInFiatn5qjgH6XvTn6NQW3Oaba8YaYQS2cdSDHTe63iclZzibIwoxQ9e1Z1Bhg/132',NULL,'ocfvW5Rf62VNNdfa_I_VbfZzSTOo',NULL),(10,'2018-10-30 10:07:57',1,'2018-11-01 09:29:05','微信用户z2p5ldu9fob2',1,NULL,'oHlM65B-05TGWaqGKgBoTcEY37ig',NULL,NULL,NULL,'120.39.68.233',NULL,'2018-11-01 09:29:05',1,'峰',1,'d8f0329e3e2844aebf6ef06f6dc42e57','https://wx.qlogo.cn/mmopen/vi_32/PiajxSqBRaEJfO6Zj2RYqMIEPy04uq6UialiaoHpVU3FOaibWNGS8nuNssARLFEml1WdH8uZpjNNQCPHcTYNfs1LUg/132','Longyan','oHlM65B-05TGWaqGKgBoTcEY37ig','Fujian'),(11,'2018-11-02 15:31:17',1,'2019-01-24 11:19:32','微信用户adpg6hekzi7w',1,NULL,'ou7gJ4y-UeCFE2Pbp0olv0cp-1ZU',NULL,NULL,NULL,'8.8.8.8',NULL,'2019-01-24 11:19:32',1,'峰',1,'d8f0329e3e2844aebf6ef06f6dc42e57','https://wx.qlogo.cn/mmopen/vi_32/PiajxSqBRaEKKibKuWZL7iaic8N6guJG5HA4rsxsh67ITibzBwiaMaFFc0NYBrHJ73cllo9Gxz36ib1oTgJaLoZRibfQ9w/132','Longyan','ou7gJ4y-UeCFE2Pbp0olv0cp-1ZU','Fujian'),(12,'2018-11-06 23:21:47',1,'2019-01-09 09:01:26','微信用户0s5im303aesx',1,NULL,'oHKHT5NIWYrUJBJAfBRX2XoNCzis',NULL,NULL,NULL,'211.97.128.123',NULL,'2019-01-09 09:01:26',1,'林育池',1,'d8f0329e3e2844aebf6ef06f6dc42e57','https://wx.qlogo.cn/mmopen/vi_32/PiajxSqBRaEI8ILIUPCLbbbzT0HGyc0hHZFtSmINZZwqzkryxVVibeiclibeYVLxWEIplrWUDqicmo8GJjl6iakPvmOg/132','Zhangzhou','oHKHT5NIWYrUJBJAfBRX2XoNCzis','Fujian'),(13,'2018-11-27 20:34:07',1,'2018-11-27 20:34:07','微信用户kfxwmqemna0k',1,NULL,'oHKHT5MInJoKxiQPfbOAosJyWUvA',NULL,NULL,NULL,'223.166.222.108',NULL,'2018-11-27 20:34:07',1,'柴进',0,NULL,'https://wx.qlogo.cn/mmopen/vi_32/Q0j4TwGTfTIxfVLkl4mY8xBC1JdekXOZhicjSxsWlg6TkFbDShcgB32yNIoGHWNIIutJnbINt7UIneHicrBJGKsw/132',NULL,'oHKHT5MInJoKxiQPfbOAosJyWUvA',NULL),(14,'2018-11-28 14:16:57',1,'2018-11-28 14:16:57','微信用户4dbu3onba6xu',1,NULL,'oOwDN4jJjAtTAPN9JfjgE8NnuuKg',NULL,NULL,NULL,'117.30.53.86',NULL,'2018-11-28 14:16:57',1,'林育池',1,NULL,'https://wx.qlogo.cn/mmopen/vi_32/PiajxSqBRaELKbw1L1MiazOoqZGvZSibDEfwxRSRxXTSiatgvQnetSENkYdIBPptf9u5fCIXP79S0kzz0JSyIN80WQ/132','Zhangzhou','oOwDN4jJjAtTAPN9JfjgE8NnuuKg','Fujian'),(15,'2018-11-28 14:32:00',1,'2018-11-28 14:32:00','微信用户104trtnlt911',1,NULL,'oOwDN4uf5DPMXTkzP5I3SBKmeD0I',NULL,NULL,NULL,'111.128.68.43',NULL,'2018-11-28 14:32:00',1,'欢?',2,NULL,'https://wx.qlogo.cn/mmopen/vi_32/PiajxSqBRaEILO2spRM4slFUtBblMeJuIPY4XIQJBGWU2oCqWibmq5ia9AO4GUYtuqwDjswIcxCwTKPa6GDLyibdzQ/132','Xiamen','oOwDN4uf5DPMXTkzP5I3SBKmeD0I','Fujian'),(16,'2018-11-28 16:26:02',1,'2018-11-28 16:26:02','微信用户y4ec5t5tgzt4',1,NULL,'oHKHT5HjKucjQZBv-9E2-LUOJyYk',NULL,NULL,NULL,'59.37.125.124',NULL,'2018-11-28 16:26:02',1,'乳酸菌',0,NULL,'https://wx.qlogo.cn/mmopen/vi_32/Q0j4TwGTfTLmTIwKMkTyYJXdyOmctCrj2e6X4yaAw1DUvSufhvNF1vFa3CsxjbKl7rEmDlKlPAZNpbCpjuMjnQ/132',NULL,'oHKHT5HjKucjQZBv-9E2-LUOJyYk',NULL),(17,'2018-12-01 09:50:21',1,'2018-12-01 09:50:21','微信用户9ovs66095szl',1,NULL,'oHKHT5ArLWdYp3E0iaim9NoZKC6c',NULL,NULL,NULL,'112.51.34.38',NULL,'2018-12-01 09:50:21',1,'欢?',2,NULL,'https://wx.qlogo.cn/mmopen/vi_32/PiajxSqBRaEIGKAI5Nj1icLSwG64PcdktQAd8CTPdOTBJY0QZcAAibCX9dERE19kplDzuROr679vek7nvEWzZuvVQ/132','Xiamen','oHKHT5ArLWdYp3E0iaim9NoZKC6c','Fujian'),(18,'2018-12-02 12:30:45',1,'2019-01-02 18:44:09','微信用户is1rms6eu195',1,NULL,'oHKHT5Ew9glaibXE9XIPF1xqg_rw',NULL,NULL,NULL,'140.243.128.27',NULL,'2019-01-02 18:44:09',1,'山鹰',1,NULL,'https://wx.qlogo.cn/mmopen/vi_32/Wlgxv8iagDMWZN6I5IJzRxOTbtITovpakOBibYyZt1hoZDZbWmibLkvWeK1BpPk8nzV14pibASoyNqfwiaKBgu4Uugw/132','Xiamen','oHKHT5Ew9glaibXE9XIPF1xqg_rw','Fujian'),(19,'2018-12-02 19:15:44',1,'2019-01-05 19:58:14','微信用户ebe51vq2om66',1,NULL,'oHKHT5MGmYm9oEaYwsyL_qZGuBrI',NULL,NULL,NULL,'140.243.114.26',NULL,'2019-01-05 19:58:14',1,'无名',1,NULL,'https://wx.qlogo.cn/mmopen/vi_32/VTVNickmZrVFGSJR3SsLmCpBdacBXMU4UjsPBMHCeG2uSibVxc14mRXbmLAkhHBSeFibj5r1ApXY6AvKPibwicHJrHw/132','Xiamen','oHKHT5MGmYm9oEaYwsyL_qZGuBrI','Fujian'),(20,'2018-12-02 19:31:53',1,'2019-01-05 20:48:17','微信用户lvtl76tiozq1',1,NULL,'oHKHT5KRwyOWbXRuljYVFhqxSNyY',NULL,NULL,NULL,'140.243.114.26',NULL,'2019-01-05 20:48:17',1,'洪志艺',1,NULL,'https://wx.qlogo.cn/mmopen/vi_32/aqPx8mTRMPbefB51PQxdnxvj70Iw5hBFw6NI6T5oDsibfMOBQajfHERXwl6aibSSey9iblDQBym9Zounn70kBLEYg/132','Xiamen','oHKHT5KRwyOWbXRuljYVFhqxSNyY','Fujian'),(21,'2018-12-02 19:33:03',1,'2018-12-31 19:07:46','微信用户1546lyzz2ehw',1,NULL,'oHKHT5OlwgoP6sOWtSVEHUhDYl0I',NULL,NULL,NULL,'211.97.130.57',NULL,'2018-12-31 19:07:46',1,'哇晒@',1,NULL,'https://wx.qlogo.cn/mmopen/vi_32/Q0j4TwGTfTIukeGMeadkSUD1aYktICvDOya8B05Pu7JMvJPyYJmdBW0ICP4K8kDCCh0pqOIqicnICzUNwB7iasqA/132','Zhangzhou','oHKHT5OlwgoP6sOWtSVEHUhDYl0I','Fujian'),(22,'2018-12-04 10:12:59',1,'2018-12-04 10:12:59','微信用户r3a6ef2ohcn1',1,NULL,'oOwDN4qw6We5hI-2a6eJRkM7nFoE',NULL,NULL,NULL,'211.97.128.222',NULL,'2018-12-04 10:12:59',1,'rayon&',2,NULL,'https://wx.qlogo.cn/mmopen/vi_32/pGYZKIo2bha7bO3XCwMwyzuOvlTJiaeSdpZp33Zd9DsccOtJXhe9mZK7ygeYY56w40nKPAiaI6GaJlMDNg70laJQ/132',NULL,'oOwDN4qw6We5hI-2a6eJRkM7nFoE',NULL),(23,'2018-12-04 21:56:10',1,'2018-12-04 21:56:10','微信用户cszq5g9wp86e',1,NULL,'oOwDN4ocCm-CnFSW-BPZHT0NtY6E',NULL,NULL,NULL,'110.87.95.76',NULL,'2018-12-04 21:56:10',1,'程凌霄',0,NULL,'https://wx.qlogo.cn/mmopen/vi_32/0y2DQSzayRibib5OC0V6K7ZCZqx3ReGxFuGCOeU5bibpx9N6icryyuciafdeU6VtoDZMjicq3tvHiazP17CAVG8MhrQvA/132',NULL,'oOwDN4ocCm-CnFSW-BPZHT0NtY6E',NULL),(24,'2018-12-04 21:57:55',1,'2018-12-04 21:57:55','微信用户s9afdv50hev0',1,NULL,'oOwDN4v8sToICvP5ii2R7IIj_q6o',NULL,NULL,NULL,'110.87.95.76',NULL,'2018-12-04 21:57:55',1,'Jeremy',1,NULL,'https://wx.qlogo.cn/mmopen/vi_32/DYAIOgq83eo1CwMrhdXCZF8jGMgIibIOEibMUZlu4PTZkORCVtPCOwX8n0q5qQD4MM13ppib3XrlNpL4ribssOcrHw/132','Xiamen','oOwDN4v8sToICvP5ii2R7IIj_q6o','Fujian'),(25,'2018-12-05 23:32:19',1,'2018-12-05 23:32:19','微信用户x0mmlvg37li5',1,NULL,'oOwDN4sB-Di4ytLoSFAVu56LrY3E',NULL,NULL,NULL,'101.227.139.173',NULL,'2018-12-05 23:32:19',1,'蔡福',0,NULL,'https://wx.qlogo.cn/mmhead/Q3auHgzwzM5e7zoGwzbStibbUYEyvzA1M5Aa9K2tdcribjaxV7B8C5GQ/0/132',NULL,'oOwDN4sB-Di4ytLoSFAVu56LrY3E',NULL),(26,'2018-12-07 15:05:10',1,'2019-01-08 16:32:49','微信用户1a2tjbjm8171',1,NULL,'oHKHT5AgdjmprspCooRgKiXkGtvc',NULL,NULL,NULL,'140.243.132.60',NULL,'2019-01-08 16:32:49',1,'A女汉纸',2,NULL,'https://wx.qlogo.cn/mmopen/vi_32/Q0j4TwGTfTL8Zaag2yiaaq6hjtibGS7F0paX6KLqvI3fOCLvoJv9iaVtNgZSIUAIEQHZyYfSgjQ4Af8GeL4NZZqWA/132',NULL,'oHKHT5AgdjmprspCooRgKiXkGtvc',NULL),(27,'2018-12-07 17:47:44',1,'2018-12-14 19:35:58','微信用户cvzj5jryxo57',1,NULL,'oHKHT5DgAnIiiv0Ji2Vt6ZvfLC2c',NULL,NULL,NULL,'111.144.69.111',NULL,'2018-12-14 19:35:58',1,'淡中悟真理。',0,NULL,'https://wx.qlogo.cn/mmopen/vi_32/eTXo1ElKsPnal2xK3xXt0X0MAtSq3UTgWvdFLUg0ORfcicD3tFvGOpVMZReFdPa3vXKEdUffoBGpkpVnH417k3g/132',NULL,'oHKHT5DgAnIiiv0Ji2Vt6ZvfLC2c',NULL),(28,'2018-12-07 18:06:31',1,'2018-12-11 20:14:32','微信用户d2yv2xq8umzh',1,NULL,'oHKHT5KZO2KEg2bcogna8jQcecV8',NULL,NULL,NULL,'140.243.35.177',NULL,'2018-12-11 20:14:32',1,'天天快乐',1,NULL,'https://wx.qlogo.cn/mmopen/vi_32/Q0j4TwGTfTIX464gWGIBZKGQzScXxmfUhluTuGkHYBvpQkic8BqSdmQPvSEeMKR894ug62ib3kkETKpE12BFoGuA/132','Longyan','oHKHT5KZO2KEg2bcogna8jQcecV8','Fujian'),(29,'2018-12-07 20:39:29',1,'2018-12-20 17:56:24','微信用户a3j6cnscv4n6',1,NULL,'oHKHT5ET1NJMb3Ke8KUFT7UQGeE4',NULL,NULL,NULL,'140.243.107.187',NULL,'2018-12-20 17:56:24',1,'闽宝峰山泉水',0,NULL,'https://wx.qlogo.cn/mmopen/vi_32/a3Ked7xPAASakP8gLkg5kibuGao6gNagAlfy7pE66JqaicSpI8WHavwrdIbhzalt5bHu8nYC6mWibeb794cAjouLw/132',NULL,'oHKHT5ET1NJMb3Ke8KUFT7UQGeE4',NULL),(30,'2018-12-07 21:26:23',1,'2018-12-11 20:13:38','微信用户8egxiebhxcvf',1,NULL,'oHKHT5GD1DGrW4-MNMSMmAVl8c8s',NULL,NULL,NULL,'140.243.35.177',NULL,'2018-12-11 20:13:38',1,'洪福齐天',1,NULL,'https://wx.qlogo.cn/mmopen/vi_32/wdzPFb4fBqxBaNo6wHmUvMKibnNb9MwpwwAric8Mj3BXAXNOHxwicTXTyA9f4Nc72pmqibaGlAJIKAX30KO5bKZvZg/132','Zhangzhou','oHKHT5GD1DGrW4-MNMSMmAVl8c8s','Fujian'),(31,'2018-12-08 19:29:31',1,'2018-12-30 23:48:08','微信用户0y55yqukajn6',1,NULL,'oHKHT5IxMQO2vScJJ0sbHRV_WQAE',NULL,NULL,NULL,'223.104.6.100',NULL,'2018-12-30 23:48:08',1,'洪志艺',1,NULL,'https://wx.qlogo.cn/mmopen/vi_32/DYAIOgq83epT7hmszMkfvV64GSEaS8icw1rlPiaib311BW45WZOuCJiba3s8BB6Cefp5NaW3cIQ9bOrn4icLaEywN9Q/132','Xiamen','oHKHT5IxMQO2vScJJ0sbHRV_WQAE','Fujian'),(32,'2018-12-08 21:49:20',1,'2018-12-08 21:49:20','微信用户w1bnevojbz7i',1,NULL,'oHKHT5KDOa_PWfOfCfwRkS7g6uBg',NULL,NULL,NULL,'117.136.75.126',NULL,'2018-12-08 21:49:20',1,'柠七.',1,NULL,'https://wx.qlogo.cn/mmopen/vi_32/Q0j4TwGTfTIqB293AAwVib7mhiaooMFlkXAmQYEJSXJbmV1Q6FChJ8ZjIibic0T99PDJP5CIzA2AKWrhOR91tnWd0A/132',NULL,'oHKHT5KDOa_PWfOfCfwRkS7g6uBg',NULL),(33,'2018-12-08 23:37:54',1,'2018-12-15 15:31:20','微信用户wsu82rgxcwuf',1,NULL,'oHKHT5MO0rk2na8gg8deaXQEaC9I',NULL,NULL,NULL,'223.104.6.113',NULL,'2018-12-15 15:31:20',1,'屿',2,NULL,'https://wx.qlogo.cn/mmopen/vi_32/zo1wmUbNJ6Ipfz47Y3kKkNpjOpGdBYHFIYZd00wHZvmVwV7fzMXlCMTKm6M5THbDlmEiaxzIYBibR7nqhB0CYhiaQ/132',NULL,'oHKHT5MO0rk2na8gg8deaXQEaC9I','Kagoshima'),(34,'2018-12-09 11:32:37',1,'2018-12-09 11:32:37','微信用户xk1rlg38gydq',1,NULL,'oHKHT5MFd2nqj09VtB-V8M0Vw2tk',NULL,NULL,NULL,'140.237.74.157',NULL,'2018-12-09 11:32:37',1,'美羊羊',2,NULL,'https://wx.qlogo.cn/mmopen/vi_32/Q0j4TwGTfTLKzOsStAAxJkD8gicezLprb8bBoiciaoQCuic6tPCkYMgIibYAgma0PKt8Vk0jkS9BVEHplhYjFiahk96g/132','Xiamen','oHKHT5MFd2nqj09VtB-V8M0Vw2tk','Fujian'),(35,'2018-12-09 15:41:15',1,'2018-12-09 15:41:15','微信用户2eb3agt7p4a9',1,NULL,'oHKHT5L7pgjLXC5kWyIRCtWVBhNI',NULL,NULL,NULL,'223.104.6.65',NULL,'2018-12-09 15:41:15',1,'...',2,NULL,'https://wx.qlogo.cn/mmopen/vi_32/kM5fMzfaQibwqUpms4X37PgmZ8KPLodr6t2TydUFDzEfVlqXkBY0KmYJibrBx6nfVTSPPBrlxLwpzHuaYMm7xalg/132','Zhangzhou','oHKHT5L7pgjLXC5kWyIRCtWVBhNI','Fujian'),(36,'2018-12-09 18:00:23',1,'2018-12-09 18:00:23','微信用户l7luxbgqy3xt',1,NULL,'oHKHT5I0AvijPGRWXR6i9be-Uzbs',NULL,NULL,NULL,'117.136.75.76',NULL,'2018-12-09 18:00:23',1,'洪小新。',1,NULL,'https://wx.qlogo.cn/mmopen/vi_32/Q0j4TwGTfTJyPQ9SiaXJwuAgUlegftlJ2e0NmSVtd5KoriameiaBDiavibkE5N5HXNPbj4ae7CKLsic9vRtwvgiccoIrw/132','Zhangzhou','oHKHT5I0AvijPGRWXR6i9be-Uzbs','Fujian'),(37,'2018-12-10 10:08:40',1,'2018-12-10 10:08:40','微信用户y6m7x7xhhedh',1,NULL,'oHKHT5DNzpJS4o5nO3oXjkLKBbQM',NULL,NULL,NULL,'110.87.19.40',NULL,'2018-12-10 10:08:40',1,'C',2,NULL,'https://wx.qlogo.cn/mmopen/vi_32/Q0j4TwGTfTJSdX63o9VgpHYGt4bMW8nldLbeRXibsTb5BcE0yjBQ5V2eccaEibo1Jt8fYJe2492ZaNMia08fQ63Wg/132','Xiamen','oHKHT5DNzpJS4o5nO3oXjkLKBbQM','Fujian'),(38,'2018-12-11 20:19:24',1,'2018-12-11 20:19:24','微信用户08gz0v2xetha',1,NULL,'oHKHT5FcdHjNuA-hzTSQKhj8XA3E',NULL,NULL,NULL,'106.122.0.33',NULL,'2018-12-11 20:19:24',1,'庆少',1,NULL,'https://wx.qlogo.cn/mmopen/vi_32/Q0j4TwGTfTKsA6Oys3lpHmNuh5FRURz2L5Gib15g80F1594VSm9fm0YlQDo7ra2hVW8WTMWzk8pfz3WSQuen0yA/132','Xiamen','oHKHT5FcdHjNuA-hzTSQKhj8XA3E','Fujian'),(39,'2018-12-11 21:02:08',1,'2018-12-11 21:02:08','微信用户mksfxio4rbur',1,NULL,'oHKHT5CHj6j3GChrSe595RGX23oY',NULL,NULL,NULL,'111.128.69.95',NULL,'2018-12-11 21:02:08',1,'A✨勇敢?的心✨',1,NULL,'https://wx.qlogo.cn/mmopen/vi_32/DYAIOgq83ep6naduzicEXGzcht1TyWStdHpsjW5FcSloQofIeJPqPuvkpZS6R1WYDwSTxibHGL8gX59fDUzzdR0Q/132','Taipei','oHKHT5CHj6j3GChrSe595RGX23oY','Taiwan'),(40,'2018-12-12 16:50:59',1,'2018-12-26 13:15:38','微信用户dor2haujfvdi',1,NULL,'oHKHT5F69BBgxvmfl6GWoh-8DbnQ',NULL,NULL,NULL,'183.251.92.243',NULL,'2018-12-26 13:15:38',1,'咸鱼干',1,NULL,'https://wx.qlogo.cn/mmopen/vi_32/Q0j4TwGTfTJcvQzf86HsxAgd9ttw3GE0OqTxHicruLgeSiaIiaJ0u98C80H20PLdpbXO3F7sQf7BGWDMDB9jkOnNg/132','Xiamen','oHKHT5F69BBgxvmfl6GWoh-8DbnQ','Fujian'),(41,'2018-12-12 20:49:59',1,'2018-12-25 18:48:08','微信用户zmc9paywl3kj',1,NULL,'oHKHT5JPnyoS421Gm9Ln5oRz0wtk',NULL,NULL,NULL,'120.34.174.2',NULL,'2018-12-25 18:48:08',1,'曜！',1,NULL,'https://wx.qlogo.cn/mmopen/vi_32/Q0j4TwGTfTLR9grjSHuWHN80iaM9JElwUrssZn6gf0lOBfkzBuK9y1fUsXoFG16Xib9zKnUdjn8IaJkghvG9ibKiaw/132','Zhangzhou','oHKHT5JPnyoS421Gm9Ln5oRz0wtk','Fujian'),(42,'2018-12-12 20:50:53',1,'2018-12-20 18:31:01','微信用户7a4vuy8s5mjh',1,NULL,'oHKHT5DaYdRzayzoGcYQYiTkSO58',NULL,NULL,NULL,'140.243.48.49',NULL,'2018-12-20 18:31:01',1,'凌紫 ✨',2,NULL,'https://wx.qlogo.cn/mmopen/vi_32/Q0j4TwGTfTLLbcpw4a3AwW1Dd26XztIxp17ts03ymrTYnt28eQH3QMicabicsTPVicE1MXBUmLPbcnlXYjTo26neA/132','Xiamen','oHKHT5DaYdRzayzoGcYQYiTkSO58','Fujian'),(43,'2018-12-12 21:57:24',1,'2018-12-28 09:52:04','微信用户and5bypfk0e1',1,NULL,'oHKHT5MoPuk7KKsgQNq00kXs7F2o',NULL,NULL,NULL,'117.29.185.30',NULL,'2018-12-28 09:52:04',1,'蔡美桂',2,NULL,'https://wx.qlogo.cn/mmopen/vi_32/Q0j4TwGTfTKKg0CZ0q2CUSoNCO7p9o7NoOibHCAGLaWY9DT8iaj5R8f9ETI12h5xXic2H7MnZxtlLOuPOTSJgZhXg/132','Xiamen','oHKHT5MoPuk7KKsgQNq00kXs7F2o','Fujian'),(44,'2018-12-12 21:59:06',1,'2018-12-12 21:59:06','微信用户op3jzbkw4w3w',1,NULL,'oHKHT5NACZuJn-Ews8B2uU4rAQWE',NULL,NULL,NULL,'112.48.3.68',NULL,'2018-12-12 21:59:06',1,'濤',1,NULL,'https://wx.qlogo.cn/mmopen/vi_32/DYAIOgq83erZPj705ib9TGT7R3ApS2xqsP8pnJ69JrMg3C77Fxe1cKd5Y47c1Mkq0SpwkA6CAAzmXQzumOZPaibQ/132','Zhangzhou','oHKHT5NACZuJn-Ews8B2uU4rAQWE','Fujian'),(45,'2018-12-13 00:10:50',1,'2018-12-13 00:10:50','微信用户zp935y3zidi6',1,NULL,'oHKHT5B4hBsudCxnTAU41bsuL9Zg',NULL,NULL,NULL,'119.233.135.139',NULL,'2018-12-13 00:10:50',1,'宏',2,NULL,'https://wx.qlogo.cn/mmopen/vi_32/Q0j4TwGTfTJMAwPq5eDmv1e0hibibIjDj5k4H9eyQ3jxia2Jg8sAeEyIu0aibhbqcmkax2aA3vOv4qLibL4UiaYicyia9w/132','Xiamen','oHKHT5B4hBsudCxnTAU41bsuL9Zg','Fujian'),(46,'2018-12-14 14:13:31',1,'2018-12-14 14:13:31','微信用户cgh5t2r1bix6',1,NULL,'oHKHT5APGQxd98LDFaoV35ryPmLM',NULL,NULL,NULL,'220.249.162.185',NULL,'2018-12-14 14:13:31',1,'贵安开心农场小可17689383103',1,NULL,'https://wx.qlogo.cn/mmopen/vi_32/UoBDViaraGTNse4KaIKSkTZlxqPHexX1u78M17KL2U3nHnJGb5fhz5WFSu3OVsCQyAZFTTpb6Y9ic0fQqm2fpAsA/132','Fuzhou','oHKHT5APGQxd98LDFaoV35ryPmLM','Fujian'),(47,'2018-12-15 12:50:33',1,'2018-12-15 12:50:33','微信用户v48y9t0tjvm2',1,NULL,'oHKHT5IvFQj7J0TWagEPivKj-RNs',NULL,NULL,NULL,'140.243.219.251',NULL,'2018-12-15 12:50:33',1,'孤雪',1,NULL,'https://wx.qlogo.cn/mmopen/vi_32/DYAIOgq83equlBgau6JPc9urlcXbIw9XEBHHZV15tRo9u0ExNRHdRda0prdib3He6Xfd5CledlbaHj5KolgL6gA/132','Zhangzhou','oHKHT5IvFQj7J0TWagEPivKj-RNs','Fujian'),(48,'2018-12-15 15:27:16',1,'2018-12-15 15:27:16','微信用户mh2hwkespt04',1,NULL,'oHKHT5NKx2lQhSCdAI4ruiY2TT50',NULL,NULL,NULL,'183.252.241.129',NULL,'2018-12-15 15:27:16',1,'酷的稀烂',1,NULL,'https://wx.qlogo.cn/mmopen/vi_32/2pGaPpbaTBicib0e3CBx3EricQpg1kFoPfMibukG23BRQXGHemytibTGNGib2tVsHeOLWicwpLV6rKCf3r1fbWYJcrVxA/132','Xiamen','oHKHT5NKx2lQhSCdAI4ruiY2TT50','Fujian'),(49,'2018-12-15 15:31:56',1,'2018-12-15 15:31:56','微信用户lpmxjnylqwk2',1,NULL,'oHKHT5PmZ8DwGQ_NfQmby3X7piUk',NULL,NULL,NULL,'183.252.240.188',NULL,'2018-12-15 15:31:56',1,'智商高',2,NULL,'https://wx.qlogo.cn/mmopen/vi_32/Q0j4TwGTfTJLHhNibLUZuoHsm6voLF98WocPAguFR1NR6uzibtyreE6NKKoCzthmWowopUArQTPknzRc2GgdOc8Q/132',NULL,'oHKHT5PmZ8DwGQ_NfQmby3X7piUk',NULL),(50,'2018-12-15 15:34:21',1,'2018-12-15 15:34:21','微信用户az272gsh246b',1,NULL,'oHKHT5L6Q4ajqZkYhFbiW7wD_5Yw',NULL,NULL,NULL,'211.97.131.43',NULL,'2018-12-15 15:34:21',1,'Deuce',1,NULL,'https://wx.qlogo.cn/mmopen/vi_32/Q0j4TwGTfTLicgJV92rWHWBicwC8ic4F3Ra6gWByh0deoj6IB22pzL3fNJbH2mPeiaTjPGvSeVxHho5vS3B6ntqqEQ/132','Xiamen','oHKHT5L6Q4ajqZkYhFbiW7wD_5Yw','Fujian'),(51,'2018-12-15 15:34:26',1,'2018-12-15 15:34:26','微信用户1tacx1uga6r9',1,NULL,'oHKHT5AyOwDRJSPD2xG_Rq1RfVz4',NULL,NULL,NULL,'223.104.6.115',NULL,'2018-12-15 15:34:26',1,'2\\3',1,NULL,'https://wx.qlogo.cn/mmopen/vi_32/Q0j4TwGTfTK5texDS7iasvQFcQYCIeosV3icrZgicicnObwDiazVrDkLn7BFXmm3iaibYvmX0lDhPjmXwsLKYIc5ey4Dw/132','Zhangzhou','oHKHT5AyOwDRJSPD2xG_Rq1RfVz4','Fujian'),(52,'2018-12-16 20:46:34',1,'2018-12-16 20:46:34','微信用户xeztg222naqr',1,NULL,'oHKHT5Bu5aKYrb4k41rtofPTzamM',NULL,NULL,NULL,'140.243.68.149',NULL,'2018-12-16 20:46:34',1,'大娟',2,NULL,'https://wx.qlogo.cn/mmopen/vi_32/kN38lLF5fCs055FZzL3k9hricnZWuGIrahmOVKFMbfyEpbVceK7GV5S0icXmLyyVSMIPj6NPrLYP7nj5LJxY9Ptw/132','Xiamen','oHKHT5Bu5aKYrb4k41rtofPTzamM','Fujian'),(53,'2018-12-16 20:50:24',1,'2018-12-23 19:32:57','微信用户lkxhwchyhfql',1,NULL,'oHKHT5KlcSTWo42jiPz-sVvmlmO4',NULL,NULL,NULL,'140.243.135.146',NULL,'2018-12-23 19:32:57',1,'未来星托管中心：琼琼',2,NULL,'https://wx.qlogo.cn/mmopen/vi_32/Q0j4TwGTfTJUqvktkiaB0pqFX6aHcvznicS9t0O4q7GDk3giamUeukicNicvBU8WfREqXHVVPx1qbSWjXmiczdXefnmg/132','Zhangzhou','oHKHT5KlcSTWo42jiPz-sVvmlmO4','Fujian'),(54,'2018-12-16 22:10:09',1,'2018-12-16 22:10:09','微信用户w0lao4g7rmfd',1,NULL,'oHKHT5C-58Ar2Hj9GDw2j0mQK2kU',NULL,NULL,NULL,'27.152.160.177',NULL,'2018-12-16 22:10:09',1,'陈芳',2,NULL,'https://wx.qlogo.cn/mmopen/vi_32/Q0j4TwGTfTIWdEabtdKMFIia91I4LzEibUCtk89VdOCsOIuicwrmAkdB2CSicz1icySr8N4cFAW0Qhg668CHIiaXymcw/132','Xiamen','oHKHT5C-58Ar2Hj9GDw2j0mQK2kU','Fujian'),(55,'2018-12-16 22:53:18',1,'2018-12-16 22:53:18','微信用户ux08bomtwne8',1,NULL,'oHKHT5IVOHnydnfRJbrprtDwRmG0',NULL,NULL,NULL,'124.15.171.146',NULL,'2018-12-16 22:53:18',1,'木木',1,NULL,'https://wx.qlogo.cn/mmopen/vi_32/DYAIOgq83eq4qdC6KzJjKpfbVX4c06yr9bkoFTNDq9UPDsjvDFRSmMaicZa4PeBQS2moWhKaNa1L0u8aHmVRIpQ/132',NULL,'oHKHT5IVOHnydnfRJbrprtDwRmG0',NULL),(56,'2018-12-17 12:08:45',1,'2018-12-17 12:08:45','微信用户p8vxjvo8mfdv',1,NULL,'oHKHT5H4cn8hWdi8wunOhLGD4bsI',NULL,NULL,NULL,'140.243.240.211',NULL,'2018-12-17 12:08:45',1,'? 梁晓丹',0,NULL,'https://wx.qlogo.cn/mmopen/vi_32/2EVCwc9WmQSicMhaf56cVeWbDe7x2TqSj7H9REzONYVT11QBCurCQBuqmfzFdR4rNCa1ofyle0LlFyBqfib6EruQ/132',NULL,'oHKHT5H4cn8hWdi8wunOhLGD4bsI',NULL),(57,'2018-12-17 21:07:33',1,'2018-12-24 17:52:55','微信用户dj9ovt18vfjm',1,NULL,'oHKHT5NSDZg1JArq7lZTdGpLTo1s',NULL,NULL,NULL,'223.104.6.104',NULL,'2018-12-24 17:52:55',1,'阿管 ¹⁸⁹⁵⁹⁶⁶⁸⁰³²',2,NULL,'https://wx.qlogo.cn/mmopen/vi_32/Q0j4TwGTfTIy1htAltwCmouickdVib8gHfOZiawH4KtJ6IZ9OF92jGK3KibIMhjhye2gLpWm3QpjsG7NwPldN7licQw/132','Zhangzhou','oHKHT5NSDZg1JArq7lZTdGpLTo1s','Fujian'),(58,'2018-12-18 17:20:19',1,'2018-12-25 03:36:31','微信用户zxmmv9hfz8fz',1,NULL,'oHKHT5Ou0xTdlo1iSMpzjhYKU88g',NULL,NULL,NULL,'175.43.246.227',NULL,'2018-12-25 03:36:31',1,'〖F.C.U.〗小帅老了',1,NULL,'https://wx.qlogo.cn/mmopen/vi_32/Q0j4TwGTfTI7VxavEcKoHejLxSdM93gUv2z3A3VHibpZMnq5p5D2A9QhvmZB8SULZkibh7giaw7ic4sYykjhs7xN5w/132','Zhangzhou','oHKHT5Ou0xTdlo1iSMpzjhYKU88g','Fujian'),(59,'2018-12-19 19:40:36',1,'2018-12-19 19:40:36','微信用户gwhzc1o6loxi',1,NULL,'oHKHT5Lrf_Yo9aitYFUJPw95akD4',NULL,NULL,NULL,'218.5.193.18',NULL,'2018-12-19 19:40:36',1,'锋哥',1,NULL,'https://wx.qlogo.cn/mmopen/vi_32/GYJRqVSbrHdquUchjATv2oggojEVpurzwoha0QnXTCDmNoHkHSXfjdmYOX4BKbiaeejwGxShvcZ8nglD5CvQHpQ/132','Longyan','oHKHT5Lrf_Yo9aitYFUJPw95akD4','Fujian'),(60,'2018-12-19 20:41:23',1,'2018-12-19 20:41:23','微信用户3xuk7ojn636c',1,NULL,'oHKHT5HnBN6AQ4g6ljD2cXaEpBLE',NULL,NULL,NULL,'211.97.129.176',NULL,'2018-12-19 20:41:23',1,'小b',1,NULL,'https://wx.qlogo.cn/mmopen/vi_32/DYAIOgq83erXhZGdUVib2dNqNFbf2x4ALN5ovQubBqNyd7nutiaUtMbZicysuEDMwOftgic0eg7s4OSibzc7y4RqJMA/132','Zhangzhou','oHKHT5HnBN6AQ4g6ljD2cXaEpBLE','Fujian'),(61,'2018-12-19 20:52:12',1,'2018-12-19 20:52:12','微信用户xyqjafahsfm1',1,NULL,'oHKHT5LjXr35CQJoImKPjWVXStow',NULL,NULL,NULL,'111.128.66.15',NULL,'2018-12-19 20:52:12',1,'老马',1,NULL,'https://wx.qlogo.cn/mmopen/vi_32/Q0j4TwGTfTJ5gUpejVfCsYmxQu4XKfEP757RI9LvEoPtv6PRB6pQKZXBwlOJBt5pLjKe8SMu7bx125jicVpYTPQ/132','Zhangzhou','oHKHT5LjXr35CQJoImKPjWVXStow','Fujian'),(62,'2018-12-19 21:14:14',1,'2018-12-19 21:14:14','微信用户az9wut5qr1ei',1,NULL,'oHKHT5EkvpIGPbU6_DxwIt8IJYoA',NULL,NULL,NULL,'223.104.6.58',NULL,'2018-12-19 21:14:14',1,'A新翔香骨鸡腿?',1,NULL,'https://wx.qlogo.cn/mmopen/vi_32/dxibfPviaJTL1UniaQqmMiaoWphpjaXXjibMCOE5MKZofH9YwjdvOFIaN4z0BDCXvCic8rPwSvJWwErnsshmGFD0AkVA/132',NULL,'oHKHT5EkvpIGPbU6_DxwIt8IJYoA',NULL),(63,'2018-12-19 22:11:34',1,'2018-12-19 22:11:34','微信用户a0juth64yyia',1,NULL,'oHKHT5OhrkU8QK_S55mUiM7BGocQ',NULL,NULL,NULL,'183.251.92.31',NULL,'2018-12-19 22:11:34',1,'森系女孩?',2,NULL,'https://wx.qlogo.cn/mmopen/vi_32/k3HDtNmcpr3nMm47yv8ibOVG7xicLZQpTN2E2anN8m3jqmoznNoO7vZlxsarSXgjWb5HLdYe4pJ2RcibvL9XAR6Xw/132','Xiamen','oHKHT5OhrkU8QK_S55mUiM7BGocQ','Fujian'),(64,'2018-12-19 22:18:03',1,'2018-12-19 22:18:03','微信用户7rf2si0nerzl',1,NULL,'oHKHT5Jr9-0_MAF0lRVOCkUBbPXo',NULL,NULL,NULL,'117.28.126.228',NULL,'2018-12-19 22:18:03',1,'敏',2,NULL,'https://wx.qlogo.cn/mmopen/vi_32/Q0j4TwGTfTJsa0r6kQJo6taKg07jujLVPHdckThav23rTe9jolkWB5kiaR03HzDytnZq4YXtxM0ygMias2NffKdw/132','Xiamen','oHKHT5Jr9-0_MAF0lRVOCkUBbPXo','Fujian'),(65,'2018-12-19 22:25:59',1,'2018-12-19 22:25:59','微信用户k424qd9w8up8',1,NULL,'oHKHT5ObZoO_30QgJYgpBQ9cYXcE',NULL,NULL,NULL,'223.104.6.71',NULL,'2018-12-19 22:25:59',1,'?八戒 ?',1,NULL,'https://wx.qlogo.cn/mmopen/vi_32/DYAIOgq83epia22Z32k9vVOfvX5e985RDPpos3EXdqH6sTtJvvl6WibiaDoF3wBdwfmucTd2bnibBq2PaF9auJIy5w/132','Zhangzhou','oHKHT5ObZoO_30QgJYgpBQ9cYXcE','Fujian'),(66,'2018-12-19 22:38:38',1,'2018-12-19 22:38:38','微信用户f43soiwz5z0y',1,NULL,'oHKHT5KXSbRdiQfGxjzcBd6A08bY',NULL,NULL,NULL,'117.30.208.156',NULL,'2018-12-19 22:38:38',1,'志福',1,NULL,'https://wx.qlogo.cn/mmopen/vi_32/DYAIOgq83epvfuORK5yyr88qCzgkqfqfk2UbBEkNEM89fIzS8wSWCRibEdcvtwqkw6Eh7kRRV4Ifkvflmt5T2Ug/132','Xiamen','oHKHT5KXSbRdiQfGxjzcBd6A08bY','Fujian'),(67,'2018-12-19 22:40:17',1,'2018-12-19 22:40:17','微信用户aancwdxt7vfz',1,NULL,'oHKHT5K91xY5pxPn6-FEhwrEFbkk',NULL,NULL,NULL,'59.59.40.142',NULL,'2018-12-19 22:40:17',1,'嘉俊℡¹⁵ºº⁶º⁶⁴³ºº',1,NULL,'https://wx.qlogo.cn/mmopen/vi_32/DYAIOgq83eq1Xviaic2yach9C01BIXqu02icyWtRXWfMOvttyTKPQu762zOwTmtR4uzsBbsRZYM4kFUhdQfqNqzvg/132',NULL,'oHKHT5K91xY5pxPn6-FEhwrEFbkk','Tipperary'),(68,'2018-12-19 23:02:56',1,'2018-12-19 23:02:56','微信用户cqhtrcqoje8a',1,NULL,'oHKHT5NHXYuZz1ePz9UUHOA3QoSY',NULL,NULL,NULL,'223.104.6.14',NULL,'2018-12-19 23:02:56',1,'吕志结',1,NULL,'https://wx.qlogo.cn/mmopen/vi_32/Q0j4TwGTfTJzCZibunMDooicKsJjSMU4NfoDQ6dlx0vOX39BFP9d1M8tn0tvBgbmSQLsXqXUtNjneGuogiaxaRTAQ/132','Xiamen','oHKHT5NHXYuZz1ePz9UUHOA3QoSY','Fujian'),(69,'2018-12-20 00:00:50',1,'2018-12-20 00:00:50','微信用户dhy53czi5ljz',1,NULL,'oHKHT5LKldLH6OaIwLsK9GIYIHGg',NULL,NULL,NULL,'27.157.32.188',NULL,'2018-12-20 00:00:50',1,'珏',0,NULL,'https://wx.qlogo.cn/mmopen/vi_32/Q0j4TwGTfTJslPiciajC5uQvTlASkQF25z4f7JUsGUJoIpObHKoVOG0X75TULLP5B1b5ibibJjSIqBRtOlQHZtGCLw/132',NULL,'oHKHT5LKldLH6OaIwLsK9GIYIHGg',NULL),(70,'2018-12-20 00:04:24',1,'2018-12-20 00:04:24','微信用户ba965j8x515c',1,NULL,'oHKHT5PbDCBcJn-nq71khpY0sH_o',NULL,NULL,NULL,'117.136.75.99',NULL,'2018-12-20 00:04:24',1,'can',2,NULL,'https://wx.qlogo.cn/mmopen/vi_32/RvYgsX5l2zb79O4icGbia6wkcCsQicjp4T7VOGGUGBp67MZXIZ7zpyaicxprrnOpibUWnShb2kKd8jAicNb7Mibcyia1mA/132','Zhangzhou','oHKHT5PbDCBcJn-nq71khpY0sH_o','Fujian'),(71,'2018-12-20 02:24:00',1,'2018-12-20 02:24:00','微信用户ynklr5myi1u0',1,NULL,'oHKHT5MlBJ97pHECxFZXRgs97mFw',NULL,NULL,NULL,'120.34.163.106',NULL,'2018-12-20 02:24:00',1,'云淡风轻',1,NULL,'https://wx.qlogo.cn/mmopen/vi_32/Q0j4TwGTfTJBzORAcC0OIU1uVWl8G9ZPu4y2xeF65SdKKt51b9LPo7yrFicLKap81JRMItmOrY9d8iblMy96RXMg/132','Zhangzhou','oHKHT5MlBJ97pHECxFZXRgs97mFw','Fujian'),(72,'2018-12-20 09:53:53',1,'2019-01-08 12:06:53','微信用户vgx6zh4gd9so',1,NULL,'oHKHT5Bhbe6s_xEndQ7rhUywDH0M',NULL,NULL,NULL,'117.136.75.82',NULL,'2019-01-08 12:06:53',1,'丿媳妇丶我错了灬',1,NULL,'https://wx.qlogo.cn/mmopen/vi_32/Q0j4TwGTfTJSGtKFrlXheLuhZKib2taQNnAamN8ZRibH0sg7JiakiahdmM4RPsL139704HteFZtlPANEHzIXw3WNLw/132','Taipei','oHKHT5Bhbe6s_xEndQ7rhUywDH0M','Taiwan'),(73,'2018-12-20 11:29:01',1,'2018-12-20 11:29:01','微信用户0q39g5bysvxj',1,NULL,'oHKHT5IYMdLznT22eQMZ3k-W98_Q',NULL,NULL,NULL,'114.95.169.16',NULL,'2018-12-20 11:29:01',1,'恨天高',1,NULL,'https://wx.qlogo.cn/mmopen/vi_32/zpURtbgCZlDKjzib26I3xG6n4WibMUX9xpyRuiaWTB6GWockJR1g3mxWwS2UgjeJqibw5DoODajiblxGRXcJyIOcM2A/132','Hangzhou','oHKHT5IYMdLznT22eQMZ3k-W98_Q','Zhejiang'),(74,'2018-12-21 11:50:07',1,'2018-12-21 11:50:07','微信用户5xbp0pbkfwoz',1,NULL,'oHKHT5NVoaGtXTvkfVA6YJ3hUwy0',NULL,NULL,NULL,'183.253.134.42',NULL,'2018-12-21 11:50:07',1,'瑞变小仙女',2,NULL,'https://wx.qlogo.cn/mmopen/vi_32/iaibtBN1nPF7CAc5as5F6yvXWyUrkqYukHXOMbhIzUvIct3TqR3AlBe2cytjcexCFeU5SqDnvOydaiaKftic5BKZyA/132',NULL,'oHKHT5NVoaGtXTvkfVA6YJ3hUwy0',NULL),(75,'2018-12-21 14:34:24',1,'2018-12-21 14:34:24','微信用户1tvvq6skhabn',1,NULL,'oHKHT5C3ZP2VQwNkIy2h86m0HX1s',NULL,NULL,NULL,'120.36.248.245',NULL,'2018-12-21 14:34:24',1,'萍果',2,NULL,'https://wx.qlogo.cn/mmopen/vi_32/Q0j4TwGTfTJ6VKTBLeEm0ocZj1URmKMPG7Ooib0bYGcpPDVxByxoKVphTm2RzV59d1HCHjlSklgRFQpmVp3sObw/132','Xiamen','oHKHT5C3ZP2VQwNkIy2h86m0HX1s','Fujian'),(76,'2018-12-21 21:41:20',1,'2018-12-21 21:41:20','微信用户l8yoq6ke79i1',1,NULL,'oHKHT5PpWI_WSbS7v-2hXEQd4vjE',NULL,NULL,NULL,'117.136.75.69',NULL,'2018-12-21 21:41:20',1,'PIANO~ONION',1,NULL,'https://wx.qlogo.cn/mmopen/vi_32/Q0j4TwGTfTLdZmjr9T2IjqLGE9vH6uanTqE2BicoZ9keYVoha7mCxGibuQibHBgePzuQdwwiaqELvalPAzXPmOzqUQ/132','Zhangzhou','oHKHT5PpWI_WSbS7v-2hXEQd4vjE','Fujian'),(77,'2018-12-22 22:06:11',1,'2018-12-22 22:06:11','微信用户l0n9t6wmyzos',1,NULL,'oHKHT5G6LpJN5c8FJXZw5tUoL64E',NULL,NULL,NULL,'211.97.131.120',NULL,'2018-12-22 22:06:11',1,'༺ༀ小林ༀ༻',1,NULL,'https://wx.qlogo.cn/mmopen/vi_32/Q0j4TwGTfTIdrUo42RQHQIIgbckwaT9eWakhZnDXWDEJDiaeMMibLsBSID4NsZ72gjic7Ga1AxIzdFLib6oWydGZEQ/132','Zhangzhou','oHKHT5G6LpJN5c8FJXZw5tUoL64E','Fujian'),(78,'2018-12-23 19:34:07',1,'2018-12-23 19:34:07','微信用户zpj04kpg79jo',1,NULL,'oHKHT5DZHRL72hti9vH2Cic8D088',NULL,NULL,NULL,'222.78.56.136',NULL,'2018-12-23 19:34:07',1,'雯贤妈咪',2,NULL,'https://wx.qlogo.cn/mmopen/vi_32/Q0j4TwGTfTLUl6Q4WO6Xibl3Vr09cR9KnXIFRqicpaVYur0SzMdYs5pEr9icuutW9WHaL9H2RjssibQKGPAJofyzXw/132','Xiamen','oHKHT5DZHRL72hti9vH2Cic8D088','Fujian'),(79,'2018-12-23 19:34:24',1,'2018-12-23 19:34:24','微信用户yjdny01g1n85',1,NULL,'oHKHT5BHEB_R6mH1omRmmQNn06AI',NULL,NULL,NULL,'223.104.6.122',NULL,'2018-12-23 19:34:24',1,'twoyear',2,NULL,'https://wx.qlogo.cn/mmopen/vi_32/DYAIOgq83erOCtYfNSEqjbLlTiaicia6hEYPy7124VMniayDSQ6micAiaKlsuib0w5ibhiaKtVycTZIics3ZdbnS5ofibjGwA/132','Zhangzhou','oHKHT5BHEB_R6mH1omRmmQNn06AI','Fujian'),(80,'2018-12-23 19:34:50',1,'2018-12-23 19:34:50','微信用户0oib9xitjwlj',1,NULL,'oHKHT5L3L9qNPWLMPArtE_LVTJGY',NULL,NULL,NULL,'211.97.128.126',NULL,'2018-12-23 19:34:50',1,'杨洲君',1,NULL,'https://wx.qlogo.cn/mmopen/vi_32/Q0j4TwGTfTItZIuT0ER4KwusQNYeALibebB9ZQguiaMCNP2pnxqvwjq8ZAKjCiaN3aV4VIxDKCEyW3SqPevOjelHA/132','Xiamen','oHKHT5L3L9qNPWLMPArtE_LVTJGY','Fujian'),(81,'2018-12-23 19:34:58',1,'2019-01-06 21:47:13','微信用户p1r0yrypap09',1,NULL,'oHKHT5HiE1XqMYH_Fr42rV0JBE4s',NULL,NULL,NULL,'183.252.223.3',NULL,'2019-01-06 21:47:13',1,'婉儿',2,NULL,'https://wx.qlogo.cn/mmopen/vi_32/PiajxSqBRaEJqIdL23icyFrvjFDXk1p3KteYMSZ43JMJ6dLLgDulffx3g9udLMR6VTics1M6DNd16Cibu1mBB839jg/132','Quanzhou','oHKHT5HiE1XqMYH_Fr42rV0JBE4s','Fujian'),(82,'2018-12-23 19:35:21',1,'2018-12-23 19:35:21','微信用户pxep2t6b27vy',1,NULL,'oHKHT5HlbnjKc6bIzJ3onqkGMaQM',NULL,NULL,NULL,'140.243.91.10',NULL,'2018-12-23 19:35:21',1,'张玲燕',2,NULL,'https://wx.qlogo.cn/mmopen/vi_32/DYAIOgq83er6JhaDHEn4W1BuYpD5dT4of2n9pQUhZNUwWVz9CG2aY0UCg5OSiavBWjDI7YpaibVsQuLyibjLtneSQ/132','Xiamen','oHKHT5HlbnjKc6bIzJ3onqkGMaQM','Fujian'),(83,'2018-12-23 19:37:25',1,'2018-12-23 19:37:25','微信用户8kpggkldau73',1,NULL,'oHKHT5KoBTdiCZJvnfyTKNYoT08A',NULL,NULL,NULL,'117.136.75.103',NULL,'2018-12-23 19:37:25',1,'娇',2,NULL,'https://wx.qlogo.cn/mmopen/vi_32/Q0j4TwGTfTKORTbww5mZ1ibh2dyRXF2tYGPkOo54LkibRRls4uyDicMDh3YJmEMbcIxpmicUvY67p37HwCWoRe0alg/132','Zhangzhou','oHKHT5KoBTdiCZJvnfyTKNYoT08A','Fujian'),(84,'2018-12-23 19:39:06',1,'2018-12-23 19:39:06','微信用户p1bmx8bd4lys',1,NULL,'oHKHT5D9Fv248MYYFynahawAB01I',NULL,NULL,NULL,'120.43.151.113',NULL,'2018-12-23 19:39:06',1,'娟',2,NULL,'https://wx.qlogo.cn/mmopen/vi_32/Q0j4TwGTfTKzwpgrdbZlSVQkTcVHnz15FxoCc43bWPJb4YfxznuiciaSN0ExgRwX3TYSXRiceMeYZJHIBnTjRrdPQ/132','Zhangzhou','oHKHT5D9Fv248MYYFynahawAB01I','Fujian'),(85,'2018-12-23 19:40:03',1,'2018-12-30 17:31:09','微信用户amk8wera3xuu',1,NULL,'oHKHT5Cpgst_ZJGUgw6VIXpSfpjQ',NULL,NULL,NULL,'112.109.233.115',NULL,'2018-12-30 17:31:09',1,'知足常乐',2,NULL,'https://wx.qlogo.cn/mmopen/vi_32/TcgQ78S1SdFOLA6DYUJMicQuY5o9jUQfwCwrj3r3SvMKOxJ04j3PppYAJoEUZ1Zh2B42IT1yrMGy7W0ibv2s6zdg/132','Zhangzhou','oHKHT5Cpgst_ZJGUgw6VIXpSfpjQ','Fujian'),(86,'2018-12-23 19:40:07',1,'2018-12-23 19:40:07','微信用户kb63u7qvfqm4',1,NULL,'oHKHT5KgVn6FgqH54fjUSgV5yht0',NULL,NULL,NULL,'110.87.83.133',NULL,'2018-12-23 19:40:07',1,'陈陈',2,NULL,'https://wx.qlogo.cn/mmopen/vi_32/Q0j4TwGTfTL9vzK97QaNGNVA4WSCPZqMjUKYl4vg1wBjcMjZJOibRVxZeNleZ8kx1tKqN6TNbx90vQnrVDfib5Lw/132','Xiamen','oHKHT5KgVn6FgqH54fjUSgV5yht0','Fujian'),(87,'2018-12-23 19:41:43',1,'2018-12-23 19:41:43','微信用户zin8s0i4yw45',1,NULL,'oHKHT5GsaA4pLjiEs-sOVddYG8ek',NULL,NULL,NULL,'27.154.46.164',NULL,'2018-12-23 19:41:43',1,'林燕茹',2,NULL,'https://wx.qlogo.cn/mmopen/vi_32/Q0j4TwGTfTLR9grjSHuWHJEyYsSVh1zy1IWys93xJ5TtqZhzFXC8PoF2gDxHkOKhuI9SRCeqrGibnN1vic2RLCFQ/132','Xiamen','oHKHT5GsaA4pLjiEs-sOVddYG8ek','Fujian'),(88,'2018-12-23 19:43:43',1,'2018-12-23 19:43:43','微信用户icf0sh2f2sul',1,NULL,'oHKHT5EIFAxVwN6CQf9K0aqgNd3Y',NULL,NULL,NULL,'112.5.205.18',NULL,'2018-12-23 19:43:43',1,'吴丽霞',2,NULL,'https://wx.qlogo.cn/mmopen/vi_32/P9TddvK0RbyMjR5JF1eJyUD5vQj0MezjHnqO5oVxEPtyqzyxozhBkwyxsBbkMYb4DC4OBuquZPSqwpgIhWapoQ/132','Xiamen','oHKHT5EIFAxVwN6CQf9K0aqgNd3Y','Fujian'),(89,'2018-12-23 19:44:41',1,'2019-01-06 18:34:36','微信用户0nb2zd6fuau1',1,NULL,'oHKHT5B66SGJPfXapjBPMhNeytOU',NULL,NULL,NULL,'211.97.128.81',NULL,'2019-01-06 18:34:36',1,'伊静',2,NULL,'https://wx.qlogo.cn/mmopen/vi_32/oQyXmXxQAo0ia5lvRHGgPv2EBKgDnTv5U0YtwPLY79LSEdLOlqibEUr15N4ic2HzbjtFOwxbmLAvc8ibgvYgNSJCNQ/132','Xiamen','oHKHT5B66SGJPfXapjBPMhNeytOU','Fujian'),(90,'2018-12-23 19:47:51',1,'2018-12-23 19:47:57','微信用户u4cp8se5fp00',1,NULL,'oHKHT5OQIMFT_3PG6F5jMf3uXiRU',NULL,NULL,NULL,'112.51.32.37',NULL,'2018-12-23 19:47:57',1,'彩虹托管',2,NULL,'https://wx.qlogo.cn/mmopen/vi_32/0Ds5EDzz2BFk2SiaaH5L2RJhJkyLK5cvGGD4o6T8BwR6J5iaR8FpzHCXGse6EsEEfic6nAAVpibecUgoyZ5DwjcnfA/132','Zhangzhou','oHKHT5OQIMFT_3PG6F5jMf3uXiRU','Fujian'),(91,'2018-12-23 19:53:14',1,'2018-12-23 19:53:14','微信用户ys8vuvbt14go',1,NULL,'oHKHT5LovBERP4DA54XURAAx6YPU',NULL,NULL,NULL,'223.104.6.25',NULL,'2018-12-23 19:53:14',1,'A厦门亿城行精品名车?&曹玉富',1,NULL,'https://wx.qlogo.cn/mmopen/vi_32/Q0j4TwGTfTKtOmoWZkEvwZ6mbic9K2iaLak3M8T1JZKibWCMH3APMxNxpGqxtkicTBDDGIgkO7tvLGvcrnSSbUjDNQ/132','Xiamen','oHKHT5LovBERP4DA54XURAAx6YPU','Fujian'),(92,'2018-12-23 20:22:24',1,'2018-12-23 20:22:24','微信用户9qvc3dk38o30',1,NULL,'oHKHT5G52RDynR-2CBs3Yuxk27Qw',NULL,NULL,NULL,'59.57.228.89',NULL,'2018-12-23 20:22:24',1,'蔡荣增，13860495325',1,NULL,'https://wx.qlogo.cn/mmopen/vi_32/PiajxSqBRaEJm8eianvqSLvXicJyNjN61VtzdlFLxUPpm3UHBdf6fiaWibeH82W4Z9icxIKye5dbVvzdIfdicvT2XNsXg/132','Xiamen','oHKHT5G52RDynR-2CBs3Yuxk27Qw','Fujian'),(93,'2018-12-23 20:48:14',1,'2018-12-23 20:48:14','微信用户5o3h0ok7ee1a',1,NULL,'oHKHT5DdBPK9Nlcuzk7IQBLHbXsQ',NULL,NULL,NULL,'183.251.23.88',NULL,'2018-12-23 20:48:14',1,'吴灵慧',2,NULL,'https://wx.qlogo.cn/mmopen/vi_32/Q0j4TwGTfTJG1P42mWJBsGu0AokgQHzsicZe6q0t3KBlvOtQHmGiarVEBvR0RMrKj5IJk23IU5jYACgr564FjwIw/132','Xiamen','oHKHT5DdBPK9Nlcuzk7IQBLHbXsQ','Fujian'),(94,'2018-12-23 20:55:19',1,'2018-12-23 20:55:19','微信用户eueyefdy3ql3',1,NULL,'oHKHT5DX9JG_ePwyj5AR-cyXZZhs',NULL,NULL,NULL,'59.59.41.96',NULL,'2018-12-23 20:55:19',1,'何须。假装',2,NULL,'https://wx.qlogo.cn/mmopen/vi_32/F1cV6tw2ticleJwZc7oUy6YqZkUrVMk8MQWz9AjPNjJUJZNnAfQ6xh218gExR5O21mvBRWdwCRhNKuR8ydNqavA/132','Zhangzhou','oHKHT5DX9JG_ePwyj5AR-cyXZZhs','Fujian'),(95,'2018-12-23 21:04:11',1,'2018-12-23 21:04:11','微信用户b8stpiiq1i21',1,NULL,'oHKHT5HsX6dOzC4AdJMAxXfF475w',NULL,NULL,NULL,'119.233.208.165',NULL,'2018-12-23 21:04:11',1,'瑾瑜',0,NULL,'https://wx.qlogo.cn/mmopen/vi_32/Q0j4TwGTfTLO9mJdSzto4aMQiaiboy7vx8eUSusQm9wiaaUyNvZns85AwJJveUiaq7uSFMuLia77HxJz9nufibQuKpYg/132',NULL,'oHKHT5HsX6dOzC4AdJMAxXfF475w',NULL),(96,'2018-12-24 00:42:58',1,'2018-12-24 00:42:58','微信用户y0fxwlskg8r5',1,NULL,'oHKHT5N25D3vtFuPDH0sse-tkDZA',NULL,NULL,NULL,'59.61.15.3',NULL,'2018-12-24 00:42:58',1,'在江东',1,NULL,'https://wx.qlogo.cn/mmopen/vi_32/DYAIOgq83er4zreKdGt1I52UTRg8BvXxH8sXA54ovg6NIokv9GkMoBy1WzbHIIoEibuonicAAwrU7u0jNo5FU6CQ/132',NULL,'oHKHT5N25D3vtFuPDH0sse-tkDZA',NULL),(97,'2018-12-24 03:11:26',1,'2018-12-24 03:11:26','微信用户tb7k4gfg3vu1',1,NULL,'oHKHT5CoMo8mQ9fpdcSfIaR75PE8',NULL,NULL,NULL,'117.30.171.2',NULL,'2018-12-24 03:11:26',1,'逍遥游郑相家',1,NULL,'https://wx.qlogo.cn/mmopen/vi_32/Q0j4TwGTfTJMVWmItq9GghaA8gWByPHibWawbY0ekTItjlyQthQueibMt3E8BNHLUet1Cmt0XolvmeyQ6icSg3HOg/132','Xiamen','oHKHT5CoMo8mQ9fpdcSfIaR75PE8','Fujian'),(98,'2018-12-24 07:26:11',1,'2018-12-24 07:26:11','微信用户3caxk7rk3sno',1,NULL,'oHKHT5AkwO0cDCPPsFflcvx2fqng',NULL,NULL,NULL,'119.59.231.14',NULL,'2018-12-24 07:26:11',1,'迷上旅行-邱世岩',1,NULL,'https://wx.qlogo.cn/mmopen/vi_32/caj5a4sicwz5pAEiaRMSf7r0KqNIPCwssAffnOZGs1eVy4mVVnPiarXowdmETmC8T8iaIa1iciadehmCmnVPC1tE0ctA/132','Shenzhen','oHKHT5AkwO0cDCPPsFflcvx2fqng','Guangdong'),(99,'2018-12-24 07:37:24',1,'2018-12-24 07:37:24','微信用户lvxg7vdgayqu',1,NULL,'oHKHT5Mf9XK-A2kcenmEzBTzMEk0',NULL,NULL,NULL,'113.128.133.250',NULL,'2018-12-24 07:37:24',1,'赞米多多',1,NULL,'https://wx.qlogo.cn/mmopen/vi_32/DYAIOgq83epDoc6nkBKtPaNOGlfMtT4WEVa58GHtAFmUZOJIPDPS5Z0RKx7Ir9CFKO7LZlCMyLKcZaykvcM4IQ/132','Jinan','oHKHT5Mf9XK-A2kcenmEzBTzMEk0','Shandong'),(100,'2018-12-24 08:01:01',1,'2018-12-24 08:01:01','微信用户zvzbpcnrozzj',1,NULL,'oHKHT5FvUMc5tNZsp_Pz9LAY8oI4',NULL,NULL,NULL,'120.229.93.119',NULL,'2018-12-24 08:01:01',1,'李湘Lisa',2,NULL,'https://wx.qlogo.cn/mmopen/vi_32/DYAIOgq83eow3MhwmtVI5Nyuicf63APBsuVZho1nwAbib6ym3J1XF6FULsdqPyuRX5TgeZc2Ywtz6AJGAr0E8jdg/132','Shenzhen','oHKHT5FvUMc5tNZsp_Pz9LAY8oI4','Guangdong'),(101,'2018-12-24 08:44:38',1,'2018-12-24 08:44:38','微信用户obxgekszpa01',1,NULL,'oHKHT5ANrrlK-nBjyod7agH51MEg',NULL,NULL,NULL,'211.162.236.125',NULL,'2018-12-24 08:44:38',1,'龙行天下',1,NULL,'https://wx.qlogo.cn/mmopen/vi_32/DYAIOgq83erCiaiaXZ9vLOq03kqNUJTu40iaVWq7LFerWhNibLksjaaucQ6bJvUeSqLez7zQzvnjl5y2jiacwh7CjIQ/132','Xiamen','oHKHT5ANrrlK-nBjyod7agH51MEg','Fujian'),(102,'2018-12-24 13:13:17',1,'2018-12-24 13:13:17','微信用户hmstdni7ctgt',1,NULL,'oHKHT5LyU3ec5-pOcCGA8FaaBHNs',NULL,NULL,NULL,'223.104.94.243',NULL,'2018-12-24 13:13:17',1,'桃子',2,NULL,'https://wx.qlogo.cn/mmopen/vi_32/iaKUd2RbPlqH2D8SibHX7pHxQrvic9LzHV7BSd1Af3CReW66557kqm1X4E83MtADT4KodB4eRGu3mvO2ic7VMPJBKQ/132','Xiamen','oHKHT5LyU3ec5-pOcCGA8FaaBHNs','Fujian'),(103,'2018-12-24 18:47:04',1,'2018-12-24 18:47:04','微信用户pvt7sjy8bovw',1,NULL,'oHKHT5F_3ZUX_a0sWmN9q87D4wsk',NULL,NULL,NULL,'140.243.67.8',NULL,'2018-12-24 18:47:04',1,'几个你',2,NULL,'https://wx.qlogo.cn/mmopen/vi_32/DYAIOgq83eqp5Vq0XkibEfTLXrFfKsPuxRNKLTkSDiax3uzfEILPy0hpNIlFgpTcAS8kric5MuHQxktxZ86w4pNMA/132',NULL,'oHKHT5F_3ZUX_a0sWmN9q87D4wsk',NULL),(104,'2018-12-25 10:16:24',1,'2018-12-27 08:49:16','微信用户kzx445cfe5m4',1,NULL,'oHKHT5KYuuXlpsrivURUOEuwrL-8',NULL,NULL,NULL,'140.243.219.148',NULL,'2018-12-27 08:49:16',1,'霓',2,NULL,'https://wx.qlogo.cn/mmopen/vi_32/Q0j4TwGTfTLicZGCHibZW5uwWcVUIPXHIWVxSyqjNUnvnXH95QjVKHicl7Qkg5pm9Ma2y0IuIO0w8p8O1MPt5JqEA/132','Xiamen','oHKHT5KYuuXlpsrivURUOEuwrL-8','Fujian'),(105,'2018-12-25 16:48:42',1,'2018-12-25 16:48:42','微信用户yz0sylrhmarp',1,NULL,'oHKHT5P5c3PNBQD9VC2___rIwu-M',NULL,NULL,NULL,'101.227.139.173',NULL,'2018-12-25 16:48:42',1,'张玉松',0,NULL,'https://wx.qlogo.cn/mmhead/1rrC2BfMviacMcL4qgEs0wjXIucP2ibzKmy1JF0DZYljg/132',NULL,'oHKHT5P5c3PNBQD9VC2___rIwu-M',NULL),(106,'2018-12-25 18:56:35',1,'2018-12-25 18:56:35','微信用户ttjc1q59vvdq',1,NULL,'oHKHT5P--3fkG6zDmLRag3MKs3TY',NULL,NULL,NULL,'117.136.75.181',NULL,'2018-12-25 18:56:35',1,'。',1,NULL,'https://wx.qlogo.cn/mmopen/vi_32/Uw9C4xxqDohDF437NTU5iaPN0JjYLdGuYrwBHJg75HII6VbWwRiaZ128u56Hy8HWQUMicZ0jibv6n5FaQXV0wEb2OQ/132','Xiamen','oHKHT5P--3fkG6zDmLRag3MKs3TY','Fujian'),(107,'2018-12-26 00:37:44',1,'2018-12-26 00:37:44','微信用户r95mfxenkkju',1,NULL,'oHKHT5E2IXl7hMRMrpGGhKvSxa9s',NULL,NULL,NULL,'120.43.150.14',NULL,'2018-12-26 00:37:44',1,'@gjm',1,NULL,'https://wx.qlogo.cn/mmopen/vi_32/DYAIOgq83erc4MoKiasqy82QXZDe9JGwQayBLYVicbgBBcrNwEBjDlAU5V25pCHPbE4C3IOliaA3z05YFETm8XHxg/132','Zhangzhou','oHKHT5E2IXl7hMRMrpGGhKvSxa9s','Fujian'),(108,'2018-12-26 12:12:29',1,'2018-12-26 12:12:29','微信用户cd534gkp79ek',1,NULL,'oHKHT5B45i1YvKn23myBxy57HSHk',NULL,NULL,NULL,'183.253.33.15',NULL,'2018-12-26 12:12:29',1,' ﹏ˊ景彡子ㄣ ',1,NULL,'https://wx.qlogo.cn/mmopen/vi_32/Q0j4TwGTfTLQUcwiaklwXqBdtSwEiccAGoEUSjWxBZmEpoMohINqcpecnJXmkMgfScjaI55W04Fkia0ExmBDyhPuw/132','Zhenjiang','oHKHT5B45i1YvKn23myBxy57HSHk','Jiangsu'),(109,'2018-12-26 13:14:43',1,'2018-12-26 13:14:43','微信用户1jrvm1buknsr',1,NULL,'oHKHT5Auap3FDr-u3crcqyhq1wug',NULL,NULL,NULL,'223.104.6.63',NULL,'2018-12-26 13:14:43',1,'青萝卜?จุ๊บ',2,NULL,'https://wx.qlogo.cn/mmopen/vi_32/Q0j4TwGTfTLJDXC6AJTNfgBpCoibfueAxyZhGcxGbyHGf6RIW2n2cxGDTHA9F8y9I7EqvX69HBvic3dlZzR5tbZQ/132','Xiamen','oHKHT5Auap3FDr-u3crcqyhq1wug','Fujian'),(110,'2018-12-26 13:24:43',1,'2018-12-26 13:24:43','微信用户h6ptgbq00eoq',1,NULL,'oHKHT5JHRIzPZYqz1FoKNP4sG_XM',NULL,NULL,NULL,'27.154.110.40',NULL,'2018-12-26 13:24:43',1,'邹一',1,NULL,'https://wx.qlogo.cn/mmopen/vi_32/Q0j4TwGTfTLHTO2nGU9L8XTahGTiazTy3P0WSmRQYlhpbhQeHXhoBoO5P9wMqV5YQCdQsKtXdxiadUlIVLgoGeZQ/132','Xiamen','oHKHT5JHRIzPZYqz1FoKNP4sG_XM','Fujian'),(111,'2018-12-26 13:54:04',1,'2018-12-26 13:54:04','微信用户xp2fjx9pik10',1,NULL,'oHKHT5ORZBtla8GmBSa9AVeO0nwo',NULL,NULL,NULL,'211.97.130.18',NULL,'2018-12-26 13:54:04',1,'战牙',1,NULL,'https://wx.qlogo.cn/mmopen/vi_32/Q0j4TwGTfTKfN9XHAUo2prORnGWbgrlyPXYs0CN64chhfdbLfMxVhzxXCL1JMk5xK2ibziaVibIkc9OnqxW8LH6WA/132','Xiamen','oHKHT5ORZBtla8GmBSa9AVeO0nwo','Fujian'),(112,'2018-12-26 16:33:29',1,'2018-12-26 16:33:29','微信用户22awjyd7t1d0',1,NULL,'oHKHT5GnJpzHZTmSp7Hgy8dQxScY',NULL,NULL,NULL,'223.104.6.11',NULL,'2018-12-26 16:33:29',1,'Linda & จุ๊Lบ',2,NULL,'https://wx.qlogo.cn/mmopen/vi_32/Q0j4TwGTfTI5ALmWuyOVdoSGZB7onm5r1KqrPzRPEiaicgHI7yJWXqQj5DmkmJLfET4RATAh3G5RcRGz3dDx62GQ/132','Xiamen','oHKHT5GnJpzHZTmSp7Hgy8dQxScY','Fujian'),(113,'2018-12-26 23:30:06',1,'2018-12-26 23:30:06','微信用户48283g5wu2x6',1,NULL,'oHKHT5HhoIlZlqk-jRTqPLmUu0v0',NULL,NULL,NULL,'211.162.236.87',NULL,'2018-12-26 23:30:06',1,'辉古',1,NULL,'https://wx.qlogo.cn/mmopen/vi_32/Q0j4TwGTfTKhIB6lzRzgicktiayTQgibnCXs4ZQATDaiaC0HbudaqxT4zl1uvqkgm0hGQApiawiaj1uQoSQib3ZHkEMRQ/132','Xiamen','oHKHT5HhoIlZlqk-jRTqPLmUu0v0','Fujian'),(114,'2018-12-27 00:15:32',1,'2018-12-27 00:15:32','微信用户zecuyy00i2dq',1,NULL,'oHKHT5JERQD8h4ZUTe2tAaM7lyYA',NULL,NULL,NULL,'117.24.20.253',NULL,'2018-12-27 00:15:32',1,'赖q先生',1,NULL,'https://wx.qlogo.cn/mmopen/vi_32/Q0j4TwGTfTJ9B2qicDBYJfupVpJtD1e6yKez9Uxv58YbQtibiczpkLzj5fliavoZYYicFg2HkVWoTbHHHvwibseadrWQ/132','Quanzhou','oHKHT5JERQD8h4ZUTe2tAaM7lyYA','Fujian'),(115,'2018-12-27 11:15:37',1,'2018-12-27 11:15:37','微信用户fdk2xqja0rgw',1,NULL,'oHKHT5MEVvmSzYWgJFiLI1OvWjXs',NULL,NULL,NULL,'27.154.168.159',NULL,'2018-12-27 11:15:37',1,'蒲公英',1,NULL,'https://wx.qlogo.cn/mmopen/vi_32/DYAIOgq83eoYuhXjWtQnMItDa0coxFaXHQrOtzU6QnWEicQ4eZnu4Chr9Gn4kpXrICx0g6ZU5gldCa1AtTreRNg/132','Xiamen','oHKHT5MEVvmSzYWgJFiLI1OvWjXs','Fujian'),(116,'2018-12-28 11:49:45',1,'2018-12-28 11:49:45','微信用户5ibfhq3hp0bx',1,NULL,'oHKHT5Lx0HJWu8YF8a6bicnrs5yw',NULL,NULL,NULL,'211.97.131.1',NULL,'2018-12-28 11:49:45',1,'班长，你看我的眼神多坚定？',2,NULL,'https://wx.qlogo.cn/mmopen/vi_32/Q0j4TwGTfTKvXtvNAqUdJAvOlvU1pY5OsB0qPfHNIVE25ftmDfEYibGBQ8bxTefPl2v9NYrzbeiaib7J7byuUCpDg/132',NULL,'oHKHT5Lx0HJWu8YF8a6bicnrs5yw','Viedma'),(117,'2018-12-28 11:56:59',1,'2018-12-28 11:56:59','微信用户3cfhfexabk2l',1,NULL,'oHKHT5DPr2XuWUiis9jzpVxx960c',NULL,NULL,NULL,'183.252.222.190',NULL,'2018-12-28 11:56:59',1,'帅气的我',1,NULL,'https://wx.qlogo.cn/mmopen/vi_32/Q0j4TwGTfTLRAEjMy5cspbks7c3SL7HHTROQ3iaic4DUcSlgIVrMcibt6toXKiaQVzrlVbnQdTmOcIWuqS63VJ83ibw/132','Quanzhou','oHKHT5DPr2XuWUiis9jzpVxx960c','Fujian'),(118,'2018-12-28 12:59:34',1,'2019-01-06 11:40:26','微信用户0kmfczxbnqxa',1,NULL,'oHKHT5AHnwZOYlSWu19y0oy9mjsY',NULL,NULL,NULL,'211.97.129.206',NULL,'2019-01-06 11:40:26',1,'汪巧梅*^_^*',2,NULL,'https://wx.qlogo.cn/mmopen/vi_32/Q0j4TwGTfTL4ddbmUZoV5JYSDAibJ5X3sBy4aycTjGek94EQA1uqAQq9DydiapprMMuiaJm0zAib1EjibUyRAGLrMLg/132','Quanzhou','oHKHT5AHnwZOYlSWu19y0oy9mjsY','Fujian'),(119,'2018-12-28 13:24:31',1,'2018-12-28 13:24:31','微信用户js6xvyanor0v',1,NULL,'oHKHT5AHfDOFIcVIIvci9VCAG3xc',NULL,NULL,NULL,'211.97.130.194',NULL,'2018-12-28 13:24:31',1,'小沈遮阳手摇电动晾衣架',1,NULL,'https://wx.qlogo.cn/mmopen/vi_32/DYAIOgq83eorwiaJcRPxKMCAfBHwCA4zbruibPqjOAVCORQgpy9cg5OXwuhVVeqGqh1qztwhiccicbYH9rQhpZQjjg/132','Zhangzhou','oHKHT5AHfDOFIcVIIvci9VCAG3xc','Fujian'),(120,'2018-12-28 18:37:43',1,'2018-12-28 18:37:43','微信用户pawe19je9y2k',1,NULL,'oHKHT5A55abUUDl6jV6-DJ-p54nU',NULL,NULL,NULL,'140.243.170.185',NULL,'2018-12-28 18:37:43',1,'心简单 世界就简单',2,NULL,'https://wx.qlogo.cn/mmopen/vi_32/DYAIOgq83eoLkQNJBNia2WL141C1icEInkDA15NCDLxIo5rnFA8g3bjmbqke8mZ5BHFF3RTsZZibM3F53BMnfkhOA/132','Zhangzhou','oHKHT5A55abUUDl6jV6-DJ-p54nU','Fujian'),(121,'2018-12-29 19:38:44',1,'2018-12-29 19:38:44','微信用户xidwc5wppwfo',1,NULL,'oHKHT5K2g-nyeU85o6-PL9VRMqvA',NULL,NULL,NULL,'120.43.151.197',NULL,'2018-12-29 19:38:44',1,'小月清风',1,NULL,'https://wx.qlogo.cn/mmopen/vi_32/Q0j4TwGTfTKBrqTKvvrFicmia8SJibyequ5BA1gURCsRoxHw6LZSAzV0twNZpvn0dDibq988mmycbicF2ERXsZRcnNw/132','New York','oHKHT5K2g-nyeU85o6-PL9VRMqvA','New York'),(122,'2018-12-30 12:51:39',1,'2018-12-30 12:51:39','微信用户2g5ebe3t1wga',1,NULL,'oHKHT5JDeHTrnvPEaX_fF7UOZ9W8',NULL,NULL,NULL,'120.36.211.59',NULL,'2018-12-30 12:51:39',1,'唉呦喂，我的小祖宗',2,NULL,'https://wx.qlogo.cn/mmopen/vi_32/Q0j4TwGTfTIcOJGHkESnHKyNKJG6stAK5W5pAqXk1N4icwWAG2nEQqwoEXlIlRKuvfC3jAW3fVxiburKUWd1pXTw/132','Xiamen','oHKHT5JDeHTrnvPEaX_fF7UOZ9W8','Fujian'),(123,'2018-12-30 14:05:59',1,'2018-12-30 14:05:59','微信用户wgabt16jai7u',1,NULL,'oHKHT5ESRpZOiED2snPiW_6NJlcE',NULL,NULL,NULL,'111.145.169.138',NULL,'2018-12-30 14:05:59',1,'自由者?',2,NULL,'https://wx.qlogo.cn/mmopen/vi_32/EwB74dR4cgpLcq5icXjdtqy4pG4gyVwPSic7F1xXib05q4Ndn1iaJNgAPRvXNOaU1LA6NiafiblKnue489zqpPS6Bl8g/132','Fuzhou','oHKHT5ESRpZOiED2snPiW_6NJlcE','Fujian'),(124,'2018-12-30 22:16:40',1,'2018-12-30 22:16:40','微信用户gr90lk8mhb8w',1,NULL,'oHKHT5EQGWakHqUHSrV3Y4Ugu9dA',NULL,NULL,NULL,'111.146.28.62',NULL,'2018-12-30 22:16:40',1,'坤炟妈妈',0,NULL,'https://wx.qlogo.cn/mmopen/vi_32/wLBnWHnMmicfYicYfmVoJA7IiclUFD9ljnmymlT125AnQKC3I5DsHicrlGDHhicBx0Z8qptBCe4dq0dRco4xiajYAkTA/132',NULL,'oHKHT5EQGWakHqUHSrV3Y4Ugu9dA',NULL),(125,'2019-01-01 12:01:29',1,'2019-01-01 12:01:29','微信用户90oi2z1mk1dd',1,NULL,'oHKHT5EqoJKYHYu9r-IL0g6iVPk4',NULL,NULL,NULL,'223.104.6.47',NULL,'2019-01-01 12:01:29',1,'燕子',2,NULL,'https://wx.qlogo.cn/mmopen/vi_32/3Mg4SoxJ2Cu9ibiatn5zqXP1ktt25KjqDB4PxwcYELJgwblE1I2EUqvhbicxd3W05oYNFAPoVFiaicBNyxBBmhDAcLw/132','Xiamen','oHKHT5EqoJKYHYu9r-IL0g6iVPk4','Fujian'),(126,'2019-01-01 21:06:43',1,'2019-01-01 21:06:43','微信用户kp676b24i6v4',1,NULL,'oHKHT5Ir0Z9Zo3o75uGuwhBz95TQ',NULL,NULL,NULL,'183.251.90.14',NULL,'2019-01-01 21:06:43',1,'喜马拉雅古老嘛',2,NULL,'https://wx.qlogo.cn/mmopen/vi_32/Q0j4TwGTfTJgLLB6LqaPOs6Koy3vlSa3tAb49IBN65dsia6ic9zUnpjjJZKMDeva4XQDvEDvNXYZMzoYvjP0mXfg/132','Xiamen','oHKHT5Ir0Z9Zo3o75uGuwhBz95TQ','Fujian'),(127,'2019-01-07 10:47:12',1,'2019-01-07 10:47:12','微信用户wvb4za9rcch4',1,NULL,'oHKHT5GyXMAJq6jCuRvCkq6v--iU',NULL,NULL,NULL,'223.104.6.120',NULL,'2019-01-07 10:47:12',1,'漳州立业联盟温盟主13960139797',2,NULL,'https://wx.qlogo.cn/mmopen/vi_32/HFYAgjUrb1qJib8ibibqC34qD9UdNFWic0TwTTpRT6sM1SLWHbS9IehgmZsNeWtFZFOjXEfsANrEQzVnhMD4j4s79w/132','Zhangzhou','oHKHT5GyXMAJq6jCuRvCkq6v--iU','Fujian'),(128,'2019-01-09 14:02:14',1,'2019-01-09 14:02:14','微信用户yoha1fyr0dmr',1,NULL,'oHKHT5Hfr2ttqFGFoJMPxsR83khQ',NULL,NULL,NULL,'223.104.6.57',NULL,'2019-01-09 14:02:14',1,'刘俊强',1,NULL,'https://wx.qlogo.cn/mmopen/vi_32/Q0j4TwGTfTLjHoYzjNWr4GiaYoJ06aESwXjoGY8Cg5Gd3EtA4cBXv3n8QqZFArwcMM4qklamJ67ycSny9x0lonw/132','Xiamen','oHKHT5Hfr2ttqFGFoJMPxsR83khQ','Fujian'),(129,'2019-01-10 14:06:14',1,'2019-01-10 14:06:14',NULL,1,NULL,NULL,'124',NULL,NULL,NULL,'2019-01-10 00:00:00',NULL,1,'test',0,'4afd59eac1084c999371d28d06534a75',NULL,NULL,NULL,NULL);

/*Table structure for table `sh_user_level` */

DROP TABLE IF EXISTS `sh_user_level`;

CREATE TABLE `sh_user_level` (
  `id` bigint(20) NOT NULL AUTO_INCREMENT COMMENT '主键ID',
  `create_time` datetime NOT NULL COMMENT '创建时间',
  `optlock` bigint(20) NOT NULL DEFAULT '1' COMMENT '乐观锁',
  `update_time` datetime NOT NULL COMMENT '修改时间',
  `level_name` varchar(255) DEFAULT NULL COMMENT '会员等级名称',
  `discount` decimal(19,2) DEFAULT NULL COMMENT '折扣',
  `level_type` int(11) DEFAULT NULL COMMENT '等级类型',
  `need_consumer_amt` decimal(19,2) DEFAULT NULL COMMENT '所需消费金额',
  `user_number` int(11) DEFAULT NULL COMMENT '会员数',
  `level_change_type` int(11) DEFAULT NULL COMMENT '会员等级变更方式(01:通过管理员;02:根据消费金额升降;03:根据消费金额只升不降)',
  `appid` varchar(255) DEFAULT NULL,
  PRIMARY KEY (`id`)
) ENGINE=InnoDB DEFAULT CHARSET=utf8mb4 COMMENT='会员等级';

/*Data for the table `sh_user_level` */

/*Table structure for table `sys_captcha` */

DROP TABLE IF EXISTS `sys_captcha`;

CREATE TABLE `sys_captcha` (
  `id` bigint(20) NOT NULL AUTO_INCREMENT,
  `uuid` char(36) NOT NULL COMMENT 'uuid',
  `code` varchar(6) NOT NULL COMMENT '验证码',
  `expire_time` datetime DEFAULT NULL COMMENT '过期时间',
  `create_time` datetime DEFAULT NULL COMMENT '创建时间',
  `update_time` datetime DEFAULT NULL COMMENT '更新时间',
  `optlock` int(10) DEFAULT '0' COMMENT '乐观锁',
  PRIMARY KEY (`id`)
) ENGINE=InnoDB AUTO_INCREMENT=297 DEFAULT CHARSET=utf8 COMMENT='系统验证码';

/*Data for the table `sys_captcha` */

insert  into `sys_captcha`(`id`,`uuid`,`code`,`expire_time`,`create_time`,`update_time`,`optlock`) values (1,'353c3442-70a7-4df8-897b-fcbaaf756724','dpbad','2018-12-17 14:54:53','2018-12-17 14:49:54','2018-12-17 14:49:54',0),(2,'4cf3b8b7-5e36-4528-8b78-998d7e4254f9','gdddx','2018-12-17 14:55:02','2018-12-17 14:50:02','2018-12-17 14:50:02',0),(3,'3f4adc82-996b-438a-80b2-7f2f80bc2da5','45xdn','2018-12-17 14:55:10','2018-12-17 14:50:10','2018-12-17 14:50:10',0),(4,'34ea4d6c-caf3-45c2-8d0f-45446a8dc952','cp8yp','2018-12-17 14:57:21','2018-12-17 14:52:21','2018-12-17 14:52:21',0),(7,'41fad0ea-1f00-4726-8bf3-12d3f2f57f10','4wy2b','2018-12-17 14:58:49','2018-12-17 14:53:49','2018-12-17 14:53:49',0),(8,'41fad0ea-1f00-4726-8bf3-12d3f2f57f10','f56m4','2018-12-17 14:58:49','2018-12-17 14:53:49','2018-12-17 14:53:49',0),(11,'902a9311-65d4-4c81-8e24-105b5ed36e49','nbacg','2018-12-17 14:59:58','2018-12-17 14:54:58','2018-12-17 14:54:58',0),(12,'4946b2bd-20da-4e8d-8869-7c80e472b96e','2a2w8','2018-12-17 15:00:51','2018-12-17 14:55:51','2018-12-17 14:55:51',0),(13,'4946b2bd-20da-4e8d-8869-7c80e472b96e','n3pxm','2018-12-17 15:00:51','2018-12-17 14:55:51','2018-12-17 14:55:51',0),(18,'343b06a5-4a4a-4f18-81b1-4cbb25438115','wnwag','2018-12-17 15:03:01','2018-12-17 14:58:01','2018-12-17 14:58:01',0),(20,'2223f4b8-78e2-4c0a-8d92-0a18c5fb01e0','c7ny7','2018-12-17 15:27:23','2018-12-17 15:22:23','2018-12-17 15:22:23',0),(21,'30029941-1f24-4541-8140-a2b3544f0a8a','8yacm','2018-12-17 15:28:29','2018-12-17 15:23:29','2018-12-17 15:23:29',0),(22,'bded4cab-c39e-44ac-83a5-367337d7ba2d','dp3nf','2018-12-17 15:29:51','2018-12-17 15:24:51','2018-12-17 15:24:51',0),(23,'8561f457-e11a-48ec-8bc0-9d6bb1b5a52f','8afx6','2018-12-17 15:29:54','2018-12-17 15:24:54','2018-12-17 15:24:54',0),(27,'236033f9-044e-4ea6-8b8a-bd20e23a51bd','wwcww','2018-12-17 15:31:31','2018-12-17 15:26:31','2018-12-17 15:26:31',0),(31,'c0b99753-840c-4f28-836f-e77d5cfb1c03','ygw8w','2018-12-17 15:34:44','2018-12-17 15:29:44','2018-12-17 15:29:44',0),(35,'b803edb8-0337-4f04-84f1-6a056a0e3eed','5ebdy','2018-12-17 15:38:23','2018-12-17 15:33:23','2018-12-17 15:33:23',0),(37,'fc0f68b0-6ab2-4eaa-8b5f-682644825267','bwgpa','2018-12-17 15:39:35','2018-12-17 15:34:35','2018-12-17 15:34:35',0),(38,'efb924ae-d8f6-4b62-8ba2-f3ad12acf75a','bmcd3','2018-12-17 15:39:36','2018-12-17 15:34:36','2018-12-17 15:34:36',0),(39,'9a6cfb53-e4c6-4820-89a7-36a83bd8c582','2cdff','2018-12-17 15:39:37','2018-12-17 15:34:37','2018-12-17 15:34:37',0),(44,'8f3df9bc-37e5-47d0-8ae9-3e1b314e5730','48wnx','2018-12-17 15:44:02','2018-12-17 15:39:02','2018-12-17 15:39:02',0),(45,'0ac841df-d216-487a-8b93-982dfe201074','n5w4b','2018-12-17 15:44:54','2018-12-17 15:39:54','2018-12-17 15:39:54',0),(47,'52bb3398-da61-4097-8d86-18cbbbb0e5bd','npxpc','2018-12-17 15:46:51','2018-12-17 15:41:51','2018-12-17 15:41:51',0),(48,'70a5684f-56ec-40b2-8992-f326c2d7ee93','44m66','2018-12-17 15:47:15','2018-12-17 15:42:15','2018-12-17 15:42:15',0),(49,'81c45ff3-f98c-419c-8cfd-9985b57c303b','fy86w','2018-12-17 15:47:20','2018-12-17 15:42:20','2018-12-17 15:42:20',0),(52,'019ae31d-f431-4afe-87bc-b692ccf58d73','cddax','2018-12-17 17:12:11','2018-12-17 17:07:11','2018-12-17 17:07:11',0),(56,'d01e3678-a5e0-483d-83e1-bddc28ed382c','an37x','2018-12-18 08:58:55','2018-12-18 08:53:55','2018-12-18 08:53:55',0),(58,'d01e3678-a5e0-483d-83e1-bddc28ed382c','fedn8','2018-12-18 08:58:55','2018-12-18 08:53:55','2018-12-18 08:53:55',0),(59,'ae742740-d576-4900-8cb1-5c0384d0eed9','pgdgn','2018-12-18 09:11:38','2018-12-18 09:06:38','2018-12-18 09:06:38',0),(63,'f2c42088-f58c-4801-87fb-b1f93b294687','ec5gf','2018-12-18 10:58:34','2018-12-18 10:53:34','2018-12-18 10:53:34',0),(64,'83310088-f690-47b6-806d-c90f0c9d4684','nww4y','2018-12-18 11:01:30','2018-12-18 10:56:30','2018-12-18 10:56:30',0),(65,'8f84983f-1caa-4203-8962-4074af1312c2','fmgmn','2018-12-18 11:02:40','2018-12-18 10:57:40','2018-12-18 10:57:40',0),(77,'686f3e72-3fb3-431d-8135-d0bd0beb77bd','fbcdw','2018-12-18 15:12:46','2018-12-18 15:07:46','2018-12-18 15:07:46',0),(91,'ed3f5b77-5ac8-4640-8c60-49633f954397','3xexg','2018-12-18 16:38:19','2018-12-18 16:33:19','2018-12-18 16:33:19',0),(92,'335f86b7-5e2b-456a-8870-942896445553','4bad8','2018-12-18 16:40:04','2018-12-18 16:35:04','2018-12-18 16:35:04',0),(99,'0d8045d1-ed4a-438a-8a7b-24db4fbfbaa2','xncag','2018-12-18 16:58:43','2018-12-18 16:53:43','2018-12-18 16:53:43',0),(101,'0d8045d1-ed4a-438a-8a7b-24db4fbfbaa2','yc846','2018-12-18 16:58:43','2018-12-18 16:53:43','2018-12-18 16:53:43',0),(108,'79b5217f-8e49-4404-8d84-b7a274505e70','4nf6d','2018-12-18 17:49:45','2018-12-18 17:44:45','2018-12-18 17:44:45',0),(111,'048467a2-a83b-4d0b-8875-c650e470a425','3w222','2018-12-19 09:20:11','2018-12-19 09:15:11','2018-12-19 09:15:11',0),(115,'c897824b-ee86-408e-8004-47a9f1812385','ym7e5','2018-12-19 10:21:47','2018-12-19 10:16:47','2018-12-19 10:16:47',0),(116,'25d1d100-fab4-47a6-88de-3c5e02e80057','5af2w','2018-12-19 10:21:47','2018-12-19 10:16:47','2018-12-19 10:16:47',0),(120,'ec1eb181-df50-457d-8497-80939e068703','5awne','2018-12-19 11:02:12','2018-12-19 10:57:12','2018-12-19 10:57:12',0),(122,'0b44f74a-c007-484b-8662-a0e88f52842b','pgxyc','2018-12-19 11:12:15','2018-12-19 11:07:15','2018-12-19 11:07:15',0),(124,'42e918ee-7bee-4221-8a81-d08d09715d9f','3fwe6','2018-12-19 11:22:48','2018-12-19 11:17:48','2018-12-19 11:17:48',0),(125,'5de27475-3dc4-474e-8c32-424bd8b5760a','2gyyc','2018-12-19 11:23:48','2018-12-19 11:18:48','2018-12-19 11:18:48',0),(126,'6d43ace6-eeaf-44af-8684-259d2e3ff74b','w6ex7','2018-12-19 11:23:48','2018-12-19 11:18:48','2018-12-19 11:18:48',0),(128,'381f9152-8480-426b-8da3-325b4c36d74c','xd6cy','2018-12-19 11:52:11','2018-12-19 11:47:11','2018-12-19 11:47:11',0),(129,'117d24f5-9a4a-4742-845b-52e7c6765ec0','nygm2','2018-12-19 11:52:11','2018-12-19 11:47:11','2018-12-19 11:47:11',0),(130,'e3705aed-3a72-4c15-8a2a-56446b4bfe77','ncwbw','2018-12-19 11:52:11','2018-12-19 11:47:11','2018-12-19 11:47:11',0),(132,'263f747d-a6a8-4812-8fe9-3b02ba50fa79','3cc34','2018-12-19 11:52:11','2018-12-19 11:47:11','2018-12-19 11:47:11',0),(133,'7e6b8f6a-9d48-446c-81da-eeb21bd8b31e','7xxpe','2018-12-19 11:52:11','2018-12-19 11:47:11','2018-12-19 11:47:11',0),(134,'263f747d-a6a8-4812-8fe9-3b02ba50fa79','wa73b','2018-12-19 11:52:11','2018-12-19 11:47:11','2018-12-19 11:47:11',0),(135,'ee6165ef-ecd3-48a4-8d9c-7fd2ce7d8947','epfyw','2018-12-19 11:52:11','2018-12-19 11:47:11','2018-12-19 11:47:11',0),(136,'ee6165ef-ecd3-48a4-8d9c-7fd2ce7d8947','dm4pg','2018-12-19 11:52:11','2018-12-19 11:47:11','2018-12-19 11:47:11',0),(137,'7e6b8f6a-9d48-446c-81da-eeb21bd8b31e','naypf','2018-12-19 11:52:11','2018-12-19 11:47:11','2018-12-19 11:47:11',0),(138,'ee6165ef-ecd3-48a4-8d9c-7fd2ce7d8947','wwgmx','2018-12-19 11:52:11','2018-12-19 11:47:11','2018-12-19 11:47:11',0),(139,'9002ddba-7f3d-4d96-8bff-88ef9b8ae846','3bm8a','2018-12-19 11:52:11','2018-12-19 11:47:11','2018-12-19 11:47:11',0),(140,'ee6165ef-ecd3-48a4-8d9c-7fd2ce7d8947','4cam7','2018-12-19 11:52:11','2018-12-19 11:47:11','2018-12-19 11:47:11',0),(141,'57e03b49-cae8-4217-87ab-665ac21b4a1c','f6n87','2018-12-19 11:52:11','2018-12-19 11:47:11','2018-12-19 11:47:11',0),(142,'7a6f8977-de0d-4fa0-80c1-719a26aa9eba','ncxb3','2018-12-19 11:52:11','2018-12-19 11:47:11','2018-12-19 11:47:11',0),(143,'db384cc5-bd29-4cef-8e30-18d006e08685','w7pm7','2018-12-19 11:52:11','2018-12-19 11:47:11','2018-12-19 11:47:11',0),(144,'7d77bce0-9bd9-4b33-88bf-6784740c7da4','488yf','2018-12-19 11:52:11','2018-12-19 11:47:11','2018-12-19 11:47:11',0),(145,'7d77bce0-9bd9-4b33-88bf-6784740c7da4','6caaw','2018-12-19 11:52:11','2018-12-19 11:47:11','2018-12-19 11:47:11',0),(146,'7a6f8977-de0d-4fa0-80c1-719a26aa9eba','2n4b4','2018-12-19 11:52:11','2018-12-19 11:47:11','2018-12-19 11:47:11',0),(147,'381f9152-8480-426b-8da3-325b4c36d74c','axbg3','2018-12-19 11:52:11','2018-12-19 11:47:11','2018-12-19 11:47:11',0),(148,'9002ddba-7f3d-4d96-8bff-88ef9b8ae846','b4bf5','2018-12-19 11:52:11','2018-12-19 11:47:11','2018-12-19 11:47:11',0),(149,'9002ddba-7f3d-4d96-8bff-88ef9b8ae846','7x5nn','2018-12-19 11:52:11','2018-12-19 11:47:11','2018-12-19 11:47:11',0),(150,'7d77bce0-9bd9-4b33-88bf-6784740c7da4','6y3bp','2018-12-19 11:52:11','2018-12-19 11:47:11','2018-12-19 11:47:11',0),(151,'8666e169-b177-48ca-8656-a9b0cb00931e','bx7ga','2018-12-19 16:04:47','2018-12-19 15:59:47','2018-12-19 15:59:47',0),(159,'123','pd55x','2018-12-20 13:53:21','2018-12-20 13:48:21','2018-12-20 13:48:21',0),(160,'4dece656-ec8f-47ed-815a-a0ef1ac09c10','y5b6y','2018-12-20 13:54:43','2018-12-20 13:49:43','2018-12-20 13:49:43',0),(161,'123','f6426','2018-12-20 14:08:23','2018-12-20 14:03:23','2018-12-20 14:03:23',0),(162,'123','g2aba','2018-12-20 14:13:24','2018-12-20 14:08:24','2018-12-20 14:08:24',0),(163,'123','6ww44','2018-12-20 14:13:36','2018-12-20 14:08:36','2018-12-20 14:08:36',0),(164,'123','2xyfp','2018-12-20 14:14:55','2018-12-20 14:09:55','2018-12-20 14:09:55',0),(165,'123','ewgy6','2018-12-20 14:23:58','2018-12-20 14:18:59','2018-12-20 14:18:59',0),(167,'584c433f-28a0-4fc3-82ba-e0f8f5126adb','e2nf2','2018-12-21 08:51:06','2018-12-21 08:46:06','2018-12-21 08:46:06',0),(168,'68b0a285-8e16-4d52-836e-b3e247dcb306','xey4n','2018-12-21 08:51:07','2018-12-21 08:46:07','2018-12-21 08:46:07',0),(170,'a6a66403-68df-481e-8294-57d6ac7f0df2','ny82f','2018-12-21 08:51:31','2018-12-21 08:46:31','2018-12-21 08:46:31',0),(186,'d5c6e2d0-e14b-49c7-8a6b-eb4526af477e','g3gcg','2018-12-21 11:35:15','2018-12-21 11:30:15','2018-12-21 11:30:15',0),(187,'e1e76473-9241-4ff1-8c76-cd03e9ad5f3c','bnw83','2018-12-21 11:42:00','2018-12-21 11:37:00','2018-12-21 11:37:00',0),(188,'3982c645-1c6b-4af3-8ded-ffb4febf5682','bxpfp','2018-12-21 11:42:11','2018-12-21 11:37:11','2018-12-21 11:37:11',0),(200,'caf9cb88-96a3-4450-812d-0da1ac9ca8cf','py7p5','2018-12-25 09:54:48','2018-12-25 09:49:48','2018-12-25 09:49:48',0),(207,'540c1f1f-7f4c-40d8-8fad-c21d2acbd9ba','yeybm','2018-12-25 11:44:56','2018-12-25 11:39:56','2018-12-25 11:39:56',0),(208,'e399ddb5-b2e6-4442-8e82-eb9bcfe14626','74wd3','2018-12-25 11:44:57','2018-12-25 11:39:57','2018-12-25 11:39:57',0),(223,'3084075e-13a7-47e4-845b-2fd64cb8aeea','d2xpx','2019-01-07 01:45:27','2019-01-07 01:40:28','2019-01-07 01:40:28',0),(224,'9f836db5-6918-471a-8880-22324c80d3ea','3fdy8','2019-01-07 01:46:14','2019-01-07 01:41:14','2019-01-07 01:41:14',0),(225,'2f125b42-da9a-40d8-8a06-3c5a1a85fe93','g25d6','2019-01-07 01:46:52','2019-01-07 01:41:52','2019-01-07 01:41:52',0),(226,'c8a43e96-51d7-42a0-86f3-67357d573329','pa5nb','2019-01-07 01:48:01','2019-01-07 01:43:01','2019-01-07 01:43:01',0),(227,'fe7e82d8-31ac-4f7c-8d6a-c1165f01dfe7','y4mpn','2019-01-07 01:51:26','2019-01-07 01:46:26','2019-01-07 01:46:26',0),(228,'2a8f9254-4445-4eed-88bf-2ee70d77146a','5dw3a','2019-01-07 01:52:38','2019-01-07 01:47:38','2019-01-07 01:47:38',0),(229,'c50f5e15-2357-4c3d-86c5-0ca49e67b25e','76ba8','2019-01-07 01:54:02','2019-01-07 01:49:02','2019-01-07 01:49:02',0),(230,'116ff6fc-89a1-4635-87c9-429e7aadb16c','cbfen','2019-01-07 01:56:39','2019-01-07 01:51:39','2019-01-07 01:51:39',0),(231,'48a756e4-5142-4ff1-8076-80f5102cd9c5','3n6ec','2019-01-07 01:57:36','2019-01-07 01:52:36','2019-01-07 01:52:36',0),(233,'b89a9b31-7eb4-4a9e-81ac-cba06c1a3ec1','bdgn6','2019-01-10 10:52:00','2019-01-10 10:47:00','2019-01-10 10:47:00',0),(239,'f06ff311-b196-4a64-810c-d888aa069145','ndwpm','2019-01-10 12:46:53','2019-01-10 12:41:53','2019-01-10 12:41:53',0),(243,'48e4c6a4-712a-44a1-8664-5d51b7dc339c','f7wcg','2019-01-11 15:36:17','2019-01-11 15:31:17','2019-01-11 15:31:17',0),(245,'51499ae7-6428-4be4-8513-3cf84ce39634','nwme8','2019-01-11 15:53:50','2019-01-11 15:48:50','2019-01-11 15:48:50',0),(249,'2ae3b236-9e6e-426b-8d96-55bc3026424e','apcw6','2019-01-14 09:11:03','2019-01-14 09:06:03','2019-01-14 09:06:03',0),(252,'1d21c1a2-aacd-424b-85b0-285fa4936b3b','p47wx','2019-01-14 11:32:04','2019-01-14 11:27:04','2019-01-14 11:27:04',0),(253,'04507bfd-69fa-4158-8845-1c9cfc9f573b','yb7bf','2019-01-14 11:34:40','2019-01-14 11:29:40','2019-01-14 11:29:40',0),(254,'38abd8dd-3e3c-495d-8b1e-d54c7cba82d2','by8x8','2019-01-14 11:35:24','2019-01-14 11:30:24','2019-01-14 11:30:24',0),(257,'90054e96-7995-4d9a-8a4a-446da186ffbb','mn7gm','2019-01-14 11:41:21','2019-01-14 11:36:21','2019-01-14 11:36:21',0),(258,'fb1d416d-e7f4-49d3-8f5a-5b82219c4952','g78xn','2019-01-14 11:41:38','2019-01-14 11:36:38','2019-01-14 11:36:38',0),(273,'937edaa6-8e52-4243-88bb-7655d7f84337','x2bpw','2019-01-15 09:40:28','2019-01-15 09:35:28','2019-01-15 09:35:28',0),(292,'1995ea90-d146-48eb-81c7-a8605e3a1c51','yn3n6','2019-01-23 19:04:37','2019-01-23 18:59:37','2019-01-23 18:59:37',0),(293,'ef8de614-3e9e-4e5f-8665-001a02dfe823','56ngn','2019-01-23 19:04:46','2019-01-23 18:59:46','2019-01-23 18:59:46',0),(296,'e76c4256-230e-4912-8a9e-5bce861fc978','668m2','2019-01-23 19:27:14','2019-01-23 19:22:14','2019-01-23 19:22:14',0);

/*Table structure for table `sys_config` */

DROP TABLE IF EXISTS `sys_config`;

CREATE TABLE `sys_config` (
  `id` bigint(20) NOT NULL AUTO_INCREMENT,
  `param_key` varchar(50) DEFAULT NULL COMMENT 'key',
  `param_value` varchar(2000) DEFAULT NULL COMMENT 'value',
  `status` tinyint(4) DEFAULT '1' COMMENT '状态   0：隐藏   1：显示',
  `remark` varchar(500) DEFAULT NULL COMMENT '备注',
  `create_time` datetime DEFAULT NULL COMMENT '创建时间',
  `update_time` datetime DEFAULT NULL COMMENT '更新时间',
  `optlock` int(10) DEFAULT '0' COMMENT '乐观锁',
  PRIMARY KEY (`id`),
  UNIQUE KEY `key` (`param_key`)
) ENGINE=InnoDB AUTO_INCREMENT=5 DEFAULT CHARSET=utf8 COMMENT='系统配置信息表';

/*Data for the table `sys_config` */

insert  into `sys_config`(`id`,`param_key`,`param_value`,`status`,`remark`,`create_time`,`update_time`,`optlock`) values (1,'CLOUD_STORAGE_CONFIG_KEY','{\"type\":2,\"qiniuDomain\":\"\",\"qiniuPrefix\":\"\",\"qiniuAccessKey\":\"\",\"qiniuSecretKey\":\"\",\"qiniuBucketName\":\"\",\"aliyunDomain\":\"http://venice-test-bucket.oss-cn-beijing.aliyuncs.com\",\"aliyunPrefix\":\"\",\"aliyunEndPoint\":\"http://oss-cn-beijing.aliyuncs.com\",\"aliyunAccessKeyId\":\"LTAIGnnyxn3gFgZs\",\"aliyunAccessKeySecret\":\"BHcqtxoWqU6lQuZhweyloA2lSfNH8F\",\"aliyunBucketName\":\"venice-test-bucket\",\"qcloudDomain\":\"\",\"qcloudPrefix\":\"\",\"qcloudSecretId\":\"\",\"qcloudSecretKey\":\"\",\"qcloudBucketName\":\"\"}',0,'云存储配置信息',NULL,NULL,NULL),(2,'agagss','agag',1,NULL,'2018-12-19 15:27:45','2018-12-19 15:28:12',0),(3,'13e14','12314',1,NULL,'2018-12-19 15:29:24','2018-12-19 15:29:24',0),(4,'test','tsst',1,NULL,'2018-12-26 11:23:27','2018-12-26 11:23:27',0);

/*Table structure for table `sys_dept` */

DROP TABLE IF EXISTS `sys_dept`;

CREATE TABLE `sys_dept` (
  `id` bigint(20) NOT NULL AUTO_INCREMENT COMMENT '主键',
  `name` varchar(200) DEFAULT NULL COMMENT '名称',
  `parent_id` bigint(20) DEFAULT NULL COMMENT '父类ID,一级为0',
  `order_num` int(11) DEFAULT NULL COMMENT '排序',
  `create_time` datetime DEFAULT NULL COMMENT '创建时间',
  `update_time` datetime DEFAULT NULL COMMENT '更新时间',
  `optlock` int(10) DEFAULT '0' COMMENT '乐观锁',
  PRIMARY KEY (`id`)
) ENGINE=InnoDB AUTO_INCREMENT=6 DEFAULT CHARSET=utf8mb4 COMMENT='部门表';

/*Data for the table `sys_dept` */

insert  into `sys_dept`(`id`,`name`,`parent_id`,`order_num`,`create_time`,`update_time`,`optlock`) values (2,'test-二级',0,2,'2018-12-25 17:53:19','2018-12-25 17:53:19',0),(3,'test-二级-1222222',2,1,'2018-12-25 17:53:52','2018-12-25 17:54:04',0),(5,'fagag',0,1,'2018-12-25 18:18:16','2018-12-25 18:18:16',0);

/*Table structure for table `sys_dic_item` */

DROP TABLE IF EXISTS `sys_dic_item`;

CREATE TABLE `sys_dic_item` (
  `id` bigint(20) NOT NULL AUTO_INCREMENT COMMENT '主键ID',
  `name` varchar(255) DEFAULT NULL COMMENT '名称',
  `value` varchar(255) DEFAULT NULL COMMENT '值',
  `order_num` int(11) DEFAULT NULL COMMENT '排序',
  `code` varchar(255) DEFAULT NULL COMMENT '类型ID',
  `remark` varchar(255) DEFAULT NULL COMMENT '备注',
  `create_time` datetime DEFAULT NULL COMMENT '创建时间',
  `update_time` datetime DEFAULT NULL COMMENT '更新时间',
  `optlock` int(10) DEFAULT NULL COMMENT '乐观锁',
  PRIMARY KEY (`id`)
) ENGINE=InnoDB AUTO_INCREMENT=7 DEFAULT CHARSET=utf8mb4 COMMENT='字典表';

/*Data for the table `sys_dic_item` */

insert  into `sys_dic_item`(`id`,`name`,`value`,`order_num`,`code`,`remark`,`create_time`,`update_time`,`optlock`) values (6,'aag22','2',2,'22222','2','2018-12-26 18:01:00','2018-12-26 18:01:00',NULL);

/*Table structure for table `sys_dic_type` */

DROP TABLE IF EXISTS `sys_dic_type`;

CREATE TABLE `sys_dic_type` (
  `id` bigint(20) NOT NULL AUTO_INCREMENT COMMENT '主键ID',
  `code` varchar(200) DEFAULT NULL COMMENT '编码',
  `name` varchar(200) DEFAULT NULL COMMENT '字典类型名称',
  `order_num` int(11) DEFAULT NULL COMMENT '排序',
  `create_time` datetime DEFAULT NULL COMMENT '创建时间',
  `update_time` datetime DEFAULT NULL COMMENT '更新时间',
  `optlock` int(10) DEFAULT NULL COMMENT '乐观锁',
  PRIMARY KEY (`id`)
) ENGINE=InnoDB AUTO_INCREMENT=4 DEFAULT CHARSET=utf8mb4 COMMENT='字典类型表';

/*Data for the table `sys_dic_type` */

insert  into `sys_dic_type`(`id`,`code`,`name`,`order_num`,`create_time`,`update_time`,`optlock`) values (2,'11111','字典类型名称111',1,'2018-12-26 15:23:31','2018-12-26 15:39:59',NULL),(3,'22222','字典类型名称2',2,'2018-12-26 15:39:42','2018-12-26 15:39:42',NULL);

/*Table structure for table `sys_log` */

DROP TABLE IF EXISTS `sys_log`;

CREATE TABLE `sys_log` (
  `id` bigint(20) NOT NULL AUTO_INCREMENT,
  `username` varchar(50) DEFAULT NULL COMMENT '用户名',
  `operation` varchar(50) DEFAULT NULL COMMENT '用户操作',
  `method` varchar(200) DEFAULT NULL COMMENT '请求方法',
  `params` text COMMENT '请求参数',
  `time` bigint(20) NOT NULL COMMENT '执行时长(毫秒)',
  `ip` varchar(64) DEFAULT NULL COMMENT 'IP地址',
  `type` varchar(20) DEFAULT NULL COMMENT 'success:正常,error:异常',
  `update_time` datetime DEFAULT NULL COMMENT '更新时间',
  `optlock` int(10) DEFAULT '0' COMMENT '乐观锁',
  `exception` text COMMENT '异常信息',
  `create_time` datetime DEFAULT NULL COMMENT '创建时间',
  PRIMARY KEY (`id`)
) ENGINE=InnoDB AUTO_INCREMENT=137 DEFAULT CHARSET=utf8 COMMENT='系统日志';

/*Data for the table `sys_log` */

insert  into `sys_log`(`id`,`username`,`operation`,`method`,`params`,`time`,`ip`,`type`,`update_time`,`optlock`,`exception`,`create_time`) values (1,'admin','删除角色','com.plusesb.controller.SysRoleController.delete()','[null,null,null,null,null,null,null]',31,'127.0.0.1',NULL,'2018-12-21 14:06:41',0,NULL,'2018-12-21 14:06:41'),(2,'admin','删除角色','com.plusesb.controller.SysRoleController.delete()','[null]',24,'127.0.0.1',NULL,'2018-12-21 14:08:21',0,NULL,'2018-12-21 14:08:21'),(3,'admin','删除角色','com.plusesb.controller.SysRoleController.delete()','[17]',26,'127.0.0.1',NULL,'2018-12-21 14:08:26',0,NULL,'2018-12-21 14:08:26'),(4,'admin','删除角色','com.plusesb.controller.SysRoleController.delete()','[null,null]',11,'127.0.0.1',NULL,'2018-12-21 14:09:38',0,NULL,'2018-12-21 14:09:38'),(5,'admin','删除角色','com.plusesb.controller.SysRoleController.delete()','[11,10]',22,'127.0.0.1',NULL,'2018-12-21 14:15:27',0,NULL,'2018-12-21 14:15:27'),(6,'admin','删除角色','com.plusesb.controller.SysRoleController.delete()','[9,6,4]',33,'127.0.0.1',NULL,'2018-12-21 14:17:14',0,NULL,'2018-12-21 14:17:14'),(7,'admin','修改菜单','com.plusesb.controller.SysMenuController.update()','{\"parentId\":1,\"name\":\"SQL监控\",\"url\":\"http://118.89.30.240:8084/druid/sql.html\",\"type\":1,\"icon\":\"sql\",\"orderNum\":4,\"updateTime\":\"Dec 21, 2018 5:00:10 PM\"}',17,'127.0.0.1',NULL,'2018-12-21 17:00:11',0,NULL,'2018-12-21 17:00:11'),(8,'admin','修改菜单','com.plusesb.controller.SysMenuController.update()','{\"parentId\":1,\"name\":\"SQL监控\",\"url\":\"http://118.89.30.240:8084/druid/sql.html\",\"type\":1,\"icon\":\"sql\",\"orderNum\":4,\"updateTime\":\"Dec 21, 2018 5:01:30 PM\"}',6,'127.0.0.1',NULL,'2018-12-21 17:01:30',0,NULL,'2018-12-21 17:01:30'),(9,'admin','修改菜单','com.plusesb.controller.SysMenuController.update()','{\"parentId\":1,\"name\":\"参数管理\",\"url\":\"system/system/config.html1\",\"perms\":\"sys:config:list,sys:config:info,sys:config:save,sys:config:update,sys:config:delete\",\"type\":1,\"icon\":\"config\",\"orderNum\":6,\"updateTime\":\"Dec 21, 2018 5:02:48 PM\"}',22,'127.0.0.1',NULL,'2018-12-21 17:02:49',0,NULL,'2018-12-21 17:02:49'),(10,'admin','修改菜单','com.plusesb.controller.SysMenuController.update()','{\"parentId\":1,\"name\":\"SQL监控\",\"url\":\"http://118.89.30.240:8084/druid/sql.html\",\"type\":1,\"icon\":\"sql\",\"orderNum\":4,\"updateTime\":\"Dec 21, 2018 5:03:45 PM\"}',6,'127.0.0.1',NULL,'2018-12-21 17:03:46',0,NULL,'2018-12-21 17:03:46'),(11,'admin','修改菜单','com.plusesb.controller.SysMenuController.update()','{\"parentId\":1,\"name\":\"SQL监控\",\"url\":\"http://118.89.30.240:8084/druid/sql.html\",\"type\":1,\"icon\":\"sql\",\"orderNum\":4,\"id\":5,\"updateTime\":\"Dec 21, 2018 5:05:33 PM\"}',17,'127.0.0.1',NULL,'2018-12-21 17:05:34',0,NULL,'2018-12-21 17:05:34'),(12,'admin','修改菜单','com.plusesb.controller.SysMenuController.update()','{\"parentId\":1,\"name\":\"SQL监控\",\"url\":\"system/system/sql.html\",\"type\":1,\"icon\":\"sql\",\"orderNum\":4,\"id\":5,\"updateTime\":\"Dec 21, 2018 5:19:01 PM\"}',18,'127.0.0.1',NULL,'2018-12-21 17:19:02',0,NULL,'2018-12-21 17:19:02'),(13,'admin','修改菜单','com.plusesb.controller.SysMenuController.update()','{\"parentId\":1,\"name\":\"SQL监控\",\"url\":\"http://118.89.30.240:8084/druid/sql.html\",\"type\":1,\"icon\":\"sql\",\"orderNum\":4,\"id\":5,\"updateTime\":\"Dec 21, 2018 5:31:40 PM\"}',11,'127.0.0.1',NULL,'2018-12-21 17:31:41',0,NULL,'2018-12-21 17:31:41'),(14,'admin','修改菜单','com.plusesb.controller.SysMenuController.update()','{\"parentId\":1,\"name\":\"SQL监控\",\"url\":\"system/system/sql.html\",\"type\":1,\"icon\":\"sql\",\"orderNum\":4,\"id\":5,\"updateTime\":\"Dec 21, 2018 5:35:40 PM\"}',10,'127.0.0.1',NULL,'2018-12-21 17:35:41',0,NULL,'2018-12-21 17:35:41'),(15,'admin','修改菜单','com.plusesb.controller.SysMenuController.update()','{\"parentId\":1,\"name\":\"SQL监控\",\"url\":\"http://118.89.30.240:8084/druid/sql.html\",\"type\":1,\"icon\":\"sql\",\"orderNum\":4,\"id\":5,\"updateTime\":\"Dec 21, 2018 5:42:56 PM\"}',11,'127.0.0.1',NULL,'2018-12-21 17:42:57',0,NULL,'2018-12-21 17:42:57'),(16,'admin','修改菜单','com.plusesb.controller.SysMenuController.update()','{\"parentId\":1,\"name\":\"SQL监控\",\"url\":\"system/system/sql.html\",\"type\":1,\"icon\":\"sql\",\"orderNum\":4,\"id\":5,\"updateTime\":\"Dec 21, 2018 5:44:32 PM\"}',13,'127.0.0.1',NULL,'2018-12-21 17:44:32',0,NULL,'2018-12-21 17:44:32'),(17,'admin','删除用户','com.plusesb.controller.SysUserController.delete()','[7]',43,'127.0.0.1',NULL,'2018-12-24 09:04:19',0,NULL,'2018-12-24 09:04:19'),(18,'admin','保存角色','com.plusesb.controller.SysRoleController.save()','{\"roleName\":\"测试-没有角色管理功能\",\"remark\":\"\",\"createUserId\":1,\"menuIdList\":[null,null,null,null,null,null,null,null,null,null,null,null,null,null,null,null,null,null,null,null,null,null,null,null,null,-666666,null],\"id\":18,\"createTime\":\"Dec 24, 2018 2:35:31 PM\",\"updateTime\":\"Dec 24, 2018 2:35:31 PM\"}',592,'127.0.0.1',NULL,'2018-12-24 14:35:31',0,NULL,'2018-12-24 14:35:31'),(19,'admin','保存用户','com.plusesb.controller.SysUserController.save()','{\"username\":\"wangjianfeng\",\"password\":\"9c1ce4f34023ca68425366c3a8b9beacbc4b847e607d9e3a1013892b59e5231e\",\"salt\":\"1hZJEZYKWIxVo0ygUsR5\",\"email\":\"123@qq.com\",\"mobile\":\"15280625716\",\"status\":1,\"roleIdList\":[18],\"createUserId\":1,\"id\":8,\"createTime\":\"Dec 24, 2018 2:37:13 PM\",\"updateTime\":\"Dec 24, 2018 2:37:13 PM\"}',81,'127.0.0.1',NULL,'2018-12-24 14:37:14',0,NULL,'2018-12-24 14:37:14'),(20,'admin','保存角色','com.plusesb.controller.SysRoleController.save()','{\"roleName\":\"test\",\"remark\":\"12\",\"createUserId\":1,\"menuIdList\":[null,null,null,null,null,null,null,null,null,null,null,null,null,null,null,null,null,null,null,null,null,null,null,null,null,null,null,null,null,null,null,-666666],\"id\":19,\"createTime\":\"Dec 24, 2018 5:28:10 PM\",\"updateTime\":\"Dec 24, 2018 5:28:10 PM\"}',289,'127.0.0.1',NULL,'2018-12-24 17:28:11',0,NULL,'2018-12-24 17:28:11'),(21,NULL,'获取验证码','com.plusesb.controller.SysLoginController.captcha()',NULL,827,'127.0.0.1','error','2018-12-24 23:28:19',0,'uuid不能为空','2018-12-24 23:28:19'),(22,NULL,'获取验证码','com.plusesb.controller.SysLoginController.captcha()',NULL,827,'127.0.0.1','error','2018-12-24 23:28:19',0,'uuid不能为空','2018-12-24 23:28:19'),(23,NULL,'获取验证码','com.plusesb.controller.SysLoginController.captcha()',NULL,1586,'127.0.0.1','error','2018-12-24 23:33:07',0,'uuid不能为空','2018-12-24 23:33:07'),(24,'admin','修改用户','com.plusesb.controller.SysUserController.update()','{\"username\":\"feng123\",\"salt\":\"YmOzS79d9AgcKTevNjqp\",\"email\":\"123@qq.com\",\"mobile\":\"15280625716\",\"status\":1,\"roleIdList\":[1],\"createUserId\":1,\"id\":11,\"updateTime\":\"Dec 27, 2018 11:04:07 AM\"}',2082,'127.0.0.1','success','2018-12-27 11:04:10',0,'无异常','2018-12-27 11:04:10'),(25,NULL,'验证码','com.plusesb.controller.SysLoginController.captcha()',NULL,1889,'127.0.0.1','success','2019-01-07 01:40:29',0,'无异常','2019-01-07 01:40:29'),(26,NULL,'验证码','com.plusesb.controller.SysLoginController.captcha()',NULL,503,'127.0.0.1','success','2019-01-07 01:41:14',0,'无异常','2019-01-07 01:41:14'),(27,NULL,'验证码','com.plusesb.controller.SysLoginController.captcha()',NULL,219,'127.0.0.1','success','2019-01-07 01:41:52',0,'无异常','2019-01-07 01:41:52'),(28,NULL,'验证码','com.plusesb.controller.SysLoginController.captcha()',NULL,193,'127.0.0.1','success','2019-01-07 01:43:01',0,'无异常','2019-01-07 01:43:01'),(29,NULL,'验证码','com.plusesb.controller.SysLoginController.captcha()',NULL,228,'127.0.0.1','success','2019-01-07 01:46:26',0,'无异常','2019-01-07 01:46:26'),(30,NULL,'验证码','com.plusesb.controller.SysLoginController.captcha()',NULL,217,'127.0.0.1','success','2019-01-07 01:47:38',0,'无异常','2019-01-07 01:47:38'),(31,NULL,'验证码','com.plusesb.controller.SysLoginController.captcha()',NULL,166,'127.0.0.1','success','2019-01-07 01:49:03',0,'无异常','2019-01-07 01:49:03'),(32,NULL,'验证码','com.plusesb.controller.SysLoginController.captcha()',NULL,192,'127.0.0.1','success','2019-01-07 01:51:40',0,'无异常','2019-01-07 01:51:40'),(33,NULL,'验证码','com.plusesb.controller.SysLoginController.captcha()',NULL,212,'127.0.0.1','success','2019-01-07 01:52:36',0,'无异常','2019-01-07 01:52:36'),(34,NULL,'验证码','com.plusesb.controller.SysLoginController.captcha()',NULL,210,'127.0.0.1','success','2019-01-07 01:52:39',0,'无异常','2019-01-07 01:52:39'),(35,'admin','保存菜单','com.plusesb.controller.SysMenuController.save()','{\"parentId\":0,\"name\":\"广告\",\"url\":\"miniapp/shop-mall/sh-advert/index.html\",\"perms\":\"\",\"type\":1,\"icon\":\"add-circle-outline\",\"orderNum\":4,\"id\":58,\"createTime\":\"Jan 7, 2019 2:05:39 AM\",\"updateTime\":\"Jan 7, 2019 2:05:39 AM\"}',147,'127.0.0.1','success','2019-01-07 02:05:39',0,'无异常','2019-01-07 02:05:39'),(36,'admin','保存菜单','com.plusesb.controller.SysMenuController.save()','{\"parentId\":0,\"name\":\"会员管理\",\"url\":\"miniapp/shop-mall/sh-user/index.html\",\"perms\":\"\",\"type\":1,\"icon\":\"add-circle-outline\",\"orderNum\":5,\"id\":59,\"createTime\":\"Jan 7, 2019 2:09:44 AM\",\"updateTime\":\"Jan 7, 2019 2:09:44 AM\"}',119,'127.0.0.1','success','2019-01-07 02:09:44',0,'无异常','2019-01-07 02:09:44'),(37,'admin','保存菜单','com.plusesb.controller.SysMenuController.save()','{\"parentId\":0,\"name\":\"商品\",\"type\":0,\"icon\":\"add-circle-outline\",\"orderNum\":6,\"id\":60,\"createTime\":\"Jan 7, 2019 2:18:10 AM\",\"updateTime\":\"Jan 7, 2019 2:18:10 AM\"}',117,'127.0.0.1','success','2019-01-07 02:18:11',0,'无异常','2019-01-07 02:18:11'),(38,'admin','保存菜单','com.plusesb.controller.SysMenuController.save()','{\"parentId\":60,\"name\":\"商品分类\",\"url\":\"miniapp/shop-mall/sh-goods-category/index.html\",\"perms\":\"\",\"type\":1,\"icon\":\"add-circle-outline\",\"orderNum\":7,\"id\":61,\"createTime\":\"Jan 7, 2019 2:21:18 AM\",\"updateTime\":\"Jan 7, 2019 2:21:18 AM\"}',186,'127.0.0.1','success','2019-01-07 02:21:18',0,'无异常','2019-01-07 02:21:18'),(39,NULL,'验证码','com.plusesb.controller.SysLoginController.captcha()',NULL,555,'127.0.0.1','success','2019-01-10 10:47:00',0,'无异常','2019-01-10 10:47:00'),(40,NULL,'验证码','com.plusesb.controller.SysLoginController.captcha()',NULL,136,'127.0.0.1','success','2019-01-10 10:47:01',0,'无异常','2019-01-10 10:47:01'),(41,'admin','验证码','com.plusesb.controller.SysLoginController.captcha()',NULL,166,'127.0.0.1','success','2019-01-10 10:47:13',0,'无异常','2019-01-10 10:47:13'),(42,'admin','验证码','com.plusesb.controller.SysLoginController.captcha()',NULL,129,'127.0.0.1','success','2019-01-10 10:52:48',0,'无异常','2019-01-10 10:52:48'),(43,'admin','验证码','com.plusesb.controller.SysLoginController.captcha()',NULL,132,'127.0.0.1','success','2019-01-10 11:08:58',0,'无异常','2019-01-10 11:08:58'),(44,'admin','保存菜单','com.plusesb.controller.SysMenuController.save()','{\"parentId\":60,\"name\":\"品牌管理\",\"url\":\"miniapp/shop-mall/sh-brand/index.html\",\"perms\":\"\",\"type\":1,\"icon\":\"\",\"orderNum\":2,\"id\":62,\"createTime\":\"Jan 10, 2019 12:28:06 PM\",\"updateTime\":\"Jan 10, 2019 12:28:06 PM\"}',170,'127.0.0.1','success','2019-01-10 12:28:07',0,'无异常','2019-01-10 12:28:07'),(45,NULL,'验证码','com.plusesb.controller.SysLoginController.captcha()',NULL,604,'127.0.0.1','success','2019-01-10 12:41:40',0,'无异常','2019-01-10 12:41:40'),(46,NULL,'验证码','com.plusesb.controller.SysLoginController.captcha()',NULL,125,'127.0.0.1','success','2019-01-10 12:41:53',0,'无异常','2019-01-10 12:41:53'),(47,'admin','保存菜单','com.plusesb.controller.SysMenuController.save()','{\"parentId\":60,\"name\":\"专题管理\",\"url\":\"miniapp/shop-mall/sh-topic/index.html\",\"perms\":\"\",\"type\":1,\"icon\":\"\",\"orderNum\":3,\"id\":63,\"createTime\":\"Jan 10, 2019 12:44:40 PM\",\"updateTime\":\"Jan 10, 2019 12:44:40 PM\"}',154,'127.0.0.1','success','2019-01-10 12:44:41',0,'无异常','2019-01-10 12:44:41'),(48,'admin','保存菜单','com.plusesb.controller.SysMenuController.save()','{\"parentId\":0,\"name\":\"商品管理\",\"url\":\"miniapp/shop-mall/sh-goods/index.html\",\"perms\":\"\",\"type\":1,\"icon\":\"\",\"orderNum\":4,\"id\":64,\"createTime\":\"Jan 10, 2019 12:47:59 PM\",\"updateTime\":\"Jan 10, 2019 12:47:59 PM\"}',88,'127.0.0.1','success','2019-01-10 12:48:00',0,'无异常','2019-01-10 12:48:00'),(49,'admin','保存菜单','com.plusesb.controller.SysMenuController.save()','{\"parentId\":60,\"name\":\"优惠券管理\",\"url\":\"miniapp/shop-mall/sh-coupon/index.html\",\"perms\":\"\",\"type\":1,\"icon\":\"\",\"orderNum\":5,\"id\":65,\"createTime\":\"Jan 10, 2019 12:50:14 PM\",\"updateTime\":\"Jan 10, 2019 12:50:14 PM\"}',133,'127.0.0.1','success','2019-01-10 12:50:14',0,'无异常','2019-01-10 12:50:14'),(50,'admin','修改菜单','com.plusesb.controller.SysMenuController.update()','{\"parentId\":60,\"name\":\"商品管理\",\"url\":\"miniapp/shop-mall/sh-goods/index.html\",\"type\":1,\"orderNum\":4,\"id\":64,\"updateTime\":\"Jan 10, 2019 12:52:01 PM\"}',157,'127.0.0.1','success','2019-01-10 12:52:01',0,'无异常','2019-01-10 12:52:01'),(51,'admin','保存菜单','com.plusesb.controller.SysMenuController.save()','{\"parentId\":0,\"name\":\"订单列表\",\"url\":\"miniapp/shop-mall/sh-order/index.html\",\"perms\":\"\",\"type\":1,\"icon\":\"add-circle-outline\",\"orderNum\":7,\"id\":66,\"createTime\":\"Jan 10, 2019 1:18:54 PM\",\"updateTime\":\"Jan 10, 2019 1:18:54 PM\"}',130,'127.0.0.1','success','2019-01-10 13:18:55',0,'无异常','2019-01-10 13:18:55'),(52,'admin','保存菜单','com.plusesb.controller.SysMenuController.save()','{\"parentId\":0,\"name\":\"订单管理\",\"url\":\"\",\"perms\":\"\",\"type\":0,\"icon\":\"list-box\",\"orderNum\":7,\"id\":67,\"createTime\":\"Jan 10, 2019 1:22:44 PM\",\"updateTime\":\"Jan 10, 2019 1:22:44 PM\"}',94,'127.0.0.1','success','2019-01-10 13:22:44',0,'无异常','2019-01-10 13:22:44'),(53,'admin','修改菜单','com.plusesb.controller.SysMenuController.update()','{\"parentId\":67,\"name\":\"订单列表\",\"url\":\"miniapp/shop-mall/sh-order/index.html\",\"type\":1,\"icon\":\"add-circle-outline\",\"orderNum\":7,\"id\":66,\"updateTime\":\"Jan 10, 2019 1:23:02 PM\"}',140,'127.0.0.1','success','2019-01-10 13:23:03',0,'无异常','2019-01-10 13:23:03'),(54,'admin','保存菜单','com.plusesb.controller.SysMenuController.save()','{\"parentId\":67,\"name\":\"退货列表\",\"url\":\"miniapp/shop-mall/sh-order-return/index.html\",\"perms\":\"\",\"type\":1,\"icon\":\"\",\"orderNum\":2,\"id\":68,\"createTime\":\"Jan 10, 2019 1:24:09 PM\",\"updateTime\":\"Jan 10, 2019 1:24:09 PM\"}',213,'127.0.0.1','success','2019-01-10 13:24:09',0,'无异常','2019-01-10 13:24:09'),(55,'admin','修改菜单','com.plusesb.controller.SysMenuController.update()','{\"parentId\":67,\"name\":\"订单列表\",\"url\":\"miniapp/shop-mall/sh-order/index.html\",\"type\":1,\"icon\":\"add-circle-outline\",\"orderNum\":1,\"id\":66,\"updateTime\":\"Jan 10, 2019 1:24:34 PM\"}',217,'127.0.0.1','success','2019-01-10 13:24:35',0,'无异常','2019-01-10 13:24:35'),(56,'admin','保存菜单','com.plusesb.controller.SysMenuController.save()','{\"parentId\":0,\"name\":\"设置\",\"type\":0,\"icon\":\"setting\",\"orderNum\":8,\"id\":69,\"createTime\":\"Jan 10, 2019 1:25:49 PM\",\"updateTime\":\"Jan 10, 2019 1:25:49 PM\"}',125,'127.0.0.1','success','2019-01-10 13:25:49',0,'无异常','2019-01-10 13:25:49'),(57,'admin','修改菜单','com.plusesb.controller.SysMenuController.update()','{\"parentId\":0,\"name\":\"设置\",\"url\":\"miniapp/shop-mall/sh-config/index.html\",\"type\":1,\"icon\":\"setting\",\"orderNum\":8,\"id\":69,\"updateTime\":\"Jan 10, 2019 1:26:59 PM\"}',127,'127.0.0.1','success','2019-01-10 13:27:00',0,'无异常','2019-01-10 13:27:00'),(58,'admin','修改菜单','com.plusesb.controller.SysMenuController.update()','{\"parentId\":60,\"name\":\"商品分类\",\"url\":\"miniapp/shop-mall/sh-goods-category/index.html\",\"type\":1,\"icon\":\"more\",\"orderNum\":1,\"id\":61,\"updateTime\":\"Jan 10, 2019 1:31:22 PM\"}',209,'127.0.0.1','success','2019-01-10 13:31:22',0,'无异常','2019-01-10 13:31:22'),(59,'admin','修改菜单','com.plusesb.controller.SysMenuController.update()','{\"parentId\":0,\"name\":\"商品\",\"type\":0,\"icon\":\"list\",\"orderNum\":6,\"id\":60,\"updateTime\":\"Jan 10, 2019 1:40:29 PM\"}',100,'127.0.0.1','success','2019-01-10 13:40:30',0,'无异常','2019-01-10 13:40:30'),(60,'admin','删除菜单','com.plusesb.controller.SysMenuController.delete()','69',239,'127.0.0.1','success','2019-01-10 13:58:42',0,'无异常','2019-01-10 13:58:42'),(61,'admin','删除菜单','com.plusesb.controller.SysMenuController.delete()','63',328,'127.0.0.1','success','2019-01-10 16:58:42',0,'无异常','2019-01-10 16:58:42'),(62,'admin','保存菜单','com.plusesb.controller.SysMenuController.save()','{\"parentId\":60,\"name\":\"专题管理\",\"url\":\"miniapp/shop-mall/sh-goods-tipic/index.html\",\"perms\":\"\",\"type\":1,\"icon\":\"\",\"orderNum\":5,\"id\":70,\"createTime\":\"Jan 10, 2019 4:59:18 PM\",\"updateTime\":\"Jan 10, 2019 4:59:18 PM\"}',190,'127.0.0.1','success','2019-01-10 16:59:18',0,'无异常','2019-01-10 16:59:18'),(63,'admin','修改菜单','com.plusesb.controller.SysMenuController.update()','{\"parentId\":60,\"name\":\"专题管理\",\"url\":\"miniapp/shop-mall/sh-goods-topic/index.html\",\"type\":1,\"orderNum\":5,\"id\":70,\"updateTime\":\"Jan 10, 2019 5:00:35 PM\"}',198,'127.0.0.1','success','2019-01-10 17:00:36',0,'无异常','2019-01-10 17:00:36'),(64,'admin','修改菜单','com.plusesb.controller.SysMenuController.update()','{\"parentId\":60,\"name\":\"专题管理\",\"url\":\"miniapp/shop-mall/sh-topic/index.html\",\"type\":1,\"orderNum\":5,\"id\":70,\"updateTime\":\"Jan 10, 2019 5:01:33 PM\"}',181,'127.0.0.1','success','2019-01-10 17:01:33',0,'无异常','2019-01-10 17:01:33'),(65,'admin','验证码','com.plusesb.controller.SysLoginController.captcha()',NULL,595,'127.0.0.1','success','2019-01-10 17:05:31',0,'无异常','2019-01-10 17:05:31'),(66,NULL,'验证码','com.plusesb.controller.SysLoginController.captcha()',NULL,623,'127.0.0.1','success','2019-01-11 09:01:53',0,'无异常','2019-01-11 09:01:53'),(67,'admin','修改菜单','com.plusesb.controller.SysMenuController.update()','{\"parentId\":0,\"name\":\"广告\",\"url\":\"miniapp/shop-mall/sh-advert/index.html\",\"type\":1,\"icon\":\"analytics\",\"orderNum\":4,\"id\":58,\"updateTime\":\"Jan 11, 2019 10:00:12 AM\"}',155,'127.0.0.1','success','2019-01-11 10:00:13',0,'无异常','2019-01-11 10:00:13'),(68,'admin','修改菜单','com.plusesb.controller.SysMenuController.update()','{\"parentId\":0,\"name\":\"会员管理\",\"url\":\"miniapp/shop-mall/sh-user/index.html\",\"type\":1,\"icon\":\"admin\",\"orderNum\":5,\"id\":59,\"updateTime\":\"Jan 11, 2019 10:00:29 AM\"}',121,'127.0.0.1','success','2019-01-11 10:00:29',0,'无异常','2019-01-11 10:00:29'),(69,'admin','修改菜单','com.plusesb.controller.SysMenuController.update()','{\"parentId\":67,\"name\":\"订单列表\",\"url\":\"miniapp/shop-mall/sh-order/index.html\",\"type\":1,\"icon\":\"list\",\"orderNum\":1,\"id\":66,\"updateTime\":\"Jan 11, 2019 10:02:04 AM\"}',206,'127.0.0.1','success','2019-01-11 10:02:05',0,'无异常','2019-01-11 10:02:05'),(70,'admin','修改菜单','com.plusesb.controller.SysMenuController.update()','{\"parentId\":67,\"name\":\"退货列表\",\"url\":\"miniapp/shop-mall/sh-order-return/index.html\",\"type\":1,\"icon\":\"list\",\"orderNum\":2,\"id\":68,\"updateTime\":\"Jan 11, 2019 10:02:26 AM\"}',224,'127.0.0.1','success','2019-01-11 10:02:27',0,'无异常','2019-01-11 10:02:27'),(71,'admin','修改菜单','com.plusesb.controller.SysMenuController.update()','{\"parentId\":0,\"name\":\"商品\",\"type\":0,\"icon\":\"gift\",\"orderNum\":6,\"id\":60,\"updateTime\":\"Jan 11, 2019 10:04:40 AM\"}',100,'127.0.0.1','success','2019-01-11 10:04:40',0,'无异常','2019-01-11 10:04:40'),(72,'admin','修改菜单','com.plusesb.controller.SysMenuController.update()','{\"parentId\":60,\"name\":\"商品分类\",\"url\":\"miniapp/shop-mall/sh-goods-category/index.html\",\"type\":1,\"icon\":\"\",\"orderNum\":1,\"id\":61,\"updateTime\":\"Jan 11, 2019 10:09:56 AM\"}',174,'127.0.0.1','success','2019-01-11 10:09:57',0,'无异常','2019-01-11 10:09:57'),(73,'admin','修改菜单','com.plusesb.controller.SysMenuController.update()','{\"parentId\":60,\"name\":\"商品分类\",\"url\":\"miniapp/shop-mall/sh-goods-category/index.html\",\"type\":1,\"icon\":\"\",\"orderNum\":1,\"id\":61,\"updateTime\":\"Jan 11, 2019 10:10:24 AM\"}',207,'127.0.0.1','success','2019-01-11 10:10:25',0,'无异常','2019-01-11 10:10:25'),(74,'admin','修改菜单','com.plusesb.controller.SysMenuController.update()','{\"parentId\":60,\"name\":\"商品分类\",\"url\":\"miniapp/shop-mall/sh-goods-category/index.html\",\"type\":1,\"icon\":\"list\",\"orderNum\":1,\"id\":61,\"updateTime\":\"Jan 11, 2019 10:11:16 AM\"}',237,'127.0.0.1','success','2019-01-11 10:11:17',0,'无异常','2019-01-11 10:11:17'),(75,NULL,'验证码','com.plusesb.controller.SysLoginController.captcha()',NULL,139,'127.0.0.1','success','2019-01-11 15:29:33',0,'无异常','2019-01-11 15:29:33'),(76,'admin','验证码','com.plusesb.controller.SysLoginController.captcha()',NULL,158,'127.0.0.1','success','2019-01-11 15:31:17',0,'无异常','2019-01-11 15:31:17'),(77,'admin','验证码','com.plusesb.controller.SysLoginController.captcha()',NULL,176,'127.0.0.1','success','2019-01-11 15:31:23',0,'无异常','2019-01-11 15:31:23'),(78,'admin','验证码','com.plusesb.controller.SysLoginController.captcha()',NULL,167,'127.0.0.1','success','2019-01-11 15:48:50',0,'无异常','2019-01-11 15:48:50'),(79,'admin','验证码','com.plusesb.controller.SysLoginController.captcha()',NULL,161,'127.0.0.1','success','2019-01-11 15:48:50',0,'无异常','2019-01-11 15:48:50'),(80,'admin','验证码','com.plusesb.controller.SysLoginController.captcha()',NULL,124,'127.0.0.1','success','2019-01-11 15:49:01',0,'无异常','2019-01-11 15:49:01'),(81,NULL,'验证码','com.plusesb.controller.SysLoginController.captcha()',NULL,666,'127.0.0.1','success','2019-01-14 09:02:26',0,'无异常','2019-01-14 09:02:26'),(82,NULL,'验证码','com.plusesb.controller.SysLoginController.captcha()',NULL,149,'127.0.0.1','success','2019-01-14 09:06:03',0,'无异常','2019-01-14 09:06:03'),(83,'admin','验证码','com.plusesb.controller.SysLoginController.captcha()',NULL,165,'127.0.0.1','success','2019-01-14 09:46:34',0,'无异常','2019-01-14 09:46:34'),(84,NULL,'验证码','com.plusesb.controller.SysLoginController.captcha()',NULL,135,'127.0.0.1','success','2019-01-14 11:25:59',0,'无异常','2019-01-14 11:25:59'),(85,'admin','验证码','com.plusesb.controller.SysLoginController.captcha()',NULL,139,'127.0.0.1','success','2019-01-14 11:27:04',0,'无异常','2019-01-14 11:27:04'),(86,'admin','验证码','com.plusesb.controller.SysLoginController.captcha()',NULL,148,'127.0.0.1','success','2019-01-14 11:29:40',0,'无异常','2019-01-14 11:29:40'),(87,'admin','验证码','com.plusesb.controller.SysLoginController.captcha()',NULL,157,'127.0.0.1','success','2019-01-14 11:30:24',0,'无异常','2019-01-14 11:30:24'),(88,'admin','验证码','com.plusesb.controller.SysLoginController.captcha()',NULL,138,'127.0.0.1','success','2019-01-14 11:30:39',0,'无异常','2019-01-14 11:30:39'),(89,'admin','验证码','com.plusesb.controller.SysLoginController.captcha()',NULL,188,'127.0.0.1','success','2019-01-14 11:36:19',0,'无异常','2019-01-14 11:36:19'),(90,NULL,'验证码','com.plusesb.controller.SysLoginController.captcha()',NULL,132,'127.0.0.1','success','2019-01-14 11:36:21',0,'无异常','2019-01-14 11:36:21'),(91,'admin','验证码','com.plusesb.controller.SysLoginController.captcha()',NULL,179,'127.0.0.1','success','2019-01-14 11:36:38',0,'无异常','2019-01-14 11:36:38'),(92,'admin','验证码','com.plusesb.controller.SysLoginController.captcha()',NULL,127,'127.0.0.1','success','2019-01-14 11:38:02',0,'无异常','2019-01-14 11:38:02'),(93,'admin','验证码','com.plusesb.controller.SysLoginController.captcha()',NULL,167,'127.0.0.1','success','2019-01-14 11:38:36',0,'无异常','2019-01-14 11:38:36'),(94,'admin','保存用户','com.plusesb.controller.SysUserController.save()','{\"username\":\"linyuchi\",\"password\":\"668225b7442db33852795a46eb5b56b4898fb3d7d8772d119e0ff4eb0e318e53\",\"salt\":\"tSc8VwblrCttBePrhWdZ\",\"email\":\"xunli-03@163.com\",\"mobile\":\"18659243705\",\"status\":1,\"roleIdList\":[1],\"createUserId\":1,\"id\":12,\"createTime\":\"Jan 14, 2019 11:39:19 AM\",\"updateTime\":\"Jan 14, 2019 11:39:19 AM\"}',695,'127.0.0.1','success','2019-01-14 11:39:19',0,'无异常','2019-01-14 11:39:19'),(95,'admin','验证码','com.plusesb.controller.SysLoginController.captcha()',NULL,125,'127.0.0.1','success','2019-01-14 11:39:34',0,'无异常','2019-01-14 11:39:34'),(96,'admin','验证码','com.plusesb.controller.SysLoginController.captcha()',NULL,133,'127.0.0.1','success','2019-01-14 11:39:36',0,'无异常','2019-01-14 11:39:36'),(97,'linyuchi','验证码','com.plusesb.controller.SysLoginController.captcha()',NULL,121,'127.0.0.1','success','2019-01-14 11:41:24',0,'无异常','2019-01-14 11:41:24'),(98,'admin','修改角色','com.plusesb.controller.SysRoleController.update()','{\"roleName\":\"超级管理员\",\"createUserId\":1,\"menuIdList\":[1,2,15,16,17,18,3,19,20,21,22,4,23,24,25,26,5,6,7,8,9,10,11,12,13,14,27,29,30,37,38,39,40,41,42,43,44,45,46,52,53,54,55,56,31,32,58,59,60,61,62,64,65,70,67,66,68],\"id\":1,\"updateTime\":\"Jan 14, 2019 11:41:53 AM\"}',4761,'127.0.0.1','success','2019-01-14 11:41:58',0,'无异常','2019-01-14 11:41:58'),(99,'admin','验证码','com.plusesb.controller.SysLoginController.captcha()',NULL,105,'127.0.0.1','success','2019-01-14 11:42:06',0,'无异常','2019-01-14 11:42:06'),(100,'admin','验证码','com.plusesb.controller.SysLoginController.captcha()',NULL,124,'127.0.0.1','success','2019-01-14 11:42:43',0,'无异常','2019-01-14 11:42:43'),(101,'admin','验证码','com.plusesb.controller.SysLoginController.captcha()',NULL,121,'127.0.0.1','success','2019-01-14 11:46:28',0,'无异常','2019-01-14 11:46:28'),(102,'linyuchi','验证码','com.plusesb.controller.SysLoginController.captcha()',NULL,128,'127.0.0.1','success','2019-01-14 14:59:23',0,'无异常','2019-01-14 14:59:23'),(103,'admin','验证码','com.plusesb.controller.SysLoginController.captcha()',NULL,137,'127.0.0.1','success','2019-01-14 16:06:05',0,'无异常','2019-01-14 16:06:05'),(104,'admin','修改菜单','com.plusesb.controller.SysMenuController.update()','{\"parentId\":60,\"name\":\"商品分类\",\"url\":\"miniapp/shop-mall/sh-goods-category/index.html\",\"type\":1,\"icon\":\"k\",\"orderNum\":1,\"id\":61,\"updateTime\":\"Jan 14, 2019 4:06:48 PM\"}',210,'127.0.0.1','success','2019-01-14 16:06:49',0,'无异常','2019-01-14 16:06:49'),(105,'admin','验证码','com.plusesb.controller.SysLoginController.captcha()',NULL,149,'127.0.0.1','success','2019-01-14 16:06:56',0,'无异常','2019-01-14 16:06:56'),(106,'admin','修改菜单','com.plusesb.controller.SysMenuController.update()','{\"parentId\":67,\"name\":\"订单列表\",\"url\":\"miniapp/shop-mall/sh-order/index.html\",\"type\":1,\"icon\":\"k\",\"orderNum\":1,\"id\":66,\"updateTime\":\"Jan 14, 2019 4:08:18 PM\"}',180,'127.0.0.1','success','2019-01-14 16:08:19',0,'无异常','2019-01-14 16:08:19'),(107,'admin','修改菜单','com.plusesb.controller.SysMenuController.update()','{\"parentId\":67,\"name\":\"退货列表\",\"url\":\"miniapp/shop-mall/sh-order-return/index.html\",\"type\":1,\"icon\":\"k\",\"orderNum\":2,\"id\":68,\"updateTime\":\"Jan 14, 2019 4:08:37 PM\"}',176,'127.0.0.1','success','2019-01-14 16:08:38',0,'无异常','2019-01-14 16:08:38'),(108,'admin','修改菜单','com.plusesb.controller.SysMenuController.update()','{\"parentId\":60,\"name\":\"优惠券管理\",\"url\":\"miniapp/shop-mall/sh-coupon/index.html\",\"type\":1,\"orderNum\":6,\"id\":65,\"updateTime\":\"Jan 14, 2019 4:15:38 PM\"}',210,'127.0.0.1','success','2019-01-14 16:15:38',0,'无异常','2019-01-14 16:15:38'),(109,'admin','验证码','com.plusesb.controller.SysLoginController.captcha()',NULL,157,'127.0.0.1','success','2019-01-14 17:11:03',0,'无异常','2019-01-14 17:11:03'),(110,'admin','验证码','com.plusesb.controller.SysLoginController.captcha()',NULL,149,'127.0.0.1','success','2019-01-14 17:17:04',0,'无异常','2019-01-14 17:17:04'),(111,NULL,'验证码','com.plusesb.controller.SysLoginController.captcha()',NULL,147,'127.0.0.1','success','2019-01-15 08:57:50',0,'无异常','2019-01-15 08:57:50'),(112,NULL,'验证码','com.plusesb.controller.SysLoginController.captcha()',NULL,158,'127.0.0.1','success','2019-01-15 09:35:29',0,'无异常','2019-01-15 09:35:29'),(113,NULL,'验证码','com.plusesb.controller.SysLoginController.captcha()',NULL,133,'127.0.0.1','success','2019-01-15 09:38:00',0,'无异常','2019-01-15 09:38:00'),(114,NULL,'验证码','com.plusesb.controller.SysLoginController.captcha()',NULL,1417,'127.0.0.1','success','2019-01-15 10:31:04',0,'无异常','2019-01-15 10:31:04'),(115,NULL,'验证码','com.plusesb.controller.SysLoginController.captcha()',NULL,280,'127.0.0.1','error','2019-01-22 11:23:00',0,'nested exception is org.apache.ibatis.exceptions.PersistenceException: \r\n### Error updating database.  Cause: org.springframework.jdbc.CannotGetJdbcConnectionException: Failed to obtain JDBC Connection; nested exception is com.alibaba.druid.pool.GetConnectionTimeoutException: wait millis 10, active 0, maxActive 500, creating 1\r\n### Cause: org.springframework.jdbc.CannotGetJdbcConnectionException: Failed to obtain JDBC Connection; nested exception is com.alibaba.druid.pool.GetConnectionTimeoutException: wait millis 10, active 0, maxActive 500, creating 1','2019-01-22 11:23:00'),(116,NULL,'验证码','com.plusesb.controller.SysLoginController.captcha()',NULL,1473,'127.0.0.1','success','2019-01-22 11:25:08',0,'无异常','2019-01-22 11:25:08'),(117,NULL,'验证码','com.plusesb.controller.SysLoginController.captcha()',NULL,174,'127.0.0.1','success','2019-01-22 14:01:06',0,'无异常','2019-01-22 14:01:06'),(118,'admin','验证码','com.plusesb.controller.SysLoginController.captcha()',NULL,2152,'127.0.0.1','success','2019-01-22 14:29:24',0,'无异常','2019-01-22 14:29:24'),(119,NULL,'验证码','com.plusesb.controller.SysLoginController.captcha()',NULL,115,'127.0.0.1','success','2019-01-22 15:01:26',0,'无异常','2019-01-22 15:01:26'),(120,NULL,'验证码','com.plusesb.controller.SysLoginController.captcha()',NULL,110,'127.0.0.1','success','2019-01-22 15:03:55',0,'无异常','2019-01-22 15:03:55'),(121,'admin','验证码','com.plusesb.controller.SysLoginController.captcha()',NULL,125,'127.0.0.1','success','2019-01-22 15:04:40',0,'无异常','2019-01-22 15:04:40'),(122,'admin','验证码','com.plusesb.controller.SysLoginController.captcha()',NULL,127,'127.0.0.1','success','2019-01-22 15:05:18',0,'无异常','2019-01-22 15:05:18'),(123,'admin','验证码','com.plusesb.controller.SysLoginController.captcha()',NULL,162,'127.0.0.1','success','2019-01-22 15:15:56',0,'无异常','2019-01-22 15:15:56'),(124,'admin','验证码','com.plusesb.controller.SysLoginController.captcha()',NULL,150,'127.0.0.1','success','2019-01-22 15:18:02',0,'无异常','2019-01-22 15:18:02'),(125,NULL,'验证码','com.plusesb.controller.SysLoginController.captcha()',NULL,1127,'127.0.0.1','success','2019-01-22 15:48:41',0,'无异常','2019-01-22 15:48:41'),(126,NULL,'验证码','com.plusesb.controller.SysLoginController.captcha()',NULL,578,'127.0.0.1','success','2019-01-22 15:53:05',0,'无异常','2019-01-22 15:53:05'),(127,NULL,'验证码','com.plusesb.controller.SysLoginController.captcha()',NULL,114,'127.0.0.1','success','2019-01-22 15:56:01',0,'无异常','2019-01-22 15:56:01'),(128,NULL,'验证码','com.plusesb.controller.SysLoginController.captcha()',NULL,136,'127.0.0.1','success','2019-01-22 16:16:38',0,'无异常','2019-01-22 16:16:38'),(129,NULL,'验证码','com.plusesb.controller.SysLoginController.captcha()',NULL,160,'127.0.0.1','success','2019-01-22 16:22:03',0,'无异常','2019-01-22 16:22:03'),(130,NULL,'验证码','com.plusesb.controller.SysLoginController.captcha()',NULL,125,'127.0.0.1','success','2019-01-22 16:22:17',0,'无异常','2019-01-22 16:22:17'),(131,'admin','验证码','com.plusesb.controller.SysLoginController.captcha()',NULL,148,'127.0.0.1','success','2019-01-22 16:24:07',0,'无异常','2019-01-22 16:24:07'),(132,NULL,'验证码','com.plusesb.controller.SysLoginController.captcha()',NULL,183,'127.0.0.1','success','2019-01-23 18:59:38',0,'无异常','2019-01-23 18:59:38'),(133,NULL,'验证码','com.plusesb.controller.SysLoginController.captcha()',NULL,145,'127.0.0.1','success','2019-01-23 18:59:47',0,'无异常','2019-01-23 18:59:47'),(134,NULL,'验证码','com.plusesb.controller.SysLoginController.captcha()',NULL,150,'127.0.0.1','success','2019-01-23 19:01:44',0,'无异常','2019-01-23 19:01:44'),(135,'admin','验证码','com.plusesb.controller.SysLoginController.captcha()',NULL,139,'127.0.0.1','success','2019-01-23 19:21:11',0,'无异常','2019-01-23 19:21:11'),(136,NULL,'验证码','com.plusesb.controller.SysLoginController.captcha()',NULL,157,'127.0.0.1','success','2019-01-23 19:22:14',0,'无异常','2019-01-23 19:22:14');

/*Table structure for table `sys_login_log` */

DROP TABLE IF EXISTS `sys_login_log`;

CREATE TABLE `sys_login_log` (
  `id` bigint(20) NOT NULL AUTO_INCREMENT COMMENT '主键ID',
  `ip` varchar(64) DEFAULT NULL COMMENT 'ip地址',
  `username` varchar(200) DEFAULT NULL COMMENT '用户名',
  `type` varchar(20) DEFAULT NULL COMMENT '登陆状态',
  `update_time` datetime DEFAULT NULL COMMENT '更新时间',
  `optlock` int(10) DEFAULT NULL COMMENT '乐观锁',
  `create_time` datetime DEFAULT NULL COMMENT '创建时间',
  `status` varchar(20) DEFAULT NULL COMMENT '状态',
  `exception` text COMMENT '异常信息',
  PRIMARY KEY (`id`)
) ENGINE=InnoDB AUTO_INCREMENT=79 DEFAULT CHARSET=utf8mb4 COMMENT='登陆日志';

/*Data for the table `sys_login_log` */

insert  into `sys_login_log`(`id`,`ip`,`username`,`type`,`update_time`,`optlock`,`create_time`,`status`,`exception`) values (1,'127.0.0.1','admin','login','2018-12-26 08:46:43',NULL,'2018-12-26 08:46:43','success','登陆成功'),(2,'127.0.0.1','admin','logout','2018-12-26 10:30:04',NULL,'2018-12-26 10:30:04','success','退出登陆'),(3,'127.0.0.1','admin','login','2018-12-26 10:30:10',NULL,'2018-12-26 10:30:10','success','登陆成功'),(4,'127.0.0.1','admin','login','2018-12-26 11:07:14',NULL,'2018-12-26 11:07:14','success','登陆成功'),(5,'127.0.0.1','admin','login','2018-12-27 08:50:48',NULL,'2018-12-27 08:50:48','success','登陆成功'),(6,'127.0.0.1','admin','logout','2018-12-27 09:23:38',NULL,'2018-12-27 09:23:38','success','退出登陆'),(7,'127.0.0.1','admin','login','2018-12-27 09:23:46',NULL,'2018-12-27 09:23:46','success','登陆成功'),(8,'127.0.0.1','admin','logout','2018-12-27 09:37:18',NULL,'2018-12-27 09:37:18','success','退出登陆'),(9,'127.0.0.1','admin','login','2018-12-27 09:37:26',NULL,'2018-12-27 09:37:26','success','登陆成功'),(10,'127.0.0.1','admin','login','2018-12-27 09:39:09',NULL,'2018-12-27 09:39:09','success','登陆成功'),(11,'127.0.0.1','admin','login','2018-12-28 08:49:04',NULL,'2018-12-28 08:49:04','success','登陆成功'),(12,'127.0.0.1','admin','login','2018-12-27 10:51:48',NULL,'2018-12-27 10:51:48','success','登陆成功'),(13,'127.0.0.1','admin','login','2019-01-02 09:06:56',NULL,'2019-01-02 09:06:56','success','登陆成功'),(14,'127.0.0.1','admin','login','2019-01-02 11:15:21',NULL,'2019-01-02 11:15:21','error','验证码不正确'),(15,'127.0.0.1','admin','login','2019-01-02 11:15:25',NULL,'2019-01-02 11:15:25','success','登陆成功'),(16,'127.0.0.1','admin','login','2019-01-07 01:52:58',NULL,'2019-01-07 01:52:58','success','登陆成功'),(17,'127.0.0.1','admin','login','2019-01-10 10:47:10',NULL,'2019-01-10 10:47:10','success','登陆成功'),(18,'127.0.0.1','admin','login','2019-01-10 10:47:21',NULL,'2019-01-10 10:47:21','success','登陆成功'),(19,'127.0.0.1','admin','logout','2019-01-10 10:52:47',NULL,'2019-01-10 10:52:47','success','退出登陆'),(20,'127.0.0.1','admin','login','2019-01-10 10:52:54',NULL,'2019-01-10 10:52:54','success','登陆成功'),(21,'127.0.0.1','admin','login','2019-01-10 11:09:06',NULL,'2019-01-10 11:09:06','success','登陆成功'),(22,'127.0.0.1','admin','login','2019-01-10 12:41:52',NULL,'2019-01-10 12:41:52','success','登陆成功'),(23,'127.0.0.1','admin','login','2019-01-10 12:41:53',NULL,'2019-01-10 12:41:53','error','验证码不正确'),(24,'127.0.0.1','admin','logout','2019-01-10 17:05:29',NULL,'2019-01-10 17:05:29','success','退出登陆'),(25,'127.0.0.1','admin','login','2019-01-10 17:05:36',NULL,'2019-01-10 17:05:36','success','登陆成功'),(26,'127.0.0.1','admin','login','2019-01-11 09:02:02',NULL,'2019-01-11 09:02:02','success','登陆成功'),(27,'127.0.0.1','admin','login','2019-01-11 15:29:41',NULL,'2019-01-11 15:29:41','success','登陆成功'),(28,'127.0.0.1','admin','login','2019-01-11 15:31:37',NULL,'2019-01-11 15:31:37','success','登陆成功'),(29,'127.0.0.1','admin','login','2019-01-11 15:49:01',NULL,'2019-01-11 15:49:01','error','验证码不正确'),(30,'127.0.0.1','admin','login','2019-01-11 15:49:08',NULL,'2019-01-11 15:49:08','success','登陆成功'),(31,'127.0.0.1','admin','login','2019-01-14 09:06:02',NULL,'2019-01-14 09:06:02','success','登陆成功'),(32,'127.0.0.1','admin','login','2019-01-14 09:06:03',NULL,'2019-01-14 09:06:03','error','验证码不正确'),(33,'127.0.0.1','admin','login','2019-01-14 09:46:45',NULL,'2019-01-14 09:46:45','success','登陆成功'),(34,'127.0.0.1','admin','login','2019-01-14 11:26:29',NULL,'2019-01-14 11:26:29','success','登陆成功'),(35,'127.0.0.1','admin','login','2019-01-14 11:30:51',NULL,'2019-01-14 11:30:51','success','登陆成功'),(36,'127.0.0.1','admin','login','2019-01-14 11:36:26',NULL,'2019-01-14 11:36:26','success','登陆成功'),(37,'127.0.0.1','admin','login','2019-01-14 11:38:10',NULL,'2019-01-14 11:38:10','success','登陆成功'),(38,'127.0.0.1','admin','login','2019-01-14 11:38:46',NULL,'2019-01-14 11:38:46','success','登陆成功'),(39,'127.0.0.1','linyuchi','login','2019-01-14 11:39:40',NULL,'2019-01-14 11:39:40','success','登陆成功'),(40,'127.0.0.1','admin','login','2019-01-14 11:39:45',NULL,'2019-01-14 11:39:45','success','登陆成功'),(41,'127.0.0.1','linyuchi','logout','2019-01-14 11:41:24',NULL,'2019-01-14 11:41:24','success','退出登陆'),(42,'127.0.0.1','admin','login','2019-01-14 11:41:31',NULL,'2019-01-14 11:41:31','success','登陆成功'),(43,'127.0.0.1','admin','logout','2019-01-14 11:42:05',NULL,'2019-01-14 11:42:05','success','退出登陆'),(44,'127.0.0.1','linyuchi','login','2019-01-14 11:42:14',NULL,'2019-01-14 11:42:14','success','登陆成功'),(45,'127.0.0.1','admin','login','2019-01-14 11:42:51',NULL,'2019-01-14 11:42:51','success','登陆成功'),(46,'127.0.0.1','admin','logout','2019-01-14 11:46:27',NULL,'2019-01-14 11:46:27','success','退出登陆'),(47,'127.0.0.1','admin','login','2019-01-14 11:46:34',NULL,'2019-01-14 11:46:34','success','登陆成功'),(48,'127.0.0.1','linyuchi','logout','2019-01-14 14:59:23',NULL,'2019-01-14 14:59:23','success','退出登陆'),(49,'127.0.0.1','linyuchi','login','2019-01-14 14:59:32',NULL,'2019-01-14 14:59:32','success','登陆成功'),(50,'127.0.0.1','admin','login','2019-01-14 16:06:14',NULL,'2019-01-14 16:06:14','success','登陆成功'),(51,'127.0.0.1','admin','login','2019-01-14 16:07:03',NULL,'2019-01-14 16:07:03','success','登陆成功'),(52,'127.0.0.1','admin','login','2019-01-14 17:11:12',NULL,'2019-01-14 17:11:12','success','登陆成功'),(53,'127.0.0.1','admin','login','2019-01-14 17:17:56',NULL,'2019-01-14 17:17:56','success','登陆成功'),(54,'127.0.0.1','admin','login','2019-01-15 08:58:14',NULL,'2019-01-15 08:58:14','success','登陆成功'),(55,'127.0.0.1','linyuchi','login','2019-01-15 09:38:20',NULL,'2019-01-15 09:38:20','success','登陆成功'),(56,'127.0.0.1','admin','login','2019-01-15 10:31:12',NULL,'2019-01-15 10:31:12','success','登陆成功'),(57,'127.0.0.1','admin','login','2019-01-22 11:25:15',NULL,'2019-01-22 11:25:15','success','登陆成功'),(58,'127.0.0.1','admin','login','2019-01-22 14:01:14',NULL,'2019-01-22 14:01:14','success','登陆成功'),(59,'127.0.0.1','admin','login','2019-01-22 14:29:32',NULL,'2019-01-22 14:29:32','success','登陆成功'),(60,'127.0.0.1','admin','login','2019-01-22 15:01:42',NULL,'2019-01-22 15:01:42','success','登陆成功'),(61,'127.0.0.1','admin','login','2019-01-22 15:04:05',NULL,'2019-01-22 15:04:05','success','登陆成功'),(62,'127.0.0.1','admin','login','2019-01-22 15:04:46',NULL,'2019-01-22 15:04:46','success','登陆成功'),(63,'127.0.0.1','admin','logout','2019-01-22 15:05:18',NULL,'2019-01-22 15:05:18','success','退出登陆'),(64,'127.0.0.1','admin','login','2019-01-22 15:16:04',NULL,'2019-01-22 15:16:04','success','登陆成功'),(65,'127.0.0.1','admin','logout','2019-01-22 15:18:01',NULL,'2019-01-22 15:18:01','success','退出登陆'),(66,'127.0.0.1','admin','login','2019-01-22 15:18:10',NULL,'2019-01-22 15:18:10','success','登陆成功'),(67,'127.0.0.1','admin','login','2019-01-22 15:48:47',NULL,'2019-01-22 15:48:47','success','登陆成功'),(68,'127.0.0.1','admin','login','2019-01-22 15:53:13',NULL,'2019-01-22 15:53:13','success','登陆成功'),(69,'127.0.0.1','linyuchi','login','2019-01-22 15:56:00',NULL,'2019-01-22 15:56:00','error','验证码不正确'),(70,'127.0.0.1','linyuchi','login','2019-01-22 15:56:07',NULL,'2019-01-22 15:56:07','success','登陆成功'),(71,'127.0.0.1','admin','login','2019-01-22 16:17:19',NULL,'2019-01-22 16:17:19','success','登陆成功'),(72,'127.0.0.1','admin','login','2019-01-22 16:22:16',NULL,'2019-01-22 16:22:16','error','验证码不正确'),(73,'127.0.0.1','admin','login','2019-01-22 16:22:23',NULL,'2019-01-22 16:22:23','success','登陆成功'),(74,'127.0.0.1','admin','logout','2019-01-22 16:24:07',NULL,'2019-01-22 16:24:07','success','退出登陆'),(75,'127.0.0.1','admin','login','2019-01-22 16:24:14',NULL,'2019-01-22 16:24:14','success','登陆成功'),(76,'127.0.0.1','admin','login','2019-01-23 19:02:30',NULL,'2019-01-23 19:02:30','success','登陆成功'),(77,'127.0.0.1','admin','logout','2019-01-23 19:21:11',NULL,'2019-01-23 19:21:11','success','退出登陆'),(78,'127.0.0.1','admin','login','2019-01-23 19:22:09',NULL,'2019-01-23 19:22:09','success','登陆成功');

/*Table structure for table `sys_menu` */

DROP TABLE IF EXISTS `sys_menu`;

CREATE TABLE `sys_menu` (
  `id` bigint(20) NOT NULL AUTO_INCREMENT,
  `parent_id` bigint(20) DEFAULT NULL COMMENT '父菜单ID，一级菜单为0',
  `name` varchar(50) DEFAULT NULL COMMENT '菜单名称',
  `url` varchar(200) DEFAULT NULL COMMENT '菜单URL',
  `perms` varchar(500) DEFAULT NULL COMMENT '授权(多个用逗号分隔，如：user:list,user:create)',
  `type` int(11) DEFAULT NULL COMMENT '类型   0：目录   1：菜单   2：按钮',
  `icon` varchar(50) DEFAULT NULL COMMENT '菜单图标',
  `order_num` int(11) DEFAULT NULL COMMENT '排序',
  `create_time` datetime DEFAULT NULL COMMENT '创建时间',
  `update_time` datetime DEFAULT NULL COMMENT '更新时间',
  `optlock` int(10) DEFAULT '0' COMMENT '乐观锁',
  PRIMARY KEY (`id`)
) ENGINE=InnoDB AUTO_INCREMENT=71 DEFAULT CHARSET=utf8 COMMENT='菜单管理';

/*Data for the table `sys_menu` */

insert  into `sys_menu`(`id`,`parent_id`,`name`,`url`,`perms`,`type`,`icon`,`order_num`,`create_time`,`update_time`,`optlock`) values (1,0,'系统管理',NULL,NULL,0,'cog',2,NULL,'2018-12-18 15:36:13',0),(2,1,'管理员列表','system/system/user/index.html',NULL,1,'admin',1,NULL,'2018-12-26 14:23:30',0),(3,1,'角色管理','system/system/role/index.html',NULL,1,'role',2,NULL,'2018-12-26 14:22:18',0),(4,1,'菜单管理','system/system/menu/index.html',NULL,1,'list',3,NULL,'2018-12-26 14:17:47',0),(5,1,'SQL监控','system/system/sql/index.html',NULL,1,'sql',4,NULL,'2018-12-26 14:26:10',0),(6,1,'定时任务','system/system/schedule/index.html',NULL,1,'alarm',5,NULL,'2018-12-26 14:24:40',0),(7,6,'查看',NULL,'sys:schedule:list,sys:schedule:info',2,NULL,0,NULL,NULL,0),(8,6,'新增',NULL,'sys:schedule:save',2,NULL,0,NULL,NULL,0),(9,6,'修改',NULL,'sys:schedule:update',2,NULL,0,NULL,NULL,0),(10,6,'删除',NULL,'sys:schedule:delete',2,NULL,0,NULL,NULL,0),(11,6,'暂停',NULL,'sys:schedule:pause',2,NULL,0,NULL,NULL,0),(12,6,'恢复',NULL,'sys:schedule:resume',2,NULL,0,NULL,NULL,0),(13,6,'立即执行',NULL,'sys:schedule:run',2,NULL,0,NULL,NULL,0),(14,6,'日志列表',NULL,'sys:schedule:log',2,NULL,0,NULL,NULL,0),(15,2,'查看',NULL,'sys:user:list,sys:user:info',2,NULL,0,NULL,NULL,0),(16,2,'新增',NULL,'sys:user:save,sys:role:select',2,NULL,0,NULL,NULL,0),(17,2,'修改',NULL,'sys:user:update,sys:role:select',2,NULL,0,NULL,NULL,0),(18,2,'删除',NULL,'sys:user:delete',2,NULL,0,NULL,NULL,0),(19,3,'查看',NULL,'sys:role:list,sys:role:info',2,NULL,0,NULL,NULL,0),(20,3,'新增',NULL,'sys:role:save,sys:menu:list',2,NULL,0,NULL,NULL,0),(21,3,'修改',NULL,'sys:role:update,sys:menu:list',2,NULL,0,NULL,NULL,0),(22,3,'删除',NULL,'sys:role:delete',2,NULL,0,NULL,NULL,0),(23,4,'查看',NULL,'sys:menu:list,sys:menu:info',2,NULL,0,NULL,NULL,0),(24,4,'新增',NULL,'sys:menu:save,sys:menu:select',2,NULL,0,NULL,NULL,0),(25,4,'修改',NULL,'sys:menu:update,sys:menu:select',2,NULL,0,NULL,NULL,0),(26,4,'删除',NULL,'sys:menu:delete',2,NULL,0,NULL,NULL,0),(27,1,'参数管理','system/system/config/index.html','sys:config:list,sys:config:info,sys:config:save,sys:config:update,sys:config:delete',1,'config',6,NULL,'2018-12-26 14:10:10',0),(29,1,'系统日志','system/system/log/index.html','sys:log:list',1,'log',6,NULL,'2018-12-26 14:26:24',0),(30,1,'文件上传','system/system/oss/index.html','sys:oss:all',1,'oss',5,NULL,'2018-12-27 10:18:30',0),(31,0,'首页','system/home/home.html',NULL,1,'home',0,'2018-12-18 15:02:24','2018-12-18 15:07:30',0),(32,0,'图标','system/icons/index.html',NULL,1,'happy',1,'2018-12-18 15:36:04','2018-12-18 15:40:46',0),(37,1,'登陆日志','system/system/loginlog/index.html',NULL,1,'log',6,NULL,'2018-12-26 10:44:22',0),(38,37,'查看',NULL,'sys:loginlog:list,sys:loginlog:info',2,NULL,1,NULL,NULL,0),(39,37,'新增',NULL,'sys:loginlog:save',2,NULL,2,NULL,NULL,0),(40,37,'修改',NULL,'sys:loginlog:update',2,NULL,3,NULL,NULL,0),(41,37,'删除',NULL,'sys:loginlog:delete',2,NULL,4,NULL,NULL,0),(42,1,'部门表','system/system/department/index.html',NULL,1,'department',6,NULL,'2018-12-26 11:40:11',0),(43,42,'查看',NULL,'sys:dept:list,sys:dept:info',2,NULL,1,NULL,NULL,0),(44,42,'新增',NULL,'sys:dept:save',2,NULL,2,NULL,NULL,0),(45,42,'修改',NULL,'sys:dept:update',2,NULL,3,NULL,NULL,0),(46,42,'删除',NULL,'sys:dept:delete',2,NULL,4,NULL,NULL,0),(52,1,'字典管理','system/system/dictype/index.html',NULL,1,'journal',6,NULL,'2018-12-26 15:36:08',0),(53,52,'查看',NULL,'sys:dictype:list,sys:dictype:info',2,NULL,1,NULL,NULL,0),(54,52,'新增',NULL,'sys:dictype:save',2,NULL,2,NULL,NULL,0),(55,52,'修改',NULL,'sys:dictype:update',2,NULL,3,NULL,NULL,0),(56,52,'删除',NULL,'sys:dictype:delete',2,NULL,4,NULL,NULL,0),(58,0,'广告','miniapp/shop-mall/sh-advert/index.html',NULL,1,'analytics',4,'2019-01-07 02:05:39','2019-01-11 10:00:12',0),(59,0,'会员管理','miniapp/shop-mall/sh-user/index.html',NULL,1,'admin',5,'2019-01-07 02:09:44','2019-01-11 10:00:29',0),(60,0,'商品',NULL,NULL,0,'gift',6,'2019-01-07 02:18:11','2019-01-11 10:04:40',0),(61,60,'商品分类','miniapp/shop-mall/sh-goods-category/index.html',NULL,1,'k',1,'2019-01-07 02:21:18','2019-01-14 16:06:49',0),(62,60,'品牌管理','miniapp/shop-mall/sh-brand/index.html',NULL,1,NULL,2,'2019-01-10 12:28:07','2019-01-10 12:28:07',0),(64,60,'商品管理','miniapp/shop-mall/sh-goods/index.html',NULL,1,NULL,4,'2019-01-10 12:48:00','2019-01-10 12:52:01',0),(65,60,'优惠券管理','miniapp/shop-mall/sh-coupon/index.html',NULL,1,NULL,6,'2019-01-10 12:50:14','2019-01-14 16:15:38',0),(66,67,'订单列表','miniapp/shop-mall/sh-order/index.html',NULL,1,'k',1,'2019-01-10 13:18:54','2019-01-14 16:08:19',0),(67,0,'订单管理',NULL,NULL,0,'list-box',7,'2019-01-10 13:22:44','2019-01-10 13:22:44',0),(68,67,'退货列表','miniapp/shop-mall/sh-order-return/index.html',NULL,1,'k',2,'2019-01-10 13:24:09','2019-01-14 16:08:38',0),(70,60,'专题管理','miniapp/shop-mall/sh-topic/index.html',NULL,1,NULL,5,'2019-01-10 16:59:18','2019-01-10 17:01:33',0);

/*Table structure for table `sys_oss` */

DROP TABLE IF EXISTS `sys_oss`;

CREATE TABLE `sys_oss` (
  `id` bigint(20) NOT NULL AUTO_INCREMENT,
  `url` varchar(200) DEFAULT NULL COMMENT 'URL地址',
  `create_time` datetime DEFAULT NULL COMMENT '创建时间',
  `update_time` datetime DEFAULT NULL COMMENT '更新时间',
  `optlock` int(10) DEFAULT '0' COMMENT '乐观锁',
  PRIMARY KEY (`id`)
) ENGINE=InnoDB AUTO_INCREMENT=3 DEFAULT CHARSET=utf8 COMMENT='文件上传';

/*Data for the table `sys_oss` */

/*Table structure for table `sys_role` */

DROP TABLE IF EXISTS `sys_role`;

CREATE TABLE `sys_role` (
  `id` bigint(20) NOT NULL AUTO_INCREMENT,
  `role_name` varchar(100) DEFAULT NULL COMMENT '角色名称',
  `remark` varchar(100) DEFAULT NULL COMMENT '备注',
  `create_user_id` bigint(20) DEFAULT NULL COMMENT '创建者ID',
  `create_time` datetime DEFAULT NULL COMMENT '创建时间',
  `update_time` datetime DEFAULT NULL COMMENT '更新时间',
  `optlock` int(10) DEFAULT '0' COMMENT '乐观锁',
  PRIMARY KEY (`id`)
) ENGINE=InnoDB AUTO_INCREMENT=23 DEFAULT CHARSET=utf8 COMMENT='角色';

/*Data for the table `sys_role` */

insert  into `sys_role`(`id`,`role_name`,`remark`,`create_user_id`,`create_time`,`update_time`,`optlock`) values (1,'超级管理员',NULL,1,'2018-12-19 12:08:23','2019-01-14 11:41:53',0);

/*Table structure for table `sys_role_menu` */

DROP TABLE IF EXISTS `sys_role_menu`;

CREATE TABLE `sys_role_menu` (
  `id` bigint(20) NOT NULL AUTO_INCREMENT,
  `role_id` bigint(20) DEFAULT NULL COMMENT '角色ID',
  `menu_id` bigint(20) DEFAULT NULL COMMENT '菜单ID',
  `create_time` datetime DEFAULT NULL COMMENT '创建时间',
  `update_time` datetime DEFAULT NULL COMMENT '更新时间',
  `optlock` int(10) DEFAULT '0' COMMENT '乐观锁',
  PRIMARY KEY (`id`)
) ENGINE=InnoDB AUTO_INCREMENT=592 DEFAULT CHARSET=utf8 COMMENT='角色与菜单对应关系';

/*Data for the table `sys_role_menu` */

insert  into `sys_role_menu`(`id`,`role_id`,`menu_id`,`create_time`,`update_time`,`optlock`) values (267,8,NULL,'2018-12-19 13:18:17','2018-12-19 13:18:17',0),(270,8,NULL,'2018-12-19 13:18:17','2018-12-19 13:18:17',0),(274,8,NULL,'2018-12-19 13:18:17','2018-12-19 13:18:17',0),(277,8,NULL,'2018-12-19 13:18:17','2018-12-19 13:18:17',0),(281,8,NULL,'2018-12-19 13:18:17','2018-12-19 13:18:17',0),(284,8,NULL,'2018-12-19 13:18:17','2018-12-19 13:18:17',0),(288,8,NULL,'2018-12-19 13:18:17','2018-12-19 13:18:17',0),(290,8,NULL,'2018-12-19 13:18:17','2018-12-19 13:18:17',0),(294,8,NULL,'2018-12-19 13:18:17','2018-12-19 13:18:17',0),(297,8,NULL,'2018-12-19 13:18:18','2018-12-19 13:18:18',0),(301,8,NULL,'2018-12-19 13:18:18','2018-12-19 13:18:18',0),(304,8,NULL,'2018-12-19 13:18:18','2018-12-19 13:18:18',0),(307,8,NULL,'2018-12-19 13:18:18','2018-12-19 13:18:18',0),(311,8,NULL,'2018-12-19 13:18:18','2018-12-19 13:18:18',0),(314,8,NULL,'2018-12-19 13:18:18','2018-12-19 13:18:18',0),(318,8,NULL,'2018-12-19 13:18:18','2018-12-19 13:18:18',0),(320,8,NULL,'2018-12-19 13:18:18','2018-12-19 13:18:18',0),(323,8,NULL,'2018-12-19 13:18:18','2018-12-19 13:18:18',0),(326,8,NULL,'2018-12-19 13:18:18','2018-12-19 13:18:18',0),(329,8,NULL,'2018-12-19 13:18:18','2018-12-19 13:18:18',0),(333,8,NULL,'2018-12-19 13:18:18','2018-12-19 13:18:18',0),(336,8,NULL,'2018-12-19 13:18:18','2018-12-19 13:18:18',0),(340,8,NULL,'2018-12-19 13:18:18','2018-12-19 13:18:18',0),(343,8,NULL,'2018-12-19 13:18:18','2018-12-19 13:18:18',0),(346,8,NULL,'2018-12-19 13:18:18','2018-12-19 13:18:18',0),(349,8,NULL,'2018-12-19 13:18:18','2018-12-19 13:18:18',0),(352,8,NULL,'2018-12-19 13:18:18','2018-12-19 13:18:18',0),(355,8,NULL,'2018-12-19 13:18:18','2018-12-19 13:18:18',0),(358,8,NULL,'2018-12-19 13:18:18','2018-12-19 13:18:18',0),(360,8,-666666,'2018-12-19 13:18:18','2018-12-19 13:18:18',0),(441,18,NULL,'2018-12-24 14:35:31','2018-12-24 14:35:31',0),(442,18,NULL,'2018-12-24 14:35:31','2018-12-24 14:35:31',0),(443,18,NULL,'2018-12-24 14:35:31','2018-12-24 14:35:31',0),(444,18,NULL,'2018-12-24 14:35:31','2018-12-24 14:35:31',0),(445,18,NULL,'2018-12-24 14:35:31','2018-12-24 14:35:31',0),(446,18,NULL,'2018-12-24 14:35:31','2018-12-24 14:35:31',0),(447,18,NULL,'2018-12-24 14:35:31','2018-12-24 14:35:31',0),(448,18,NULL,'2018-12-24 14:35:31','2018-12-24 14:35:31',0),(449,18,NULL,'2018-12-24 14:35:31','2018-12-24 14:35:31',0),(450,18,NULL,'2018-12-24 14:35:31','2018-12-24 14:35:31',0),(451,18,NULL,'2018-12-24 14:35:31','2018-12-24 14:35:31',0),(452,18,NULL,'2018-12-24 14:35:31','2018-12-24 14:35:31',0),(453,18,NULL,'2018-12-24 14:35:31','2018-12-24 14:35:31',0),(454,18,NULL,'2018-12-24 14:35:31','2018-12-24 14:35:31',0),(455,18,NULL,'2018-12-24 14:35:31','2018-12-24 14:35:31',0),(456,18,NULL,'2018-12-24 14:35:31','2018-12-24 14:35:31',0),(457,18,NULL,'2018-12-24 14:35:31','2018-12-24 14:35:31',0),(458,18,NULL,'2018-12-24 14:35:31','2018-12-24 14:35:31',0),(459,18,NULL,'2018-12-24 14:35:31','2018-12-24 14:35:31',0),(460,18,NULL,'2018-12-24 14:35:31','2018-12-24 14:35:31',0),(461,18,NULL,'2018-12-24 14:35:31','2018-12-24 14:35:31',0),(462,18,NULL,'2018-12-24 14:35:31','2018-12-24 14:35:31',0),(463,18,NULL,'2018-12-24 14:35:31','2018-12-24 14:35:31',0),(464,18,NULL,'2018-12-24 14:35:31','2018-12-24 14:35:31',0),(465,18,NULL,'2018-12-24 14:35:31','2018-12-24 14:35:31',0),(466,18,-666666,'2018-12-24 14:35:31','2018-12-24 14:35:31',0),(467,18,NULL,'2018-12-24 14:35:31','2018-12-24 14:35:31',0),(468,19,NULL,'2018-12-24 17:28:11','2018-12-24 17:28:11',0),(469,19,NULL,'2018-12-24 17:28:11','2018-12-24 17:28:11',0),(470,19,NULL,'2018-12-24 17:28:11','2018-12-24 17:28:11',0),(471,19,NULL,'2018-12-24 17:28:11','2018-12-24 17:28:11',0),(472,19,NULL,'2018-12-24 17:28:11','2018-12-24 17:28:11',0),(473,19,NULL,'2018-12-24 17:28:11','2018-12-24 17:28:11',0),(474,19,NULL,'2018-12-24 17:28:11','2018-12-24 17:28:11',0),(475,19,NULL,'2018-12-24 17:28:11','2018-12-24 17:28:11',0),(476,19,NULL,'2018-12-24 17:28:11','2018-12-24 17:28:11',0),(477,19,NULL,'2018-12-24 17:28:11','2018-12-24 17:28:11',0),(478,19,NULL,'2018-12-24 17:28:11','2018-12-24 17:28:11',0),(479,19,NULL,'2018-12-24 17:28:11','2018-12-24 17:28:11',0),(480,19,NULL,'2018-12-24 17:28:11','2018-12-24 17:28:11',0),(481,19,NULL,'2018-12-24 17:28:11','2018-12-24 17:28:11',0),(482,19,NULL,'2018-12-24 17:28:11','2018-12-24 17:28:11',0),(483,19,NULL,'2018-12-24 17:28:11','2018-12-24 17:28:11',0),(484,19,NULL,'2018-12-24 17:28:11','2018-12-24 17:28:11',0),(485,19,NULL,'2018-12-24 17:28:11','2018-12-24 17:28:11',0),(486,19,NULL,'2018-12-24 17:28:11','2018-12-24 17:28:11',0),(487,19,NULL,'2018-12-24 17:28:11','2018-12-24 17:28:11',0),(488,19,NULL,'2018-12-24 17:28:11','2018-12-24 17:28:11',0),(489,19,NULL,'2018-12-24 17:28:11','2018-12-24 17:28:11',0),(490,19,NULL,'2018-12-24 17:28:11','2018-12-24 17:28:11',0),(491,19,NULL,'2018-12-24 17:28:11','2018-12-24 17:28:11',0),(492,19,NULL,'2018-12-24 17:28:11','2018-12-24 17:28:11',0),(493,19,NULL,'2018-12-24 17:28:11','2018-12-24 17:28:11',0),(494,19,NULL,'2018-12-24 17:28:11','2018-12-24 17:28:11',0),(495,19,NULL,'2018-12-24 17:28:11','2018-12-24 17:28:11',0),(496,19,NULL,'2018-12-24 17:28:11','2018-12-24 17:28:11',0),(497,19,NULL,'2018-12-24 17:28:11','2018-12-24 17:28:11',0),(498,19,NULL,'2018-12-24 17:28:11','2018-12-24 17:28:11',0),(499,19,-666666,'2018-12-24 17:28:11','2018-12-24 17:28:11',0),(500,20,31,'2018-12-25 10:32:28','2018-12-25 10:32:28',0),(501,20,32,'2018-12-25 10:32:28','2018-12-25 10:32:28',0),(502,21,1,'2018-12-25 10:45:23','2018-12-25 10:45:23',0),(503,21,2,'2018-12-25 10:45:23','2018-12-25 10:45:23',0),(504,21,15,'2018-12-25 10:45:23','2018-12-25 10:45:23',0),(505,21,16,'2018-12-25 10:45:23','2018-12-25 10:45:23',0),(506,21,17,'2018-12-25 10:45:23','2018-12-25 10:45:23',0),(507,21,18,'2018-12-25 10:45:24','2018-12-25 10:45:24',0),(508,21,3,'2018-12-25 10:45:24','2018-12-25 10:45:24',0),(509,21,19,'2018-12-25 10:45:24','2018-12-25 10:45:24',0),(510,21,20,'2018-12-25 10:45:24','2018-12-25 10:45:24',0),(511,21,21,'2018-12-25 10:45:24','2018-12-25 10:45:24',0),(512,21,22,'2018-12-25 10:45:24','2018-12-25 10:45:24',0),(513,21,4,'2018-12-25 10:45:24','2018-12-25 10:45:24',0),(514,21,23,'2018-12-25 10:45:24','2018-12-25 10:45:24',0),(515,21,24,'2018-12-25 10:45:24','2018-12-25 10:45:24',0),(516,21,25,'2018-12-25 10:45:24','2018-12-25 10:45:24',0),(517,21,26,'2018-12-25 10:45:24','2018-12-25 10:45:24',0),(518,21,5,'2018-12-25 10:45:24','2018-12-25 10:45:24',0),(519,21,6,'2018-12-25 10:45:24','2018-12-25 10:45:24',0),(520,21,7,'2018-12-25 10:45:24','2018-12-25 10:45:24',0),(521,21,8,'2018-12-25 10:45:24','2018-12-25 10:45:24',0),(522,21,9,'2018-12-25 10:45:24','2018-12-25 10:45:24',0),(523,21,10,'2018-12-25 10:45:24','2018-12-25 10:45:24',0),(524,21,11,'2018-12-25 10:45:24','2018-12-25 10:45:24',0),(525,21,12,'2018-12-25 10:45:24','2018-12-25 10:45:24',0),(526,21,13,'2018-12-25 10:45:24','2018-12-25 10:45:24',0),(527,21,14,'2018-12-25 10:45:24','2018-12-25 10:45:24',0),(528,21,27,'2018-12-25 10:45:24','2018-12-25 10:45:24',0),(529,21,29,'2018-12-25 10:45:24','2018-12-25 10:45:24',0),(530,21,30,'2018-12-25 10:45:24','2018-12-25 10:45:24',0),(531,21,31,'2018-12-25 10:45:24','2018-12-25 10:45:24',0),(532,21,32,'2018-12-25 10:45:24','2018-12-25 10:45:24',0),(533,22,31,'2018-12-25 10:47:55','2018-12-25 10:47:55',0),(534,22,32,'2018-12-25 10:47:55','2018-12-25 10:47:55',0),(535,1,1,'2019-01-14 11:41:53','2019-01-14 11:41:53',0),(536,1,2,'2019-01-14 11:41:53','2019-01-14 11:41:53',0),(537,1,15,'2019-01-14 11:41:53','2019-01-14 11:41:53',0),(538,1,16,'2019-01-14 11:41:54','2019-01-14 11:41:54',0),(539,1,17,'2019-01-14 11:41:54','2019-01-14 11:41:54',0),(540,1,18,'2019-01-14 11:41:54','2019-01-14 11:41:54',0),(541,1,3,'2019-01-14 11:41:54','2019-01-14 11:41:54',0),(542,1,19,'2019-01-14 11:41:54','2019-01-14 11:41:54',0),(543,1,20,'2019-01-14 11:41:54','2019-01-14 11:41:54',0),(544,1,21,'2019-01-14 11:41:54','2019-01-14 11:41:54',0),(545,1,22,'2019-01-14 11:41:54','2019-01-14 11:41:54',0),(546,1,4,'2019-01-14 11:41:54','2019-01-14 11:41:54',0),(547,1,23,'2019-01-14 11:41:54','2019-01-14 11:41:54',0),(548,1,24,'2019-01-14 11:41:54','2019-01-14 11:41:54',0),(549,1,25,'2019-01-14 11:41:54','2019-01-14 11:41:54',0),(550,1,26,'2019-01-14 11:41:54','2019-01-14 11:41:54',0),(551,1,5,'2019-01-14 11:41:55','2019-01-14 11:41:55',0),(552,1,6,'2019-01-14 11:41:55','2019-01-14 11:41:55',0),(553,1,7,'2019-01-14 11:41:55','2019-01-14 11:41:55',0),(554,1,8,'2019-01-14 11:41:55','2019-01-14 11:41:55',0),(555,1,9,'2019-01-14 11:41:55','2019-01-14 11:41:55',0),(556,1,10,'2019-01-14 11:41:55','2019-01-14 11:41:55',0),(557,1,11,'2019-01-14 11:41:55','2019-01-14 11:41:55',0),(558,1,12,'2019-01-14 11:41:55','2019-01-14 11:41:55',0),(559,1,13,'2019-01-14 11:41:55','2019-01-14 11:41:55',0),(560,1,14,'2019-01-14 11:41:55','2019-01-14 11:41:55',0),(561,1,27,'2019-01-14 11:41:55','2019-01-14 11:41:55',0),(562,1,29,'2019-01-14 11:41:55','2019-01-14 11:41:55',0),(563,1,30,'2019-01-14 11:41:55','2019-01-14 11:41:55',0),(564,1,37,'2019-01-14 11:41:56','2019-01-14 11:41:56',0),(565,1,38,'2019-01-14 11:41:56','2019-01-14 11:41:56',0),(566,1,39,'2019-01-14 11:41:56','2019-01-14 11:41:56',0),(567,1,40,'2019-01-14 11:41:56','2019-01-14 11:41:56',0),(568,1,41,'2019-01-14 11:41:56','2019-01-14 11:41:56',0),(569,1,42,'2019-01-14 11:41:56','2019-01-14 11:41:56',0),(570,1,43,'2019-01-14 11:41:56','2019-01-14 11:41:56',0),(571,1,44,'2019-01-14 11:41:56','2019-01-14 11:41:56',0),(572,1,45,'2019-01-14 11:41:56','2019-01-14 11:41:56',0),(573,1,46,'2019-01-14 11:41:56','2019-01-14 11:41:56',0),(574,1,52,'2019-01-14 11:41:56','2019-01-14 11:41:56',0),(575,1,53,'2019-01-14 11:41:56','2019-01-14 11:41:56',0),(576,1,54,'2019-01-14 11:41:57','2019-01-14 11:41:57',0),(577,1,55,'2019-01-14 11:41:57','2019-01-14 11:41:57',0),(578,1,56,'2019-01-14 11:41:57','2019-01-14 11:41:57',0),(579,1,31,'2019-01-14 11:41:57','2019-01-14 11:41:57',0),(580,1,32,'2019-01-14 11:41:57','2019-01-14 11:41:57',0),(581,1,58,'2019-01-14 11:41:57','2019-01-14 11:41:57',0),(582,1,59,'2019-01-14 11:41:57','2019-01-14 11:41:57',0),(583,1,60,'2019-01-14 11:41:57','2019-01-14 11:41:57',0),(584,1,61,'2019-01-14 11:41:57','2019-01-14 11:41:57',0),(585,1,62,'2019-01-14 11:41:57','2019-01-14 11:41:57',0),(586,1,64,'2019-01-14 11:41:57','2019-01-14 11:41:57',0),(587,1,65,'2019-01-14 11:41:57','2019-01-14 11:41:57',0),(588,1,70,'2019-01-14 11:41:57','2019-01-14 11:41:57',0),(589,1,67,'2019-01-14 11:41:58','2019-01-14 11:41:58',0),(590,1,66,'2019-01-14 11:41:58','2019-01-14 11:41:58',0),(591,1,68,'2019-01-14 11:41:58','2019-01-14 11:41:58',0);

/*Table structure for table `sys_schedule` */

DROP TABLE IF EXISTS `sys_schedule`;

CREATE TABLE `sys_schedule` (
  `id` bigint(20) NOT NULL AUTO_INCREMENT COMMENT '任务id',
  `bean_name` varchar(200) DEFAULT NULL COMMENT 'spring bean名称',
  `method_name` varchar(100) DEFAULT NULL COMMENT '方法名',
  `params` varchar(2000) DEFAULT NULL COMMENT '参数',
  `cron_expression` varchar(100) DEFAULT NULL COMMENT 'cron表达式',
  `status` tinyint(4) DEFAULT NULL COMMENT '任务状态  0：正常  1：暂停',
  `remark` varchar(255) DEFAULT NULL COMMENT '备注',
  `create_time` datetime DEFAULT NULL COMMENT '创建时间',
  `update_time` datetime DEFAULT NULL COMMENT '更新时间',
  `optlock` int(10) DEFAULT '0' COMMENT '乐观锁',
  PRIMARY KEY (`id`)
) ENGINE=InnoDB AUTO_INCREMENT=8 DEFAULT CHARSET=utf8 COMMENT='定时任务';

/*Data for the table `sys_schedule` */

insert  into `sys_schedule`(`id`,`bean_name`,`method_name`,`params`,`cron_expression`,`status`,`remark`,`create_time`,`update_time`,`optlock`) values (5,'test','twst',NULL,'0 0 12 * * ?',0,NULL,'2018-12-19 14:25:29','2018-12-19 14:25:29',0);

/*Table structure for table `sys_schedule_log` */

DROP TABLE IF EXISTS `sys_schedule_log`;

CREATE TABLE `sys_schedule_log` (
  `id` bigint(20) NOT NULL AUTO_INCREMENT COMMENT '任务日志id',
  `job_id` bigint(20) NOT NULL COMMENT '任务id',
  `bean_name` varchar(200) DEFAULT NULL COMMENT 'spring bean名称',
  `method_name` varchar(100) DEFAULT NULL COMMENT '方法名',
  `params` varchar(2000) DEFAULT NULL COMMENT '参数',
  `status` tinyint(4) NOT NULL COMMENT '任务状态    0：成功    1：失败',
  `error` varchar(2000) DEFAULT NULL COMMENT '失败信息',
  `times` int(11) NOT NULL COMMENT '耗时(单位：毫秒)',
  `create_time` datetime DEFAULT NULL COMMENT '创建时间',
  `update_time` datetime DEFAULT NULL COMMENT '更新时间',
  `optlock` int(10) DEFAULT '0' COMMENT '乐观锁',
  PRIMARY KEY (`id`),
  KEY `job_id` (`job_id`)
) ENGINE=InnoDB AUTO_INCREMENT=32 DEFAULT CHARSET=utf8 COMMENT='定时任务日志';

/*Data for the table `sys_schedule_log` */

insert  into `sys_schedule_log`(`id`,`job_id`,`bean_name`,`method_name`,`params`,`status`,`error`,`times`,`create_time`,`update_time`,`optlock`) values (1,1,'testTask','test','renren',1,'org.springframework.beans.factory.NoSuchBeanDefinitionException: No bean named \'testTask\' available',3,'2018-12-17 11:00:00','2018-12-17 11:00:00',0),(2,1,'testTask','test','renren',1,'org.springframework.beans.factory.NoSuchBeanDefinitionException: No bean named \'testTask\' available',4,'2018-12-17 12:30:00','2018-12-17 12:30:00',0),(3,1,'testTask','test','renren',1,'org.springframework.beans.factory.NoSuchBeanDefinitionException: No bean named \'testTask\' available',2,'2018-12-17 14:30:00','2018-12-17 14:30:00',0),(4,1,'testTask','test','renren',1,'org.springframework.beans.factory.NoSuchBeanDefinitionException: No bean named \'testTask\' available',4,'2018-12-17 15:00:00','2018-12-17 15:00:00',0),(5,1,'testTask','test','renren',1,'org.springframework.beans.factory.NoSuchBeanDefinitionException: No bean named \'testTask\' available',4,'2018-12-17 15:30:00','2018-12-17 15:30:00',0),(6,1,'testTask','test','renren',1,'org.springframework.beans.factory.NoSuchBeanDefinitionException: No bean named \'testTask\' available',1,'2018-12-17 16:00:00','2018-12-17 16:00:00',0),(7,7,'0 0 12 * * ?1111','0 0 12 * * ?',NULL,1,'org.springframework.beans.factory.NoSuchBeanDefinitionException: No bean named \'0 0 12 * * ?1111\' available',3,'2018-12-19 14:29:26','2018-12-19 14:29:26',0),(8,5,'test','twst',NULL,1,'org.springframework.beans.factory.NoSuchBeanDefinitionException: No bean named \'test\' available',0,'2018-12-19 14:29:34','2018-12-19 14:29:34',0),(9,5,'test','twst',NULL,1,'org.springframework.beans.factory.NoSuchBeanDefinitionException: No bean named \'test\' available',18,'2018-12-19 15:21:37','2018-12-19 15:21:37',0),(10,5,'test','twst',NULL,1,'org.springframework.beans.factory.NoSuchBeanDefinitionException: No bean named \'test\' available',1,'2018-12-21 12:00:00','2018-12-21 12:00:00',0),(11,5,'test','twst',NULL,1,'org.springframework.beans.factory.NoSuchBeanDefinitionException: No bean named \'test\' available',0,'2018-12-22 12:00:00','2018-12-22 12:00:00',0),(12,5,'test','twst',NULL,1,'org.springframework.beans.factory.NoSuchBeanDefinitionException: No bean named \'test\' available',0,'2018-12-23 12:00:00','2018-12-23 12:00:00',0),(13,5,'test','twst',NULL,1,'org.springframework.beans.factory.NoSuchBeanDefinitionException: No bean named \'test\' available',0,'2018-12-24 12:00:00','2018-12-24 12:00:00',0),(14,5,'test','twst',NULL,1,'org.springframework.beans.factory.NoSuchBeanDefinitionException: No bean named \'test\' available',4,'2018-12-25 12:00:00','2018-12-25 12:00:00',0),(15,5,'test','twst',NULL,1,'org.springframework.beans.factory.NoSuchBeanDefinitionException: No bean named \'test\' available',2,'2018-12-26 12:00:00','2018-12-26 12:00:00',0),(16,5,'test','twst',NULL,1,'org.springframework.beans.factory.NoSuchBeanDefinitionException: No bean named \'test\' available',1,'2018-12-27 12:00:00','2018-12-27 12:00:00',0),(17,5,'test','twst',NULL,1,'org.springframework.beans.factory.NoSuchBeanDefinitionException: No bean named \'test\' available',4,'2018-12-28 12:00:00','2018-12-28 12:00:00',0),(18,5,'test','twst',NULL,1,'org.springframework.beans.factory.NoSuchBeanDefinitionException: No bean named \'test\' available',1,'2018-12-29 12:00:00','2018-12-29 12:00:00',0),(19,5,'test','twst',NULL,1,'org.springframework.beans.factory.NoSuchBeanDefinitionException: No bean named \'test\' available',0,'2018-12-30 12:00:00','2018-12-30 12:00:00',0),(20,5,'test','twst',NULL,1,'org.springframework.beans.factory.NoSuchBeanDefinitionException: No bean named \'test\' available',2,'2018-12-31 12:00:00','2018-12-31 12:00:00',0),(21,5,'test','twst',NULL,1,'org.springframework.beans.factory.NoSuchBeanDefinitionException: No bean named \'test\' available',0,'2019-01-01 12:00:00','2019-01-01 12:00:00',0),(22,5,'test','twst',NULL,1,'org.springframework.beans.factory.NoSuchBeanDefinitionException: No bean named \'test\' available',1,'2019-01-02 12:00:00','2019-01-02 12:00:00',0),(23,5,'test','twst',NULL,1,'org.springframework.beans.factory.NoSuchBeanDefinitionException: No bean named \'test\' available',4,'2019-01-10 12:00:02','2019-01-10 12:00:02',0),(24,5,'test','twst',NULL,1,'org.springframework.beans.factory.NoSuchBeanDefinitionException: No bean named \'test\' available',1,'2019-01-11 12:00:00','2019-01-11 12:00:00',0),(25,5,'test','twst',NULL,1,'org.springframework.beans.factory.NoSuchBeanDefinitionException: No bean named \'test\' available',5,'2019-01-14 12:00:00','2019-01-14 12:00:00',0),(26,5,'test','twst',NULL,1,'org.springframework.beans.factory.NoSuchBeanDefinitionException: No bean named \'test\' available',4,'2019-01-15 12:00:02','2019-01-15 12:00:02',0),(27,5,'test','twst',NULL,1,'org.springframework.beans.factory.NoSuchBeanDefinitionException: No bean named \'test\' available',4,'2019-01-16 12:00:02','2019-01-16 12:00:02',0),(28,5,'test','twst',NULL,1,'org.springframework.beans.factory.NoSuchBeanDefinitionException: No bean named \'test\' available',2,'2019-01-17 12:00:02','2019-01-17 12:00:02',0),(29,5,'test','twst',NULL,1,'org.springframework.beans.factory.NoSuchBeanDefinitionException: No bean named \'test\' available',3,'2019-01-21 12:00:00','2019-01-21 12:00:00',0),(30,5,'test','twst',NULL,1,'org.springframework.beans.factory.NoSuchBeanDefinitionException: No bean named \'test\' available',9,'2019-01-22 12:00:02','2019-01-22 12:00:02',0),(31,5,'test','twst',NULL,1,'org.springframework.beans.factory.NoSuchBeanDefinitionException: No bean named \'test\' available',1,'2019-01-24 12:00:02','2019-01-24 12:00:02',0);

/*Table structure for table `sys_user` */

DROP TABLE IF EXISTS `sys_user`;

CREATE TABLE `sys_user` (
  `id` bigint(20) NOT NULL AUTO_INCREMENT,
  `username` varchar(50) NOT NULL COMMENT '用户名',
  `password` varchar(100) DEFAULT NULL COMMENT '密码',
  `salt` varchar(20) DEFAULT NULL COMMENT '盐',
  `email` varchar(100) DEFAULT NULL COMMENT '邮箱',
  `mobile` varchar(100) DEFAULT NULL COMMENT '手机号',
  `status` tinyint(4) DEFAULT NULL COMMENT '状态  0：禁用   1：正常',
  `create_user_id` bigint(20) DEFAULT NULL COMMENT '创建者ID',
  `create_time` datetime DEFAULT NULL COMMENT '创建时间',
  `update_time` datetime DEFAULT NULL COMMENT '更新时间',
  `optlock` int(10) DEFAULT '0' COMMENT '乐观锁',
  PRIMARY KEY (`id`),
  UNIQUE KEY `username` (`username`)
) ENGINE=InnoDB AUTO_INCREMENT=13 DEFAULT CHARSET=utf8 COMMENT='系统用户';

/*Data for the table `sys_user` */

insert  into `sys_user`(`id`,`username`,`password`,`salt`,`email`,`mobile`,`status`,`create_user_id`,`create_time`,`update_time`,`optlock`) values (1,'admin','9ec9750e709431dad22365cabc5c625482e574c74adaebba7dd02f1129e4ce1d','YzcmCZNvbXocrsz9dm8e','root@renren.io','13612345678',1,1,NULL,NULL,0),(9,'feng','01ffcf27a63df2a7560f7e12437010c94afdd54b7943a59ba0a9c79d41f8b48f','otLgISGmC957yjrijqbs','123@qq.com','15280625716',1,1,'2018-12-25 10:48:36','2018-12-25 10:48:36',0),(11,'feng123','d76127198461bf018486e62704ffd385e8db8fb941707216e1e4a75479bfbf29','YmOzS79d9AgcKTevNjqp','123@qq.com','15280625716',1,1,'2018-12-27 10:52:52','2018-12-27 11:04:08',0),(12,'linyuchi','668225b7442db33852795a46eb5b56b4898fb3d7d8772d119e0ff4eb0e318e53','tSc8VwblrCttBePrhWdZ','xunli-03@163.com','18659243705',1,1,'2019-01-14 11:39:19','2019-01-14 11:39:19',0);

/*Table structure for table `sys_user_role` */

DROP TABLE IF EXISTS `sys_user_role`;

CREATE TABLE `sys_user_role` (
  `id` bigint(20) NOT NULL AUTO_INCREMENT,
  `user_id` bigint(20) DEFAULT NULL COMMENT '用户ID',
  `role_id` bigint(20) DEFAULT NULL COMMENT '角色ID',
  `create_time` datetime DEFAULT NULL COMMENT '创建时间',
  `update_time` datetime DEFAULT NULL COMMENT '更新时间',
  `optlock` int(10) DEFAULT '0' COMMENT '乐观锁',
  PRIMARY KEY (`id`)
) ENGINE=InnoDB AUTO_INCREMENT=7 DEFAULT CHARSET=utf8 COMMENT='用户与角色对应关系';

/*Data for the table `sys_user_role` */

insert  into `sys_user_role`(`id`,`user_id`,`role_id`,`create_time`,`update_time`,`optlock`) values (1,8,18,'2018-12-24 14:37:14','2018-12-24 14:37:14',0),(2,9,22,'2018-12-25 10:48:36','2018-12-25 10:48:36',0),(5,11,1,'2018-12-27 11:04:09','2018-12-27 11:04:09',0),(6,12,1,'2019-01-14 11:39:19','2019-01-14 11:39:19',0);

/*Table structure for table `sys_user_token` */

DROP TABLE IF EXISTS `sys_user_token`;

CREATE TABLE `sys_user_token` (
  `id` bigint(20) NOT NULL AUTO_INCREMENT,
  `user_id` bigint(20) DEFAULT NULL COMMENT '用户ID',
  `token` varchar(100) NOT NULL COMMENT 'token',
  `expire_time` datetime DEFAULT NULL COMMENT '过期时间',
  `update_time` datetime DEFAULT NULL COMMENT '更新时间',
  `create_time` datetime DEFAULT NULL COMMENT '创建时间',
  `optlock` bigint(20) DEFAULT '0',
  PRIMARY KEY (`id`),
  UNIQUE KEY `token` (`token`)
) ENGINE=InnoDB AUTO_INCREMENT=6 DEFAULT CHARSET=utf8 COMMENT='系统用户Token';

/*Data for the table `sys_user_token` */

insert  into `sys_user_token`(`id`,`user_id`,`token`,`expire_time`,`update_time`,`create_time`,`optlock`) values (1,1,'c05ae35191ec3764ef6add5263cf8404','2019-01-24 07:22:09','2019-01-23 19:22:09','2018-12-17 14:59:12',0),(2,2,'060ccd36c5da20fa567c16bbc68f22c1','2018-12-19 05:03:24','2018-12-18 17:04:20','2018-12-18 17:03:24',0),(3,8,'58b48511551454ddc7cbf8b3c407299f','2018-12-25 02:37:32','2018-12-24 14:37:59','2018-12-24 14:37:32',0),(4,9,'9080947eb497726cf1b836c1cb39f08f','2018-12-25 22:48:51','2018-12-25 10:50:08','2018-12-25 10:48:51',0),(5,12,'cd13eafea22e2ca65af225fc635558cd','2019-01-23 03:56:07','2019-01-22 15:56:07','2019-01-14 11:39:40',0);

/*!40101 SET SQL_MODE=@OLD_SQL_MODE */;
/*!40014 SET UNIQUE_CHECKS=@OLD_UNIQUE_CHECKS */;
/*!40111 SET SQL_NOTES=@OLD_SQL_NOTES */;
